"事故類型及型態子類別名稱","發生年度","發生月份","發生日期","發生時間","天候名稱","光線名稱","速限.第1當事者","道路型態子類別名稱","事故位置子類別名稱","路面狀況.路面鋪裝名稱","路面狀況.路面狀態名稱","道路障礙.視距品質名稱","號誌.號誌動作名稱","車道劃分設施.分向設施大類別名稱","車道劃分設施.分道設施.快慢車道間名稱","車道劃分設施.分道設施.路面邊線名稱","當事者事故發生時年齡","行動電話或電腦或其他相類功能裝置名稱","經度","緯度","縣市","鄉鎮"
"其他","2020",1,17,0,"晴","夜間(或隧道、地下道、涵洞)有照明",50,"直路","一般車道(未劃分快慢車道)","柏油","乾燥","良好","無號誌","行車分向線","未繪設快慢車道分隔線","有",21,"不明",120.404245,23.726492,"雲林縣","虎尾鎮"
"側撞","2020",1,17,6,"晴","晨或暮光",50,"直路","一般車道(未劃分快慢車道)","柏油","乾燥","良好","無號誌","雙向禁止超車線","未繪設快慢車道分隔線","有",47,"不明",120.568867,23.767712,"雲林縣","莿桐鄉"
"側撞","2020",1,17,6,"晴","晨或暮光",50,"直路","一般車道(未劃分快慢車道)","柏油","乾燥","良好","無號誌","雙向禁止超車線","未繪設快慢車道分隔線","有",26,"不明",120.568867,23.767712,"雲林縣","莿桐鄉"
"路口交岔撞","2020",1,17,8,"晴","日間自然光線",50,"四岔路","交叉路口內","柏油","乾燥","良好","正常","雙向禁止超車線","未繪設快慢車道分隔線","有",62,"未使用",120.423694,23.699277,"雲林縣","虎尾鎮"
"路口交岔撞","2020",1,17,8,"晴","日間自然光線",50,"四岔路","交叉路口內","柏油","乾燥","良好","正常","雙向禁止超車線","未繪設快慢車道分隔線","有",63,"未使用",120.423694,23.699277,"雲林縣","虎尾鎮"
"其他","2020",1,17,9,"陰","日間自然光線",30,"直路","一般車道(未劃分快慢車道)","柏油","濕潤","良好","無號誌","無","未繪設快慢車道分隔線","無",29,"未使用",121.527472,25.013183,"臺北市","中正區"
"側撞","2020",1,17,11,"雨","日間自然光線",40,"三岔路","交叉路口內","柏油","濕潤","良好","正常","雙向禁止超車線","未繪設快慢車道分隔線","有",33,"未使用",121.622037,25.004816,"新北市","深坑區"
"側撞","2020",1,17,11,"雨","日間自然光線",40,"三岔路","交叉路口內","柏油","濕潤","良好","正常","雙向禁止超車線","未繪設快慢車道分隔線","有",32,"未使用",121.622037,25.004816,"新北市","深坑區"
"路口交岔撞","2020",1,17,12,"陰","日間自然光線",30,"四岔路","交叉路口內","柏油","濕潤","良好","無號誌","無","未繪設快慢車道分隔線","有",42,"未使用",121.42853,24.969319,"新北市","土城區"
"路口交岔撞","2020",1,17,12,"陰","日間自然光線",30,"四岔路","交叉路口內","柏油","濕潤","良好","無號誌","無","未繪設快慢車道分隔線","有",57,"未使用",121.42853,24.969319,"新北市","土城區"
"其他","2020",1,17,15,"晴","日間自然光線",30,"三岔路","交叉路口內","柏油","乾燥","良好","無號誌","無","未繪設快慢車道分隔線","無",70,"未使用",120.73097,24.23753,"臺中市","豐原區"
"其他","2020",1,17,15,"晴","日間自然光線",30,"三岔路","交叉路口內","柏油","乾燥","良好","無號誌","無","未繪設快慢車道分隔線","無",59,"未使用",120.73097,24.23753,"臺中市","豐原區"
"穿越道路中","2020",1,17,17,"晴","日間自然光線",60,"四岔路","一般車道(未劃分快慢車道)","柏油","乾燥","良好","無號誌","無","未繪設快慢車道分隔線","有",29,"未使用",120.688073,23.991751,"南投縣","草屯鎮"
"穿越道路中","2020",1,17,17,"晴","日間自然光線",60,"四岔路","一般車道(未劃分快慢車道)","柏油","乾燥","良好","無號誌","無","未繪設快慢車道分隔線","有",74,"非汽(機)車駕駛人",120.688073,23.991751,"南投縣","草屯鎮"
"路口交岔撞","2020",1,17,20,"晴","夜間(或隧道、地下道、涵洞)有照明",50,"四岔路","交叉路口內","柏油","乾燥","良好","無號誌","無","未繪設快慢車道分隔線","有",59,"不明",120.447399,23.731014,"雲林縣","虎尾鎮"
"路口交岔撞","2020",1,17,20,"晴","夜間(或隧道、地下道、涵洞)有照明",50,"四岔路","交叉路口內","柏油","乾燥","良好","無號誌","無","未繪設快慢車道分隔線","有",35,"未使用",120.447399,23.731014,"雲林縣","虎尾鎮"
"撞路樹、電桿","2020",1,17,22,"晴","夜間(或隧道、地下道、涵洞)有照明",50,"直路","路肩、路緣","柏油","乾燥","良好","無號誌","行車分向線","未繪設快慢車道分隔線","有",53,"未使用",120.30307,23.280175,"臺南市","柳營區"
"同向通行中","2020",1,18,8,"晴","日間自然光線",50,"直路","快車道","柏油","乾燥","良好","無號誌","行車分向線","快慢車道分隔線","有",43,"未使用",120.182708,23.234414,"臺南市","學甲區"
"同向通行中","2020",1,18,8,"晴","日間自然光線",50,"直路","快車道","柏油","乾燥","良好","無號誌","行車分向線","快慢車道分隔線","有",85,"非汽(機)車駕駛人",120.182708,23.234414,"臺南市","學甲區"
"其他","2020",1,18,11,"晴","日間自然光線",60,"三岔路","交叉路口內","柏油","乾燥","良好","無號誌","無","未繪設快慢車道分隔線","無",91,"未使用",120.49318,24.170913,"彰化縣","伸港鄉"
"其他","2020",1,18,11,"晴","日間自然光線",60,"三岔路","交叉路口內","柏油","乾燥","良好","無號誌","無","未繪設快慢車道分隔線","無",44,"未使用",120.49318,24.170913,"彰化縣","伸港鄉"
"其他","2020",1,18,15,"晴","日間自然光線",40,"彎曲路及附近","一般車道(未劃分快慢車道)","柏油","乾燥","不良","無號誌","行車分向線","未繪設快慢車道分隔線","有",18,"未使用",120.433113,22.723888,"高雄市","大樹區"
"其他","2020",1,18,15,"晴","日間自然光線",40,"彎曲路及附近","一般車道(未劃分快慢車道)","柏油","乾燥","不良","無號誌","行車分向線","未繪設快慢車道分隔線","有",39,"未使用",120.433113,22.723888,"高雄市","大樹區"
"路上翻車、摔倒","2020",1,18,16,"晴","日間自然光線",110,"直路","快車道","柏油","乾燥","良好","無號誌","中央分向島","未繪設快慢車道分隔線","有",76,"非汽(機)車駕駛人",120.334184,23.137403,"臺南市","善化區"
"路上翻車、摔倒","2020",1,18,16,"晴","日間自然光線",110,"直路","快車道","柏油","乾燥","良好","無號誌","中央分向島","未繪設快慢車道分隔線","有",71,"未使用",120.334184,23.137403,"臺南市","善化區"
"路口交岔撞","2020",1,18,17,"晴","日間自然光線",50,"四岔路","交叉路口內","柏油","乾燥","良好","無號誌","無","未繪設快慢車道分隔線","有",61,"不明",121.484853,25.082933,"新北市","三重區"
"路口交岔撞","2020",1,18,17,"晴","日間自然光線",50,"四岔路","交叉路口內","柏油","乾燥","良好","無號誌","無","未繪設快慢車道分隔線","有",65,"未使用",121.484853,25.082933,"新北市","三重區"
"路口交岔撞","2020",1,18,17,"晴","日間自然光線",50,"四岔路","交叉路口內","柏油","乾燥","良好","無號誌","無","未繪設快慢車道分隔線","有",32,"未使用",121.484853,25.082933,"新北市","三重區"
"對撞","2020",1,18,19,"晴","夜間(或隧道、地下道、涵洞)有照明",50,"直路","慢車道","柏油","乾燥","良好","無號誌","行車分向線","快慢車道分隔線","無",46,"未使用",120.435069,23.45473,"嘉義市","西區"
"對撞","2020",1,18,19,"晴","夜間(或隧道、地下道、涵洞)有照明",50,"直路","慢車道","柏油","乾燥","良好","無號誌","行車分向線","快慢車道分隔線","無",49,"未使用",120.435069,23.45473,"嘉義市","西區"
"路口交岔撞","2020",1,18,21,"陰","夜間(或隧道、地下道、涵洞)有照明",60,"四岔路","交叉路口內","柏油","乾燥","良好","無號誌","雙向禁止超車線","快慢車道分隔線","有",19,"不明",121.675614,24.676789,"宜蘭縣","三星鄉"
"路口交岔撞","2020",1,18,21,"陰","夜間(或隧道、地下道、涵洞)有照明",60,"四岔路","交叉路口內","柏油","乾燥","良好","無號誌","雙向禁止超車線","快慢車道分隔線","有",19,"不明",121.675614,24.676789,"宜蘭縣","三星鄉"
"路口交岔撞","2020",1,18,21,"陰","夜間(或隧道、地下道、涵洞)有照明",60,"四岔路","交叉路口內","柏油","乾燥","良好","無號誌","雙向禁止超車線","快慢車道分隔線","有",65,"未使用",121.675614,24.676789,"宜蘭縣","三星鄉"
"撞路樹、電桿","2020",1,19,9,"晴","夜間(或隧道、地下道、涵洞)有照明",50,"直路","路肩、路緣","柏油","乾燥","良好","無號誌","行車分向線","未繪設快慢車道分隔線","有",19,"不明",120.504788,22.462323,"屏東縣","南州鄉"
"側撞","2020",1,19,9,"晴","日間自然光線",50,"三岔路","交叉路口內","柏油","乾燥","良好","無號誌","中央分向島","未繪設快慢車道分隔線","無",42,"不明",121.45654,25.09052,"新北市","蘆洲區"
"側撞","2020",1,19,9,"晴","日間自然光線",50,"三岔路","交叉路口內","柏油","乾燥","良好","無號誌","中央分向島","未繪設快慢車道分隔線","無",34,"不明",121.45654,25.09052,"新北市","蘆洲區"
"側撞","2020",1,19,9,"晴","日間自然光線",50,"三岔路","交叉路口內","柏油","乾燥","良好","無號誌","中央分向島","未繪設快慢車道分隔線","無",11,"非汽(機)車駕駛人",121.45654,25.09052,"新北市","蘆洲區"
"對向擦撞","2020",1,19,18,"晴","夜間(或隧道、地下道、涵洞)有照明",40,"彎曲路及附近","一般車道(未劃分快慢車道)","柏油","乾燥","良好","無號誌","行車分向線","未繪設快慢車道分隔線","有",18,"未使用",120.4334,22.72376,"高雄市","大樹區"
"對向擦撞","2020",1,19,18,"晴","夜間(或隧道、地下道、涵洞)有照明",40,"彎曲路及附近","一般車道(未劃分快慢車道)","柏油","乾燥","良好","無號誌","行車分向線","未繪設快慢車道分隔線","有",18,"非汽(機)車駕駛人",120.4334,22.72376,"高雄市","大樹區"
"對向擦撞","2020",1,19,18,"晴","夜間(或隧道、地下道、涵洞)有照明",40,"彎曲路及附近","一般車道(未劃分快慢車道)","柏油","乾燥","良好","無號誌","行車分向線","未繪設快慢車道分隔線","有",27,"未使用",120.4334,22.72376,"高雄市","大樹區"
"撞護欄(樁)","2020",1,19,19,"陰","夜間(或隧道、地下道、涵洞)無照明",50,"彎曲路及附近","一般車道(未劃分快慢車道)","柏油","乾燥","良好","無號誌","雙向禁止超車線","未繪設快慢車道分隔線","有",45,"未使用",120.892927,24.443518,"苗栗縣","大湖鄉"
"撞護欄(樁)","2020",1,19,19,"陰","夜間(或隧道、地下道、涵洞)無照明",50,"彎曲路及附近","一般車道(未劃分快慢車道)","柏油","乾燥","良好","無號誌","雙向禁止超車線","未繪設快慢車道分隔線","有",47,"未使用",120.892927,24.443518,"苗栗縣","大湖鄉"
"側撞","2020",1,19,23,"晴","夜間(或隧道、地下道、涵洞)有照明",50,"三岔路","交叉路口內","柏油","乾燥","良好","正常","無","未繪設快慢車道分隔線","無",18,"未使用",120.239389,22.988985,"臺南市","東區"
"側撞","2020",1,19,23,"晴","夜間(或隧道、地下道、涵洞)有照明",50,"三岔路","交叉路口內","柏油","乾燥","良好","正常","無","未繪設快慢車道分隔線","無",19,"未使用",120.239389,22.988985,"臺南市","東區"
"側撞","2020",1,19,23,"晴","夜間(或隧道、地下道、涵洞)有照明",50,"三岔路","交叉路口內","柏油","乾燥","良好","正常","無","未繪設快慢車道分隔線","無",66,"未使用",120.239389,22.988985,"臺南市","東區"
"對向擦撞","2020",1,20,7,"晴","日間自然光線",50,"彎曲路及附近","一般車道(未劃分快慢車道)","柏油","乾燥","不良","無號誌","雙向禁止超車線","未繪設快慢車道分隔線","有",41,"未使用",120.51151,23.403914,"嘉義縣","中埔鄉"
"對向擦撞","2020",1,20,7,"晴","日間自然光線",50,"彎曲路及附近","一般車道(未劃分快慢車道)","柏油","乾燥","不良","無號誌","雙向禁止超車線","未繪設快慢車道分隔線","有",47,"未使用",120.51151,23.403914,"嘉義縣","中埔鄉"
"追撞","2020",1,20,11,"晴","日間自然光線",90,"直路","快車道","柏油","乾燥","良好","無號誌","中央分向島","未繪設快慢車道分隔線","有",28,"未使用",121.334524,24.938709,"新北市","鶯歌區"
"追撞","2020",1,20,11,"晴","日間自然光線",90,"直路","快車道","柏油","乾燥","良好","無號誌","中央分向島","未繪設快慢車道分隔線","有",51,"未使用",121.334524,24.938709,"新北市","鶯歌區"
"追撞","2020",1,20,11,"晴","日間自然光線",90,"直路","快車道","柏油","乾燥","良好","無號誌","中央分向島","未繪設快慢車道分隔線","有",47,"未使用",121.334524,24.938709,"新北市","鶯歌區"
"追撞","2020",1,20,11,"晴","日間自然光線",90,"直路","快車道","柏油","乾燥","良好","無號誌","中央分向島","未繪設快慢車道分隔線","有",33,"未使用",121.334524,24.938709,"新北市","鶯歌區"
"追撞","2020",1,20,11,"晴","日間自然光線",90,"直路","快車道","柏油","乾燥","良好","無號誌","中央分向島","未繪設快慢車道分隔線","有",50,"未使用",121.334524,24.938709,"新北市","鶯歌區"
"追撞","2020",1,20,11,"晴","日間自然光線",90,"直路","快車道","柏油","乾燥","良好","無號誌","中央分向島","未繪設快慢車道分隔線","有",47,"未使用",121.334524,24.938709,"新北市","鶯歌區"
"撞橋樑、建築物","2020",1,20,16,"晴","日間自然光線",40,"彎曲路及附近","一般車道(未劃分快慢車道)","柏油","乾燥","良好","無號誌","雙向禁止超車線","未繪設快慢車道分隔線","有",82,"未使用",121.779511,24.467098,"宜蘭縣","南澳鄉"
"撞路樹、電桿","2020",1,21,0,"晴","夜間(或隧道、地下道、涵洞)有照明",40,"直路","其他","柏油","乾燥","良好","無號誌","無","未繪設快慢車道分隔線","有",35,"不明",118.431543,24.480513,"金門縣","金沙鎮"
"側撞","2020",1,21,1,"晴","夜間(或隧道、地下道、涵洞)有照明",80,"直路","快車道","柏油","乾燥","良好","無號誌","中央分向島","未繪設快慢車道分隔線","有",29,"不明",121.367766,25.135696,"新北市","林口區"
"側撞","2020",1,21,1,"晴","夜間(或隧道、地下道、涵洞)有照明",80,"直路","快車道","柏油","乾燥","良好","無號誌","中央分向島","未繪設快慢車道分隔線","有",45,"不明",121.367766,25.135696,"新北市","林口區"
"其他","2020",1,21,2,"晴","夜間(或隧道、地下道、涵洞)有照明",50,"直路","一般車道(未劃分快慢車道)","柏油","乾燥","良好","無號誌","行車分向線","未繪設快慢車道分隔線","有",56,"未使用",120.979068,24.882118,"新竹縣","新豐鄉"
"穿越道路中","2020",1,21,6,"晴","日間自然光線",50,"四岔路","交叉口附近","柏油","乾燥","良好","正常","雙向禁止超車線","未繪設快慢車道分隔線","有",55,"不明",120.969152,24.805852,"新竹市","北區"
"穿越道路中","2020",1,21,6,"晴","日間自然光線",50,"四岔路","交叉口附近","柏油","乾燥","良好","正常","雙向禁止超車線","未繪設快慢車道分隔線","有",66,"非汽(機)車駕駛人",120.969152,24.805852,"新竹市","北區"
"撞號誌、標誌桿","2020",1,21,6,"晴","日間自然光線",50,"四岔路","交叉路口內","柏油","乾燥","良好","正常","無","未繪設快慢車道分隔線","無",109,"",120.289182,22.642825,"高雄市","三民區"
"撞號誌、標誌桿","2020",1,21,6,"晴","日間自然光線",50,"四岔路","交叉路口內","柏油","乾燥","良好","正常","無","未繪設快慢車道分隔線","無",41,"未使用",120.289182,22.642825,"高雄市","三民區"
"撞號誌、標誌桿","2020",1,21,6,"晴","日間自然光線",50,"四岔路","交叉路口內","柏油","乾燥","良好","正常","無","未繪設快慢車道分隔線","無",37,"非汽(機)車駕駛人",120.289182,22.642825,"高雄市","三民區"
"撞護欄(樁)","2020",1,21,15,"晴","日間自然光線",50,"直路","慢車道","柏油","乾燥","良好","無號誌","中央分向島","寛式快慢車道分隔島(50公分以上)","無",29,"未使用",120.282635,22.931674,"臺南市","歸仁區"
"撞護欄(樁)","2020",1,21,15,"晴","日間自然光線",50,"直路","慢車道","柏油","乾燥","良好","無號誌","中央分向島","寛式快慢車道分隔島(50公分以上)","無",7,"未使用",120.282635,22.931674,"臺南市","歸仁區"
"撞護欄(樁)","2020",1,21,15,"晴","日間自然光線",50,"直路","慢車道","柏油","乾燥","良好","無號誌","中央分向島","寛式快慢車道分隔島(50公分以上)","無",2,"未使用",120.282635,22.931674,"臺南市","歸仁區"
"撞路樹、電桿","2020",1,21,19,"晴","夜間(或隧道、地下道、涵洞)有照明",110,"直路","快車道","柏油","乾燥","良好","無號誌","中央分向島","未繪設快慢車道分隔線","有",29,"未使用",121.195227,24.800152,"新竹縣","關西鎮"
"撞路樹、電桿","2020",1,21,19,"晴","夜間(或隧道、地下道、涵洞)有照明",110,"直路","快車道","柏油","乾燥","良好","無號誌","中央分向島","未繪設快慢車道分隔線","有",68,"未使用",121.195227,24.800152,"新竹縣","關西鎮"
"撞路樹、電桿","2020",1,21,19,"晴","夜間(或隧道、地下道、涵洞)有照明",110,"直路","快車道","柏油","乾燥","良好","無號誌","中央分向島","未繪設快慢車道分隔線","有",49,"未使用",121.195227,24.800152,"新竹縣","關西鎮"
"撞路樹、電桿","2020",1,21,19,"晴","夜間(或隧道、地下道、涵洞)有照明",110,"直路","快車道","柏油","乾燥","良好","無號誌","中央分向島","未繪設快慢車道分隔線","有",54,"未使用",121.195227,24.800152,"新竹縣","關西鎮"
"撞路樹、電桿","2020",1,21,19,"晴","夜間(或隧道、地下道、涵洞)有照明",110,"直路","快車道","柏油","乾燥","良好","無號誌","中央分向島","未繪設快慢車道分隔線","有",41,"使用手持或有礙駕駛安全",121.195227,24.800152,"新竹縣","關西鎮"
"穿越道路中","2020",1,22,5,"晴","夜間(或隧道、地下道、涵洞)有照明",50,"四岔路","交叉口附近","柏油","乾燥","良好","正常","行車分向線","未繪設快慢車道分隔線","無",22,"未使用",120.257309,23.025988,"臺南市","永康區"
"穿越道路中","2020",1,22,5,"晴","夜間(或隧道、地下道、涵洞)有照明",50,"四岔路","交叉口附近","柏油","乾燥","良好","正常","行車分向線","未繪設快慢車道分隔線","無",83,"未使用",120.257309,23.025988,"臺南市","永康區"
"側撞","2020",1,22,9,"晴","日間自然光線",50,"三岔路","交叉路口內","柏油","乾燥","良好","無號誌","無","未繪設快慢車道分隔線","無",39,"未使用",120.199765,23.277166,"臺南市","學甲區"
"側撞","2020",1,22,9,"晴","日間自然光線",50,"三岔路","交叉路口內","柏油","乾燥","良好","無號誌","無","未繪設快慢車道分隔線","無",85,"未使用",120.199765,23.277166,"臺南市","學甲區"
"側撞","2020",1,22,11,"晴","日間自然光線",50,"四岔路","交叉路口內","柏油","乾燥","良好","正常","無","未繪設快慢車道分隔線","無",40,"未使用",121.154752,25.053188,"桃園市","觀音區"
"側撞","2020",1,22,11,"晴","日間自然光線",50,"四岔路","交叉路口內","柏油","乾燥","良好","正常","無","未繪設快慢車道分隔線","無",22,"未使用",121.154752,25.053188,"桃園市","觀音區"
"側撞","2020",1,22,11,"晴","日間自然光線",50,"四岔路","交叉路口內","柏油","乾燥","良好","正常","無","未繪設快慢車道分隔線","無",38,"未使用",121.154752,25.053188,"桃園市","觀音區"
"路上翻車、摔倒","2020",1,22,14,"晴","日間自然光線",30,"直路","其他","柏油","乾燥","良好","無號誌","無","未繪設快慢車道分隔線","無",60,"不明",120.193402,23.657818,"雲林縣","四湖鄉"
"其他","2020",1,22,19,"雨","夜間(或隧道、地下道、涵洞)有照明",60,"三岔路","交叉口附近","柏油","濕潤","良好","正常","雙向禁止超車線","未繪設快慢車道分隔線","有",44,"不明",121.010849,22.622029,"臺東縣","太麻里鄉"
"其他","2020",1,22,19,"雨","夜間(或隧道、地下道、涵洞)有照明",60,"三岔路","交叉口附近","柏油","濕潤","良好","正常","雙向禁止超車線","未繪設快慢車道分隔線","有",63,"不明",121.010849,22.622029,"臺東縣","太麻里鄉"
"撞護欄(樁)","2020",1,22,20,"陰","夜間(或隧道、地下道、涵洞)無照明",40,"直路","一般車道(未劃分快慢車道)","柏油","乾燥","良好","無號誌","無","未繪設快慢車道分隔線","無",39,"不明",120.621545,22.610855,"屏東縣","萬巒鄉"
"路口交岔撞","2020",1,23,7,"晴","日間自然光線",50,"四岔路","交叉路口內","柏油","乾燥","良好","無號誌","無","未繪設快慢車道分隔線","無",15,"未使用",120.150653,22.995121,"臺南市","安平區"
"路口交岔撞","2020",1,23,7,"晴","日間自然光線",50,"四岔路","交叉路口內","柏油","乾燥","良好","無號誌","無","未繪設快慢車道分隔線","無",16,"未使用",120.150653,22.995121,"臺南市","安平區"
"路口交岔撞","2020",1,23,7,"晴","日間自然光線",50,"四岔路","交叉路口內","柏油","乾燥","良好","無號誌","無","未繪設快慢車道分隔線","無",55,"未使用",120.150653,22.995121,"臺南市","安平區"
"路口交岔撞","2020",1,23,7,"晴","日間自然光線",40,"四岔路","交叉路口內","柏油","乾燥","良好","無號誌","無","未繪設快慢車道分隔線","有",37,"未使用",120.637879,22.690358,"屏東縣","瑪家鄉"
"路口交岔撞","2020",1,23,7,"晴","日間自然光線",40,"四岔路","交叉路口內","柏油","乾燥","良好","無號誌","無","未繪設快慢車道分隔線","有",21,"未使用",120.637879,22.690358,"屏東縣","瑪家鄉"
"路口交岔撞","2020",1,23,7,"晴","日間自然光線",40,"四岔路","交叉路口內","柏油","乾燥","良好","無號誌","無","未繪設快慢車道分隔線","有",48,"非汽(機)車駕駛人",120.637879,22.690358,"屏東縣","瑪家鄉"
"側撞","2020",1,23,12,"晴","日間自然光線",50,"三岔路","交叉口附近","柏油","乾燥","良好","無號誌","雙向禁止超車線","未繪設快慢車道分隔線","有",70,"未使用",121.392149,23.49353,"花蓮縣","瑞穗鄉"
"側撞","2020",1,23,12,"晴","日間自然光線",50,"三岔路","交叉口附近","柏油","乾燥","良好","無號誌","雙向禁止超車線","未繪設快慢車道分隔線","有",83,"非汽(機)車駕駛人",121.392149,23.49353,"花蓮縣","瑞穗鄉"
"衝出路外","2020",1,23,13,"晴","日間自然光線",30,"直路","一般車道(未劃分快慢車道)","柏油","乾燥","良好","無號誌","無","未繪設快慢車道分隔線","無",65,"未使用",120.40338,23.817935,"雲林縣","二崙鄉"
"撞路樹、電桿","2020",1,23,15,"晴","日間自然光線",30,"直路","一般車道(未劃分快慢車道)","柏油","乾燥","良好","無號誌","無","未繪設快慢車道分隔線","有",32,"不明",120.65415,24.038673,"臺中市","霧峰區"
"穿越道路中","2020",1,23,18,"晴","夜間(或隧道、地下道、涵洞)有照明",50,"直路","快車道","柏油","乾燥","良好","無號誌","雙向禁止超車線","快慢車道分隔線","有",45,"未使用",120.327994,23.213424,"臺南市","官田區"
"穿越道路中","2020",1,23,18,"晴","夜間(或隧道、地下道、涵洞)有照明",50,"直路","快車道","柏油","乾燥","良好","無號誌","雙向禁止超車線","快慢車道分隔線","有",77,"非汽(機)車駕駛人",120.327994,23.213424,"臺南市","官田區"
"撞路樹、電桿","2020",1,23,21,"晴","夜間(或隧道、地下道、涵洞)有照明",40,"直路","其他","柏油","乾燥","良好","無號誌","雙向禁止超車線","快慢車道分隔線","無",18,"未使用",120.733205,24.169225,"臺中市","北屯區"
"穿越道路中","2020",1,24,4,"晴","夜間(或隧道、地下道、涵洞)有照明",50,"四岔路","交叉口附近","柏油","乾燥","良好","正常","行車分向線","快慢車道分隔線","無",70,"未使用",120.300289,22.612522,"高雄市","苓雅區"
"穿越道路中","2020",1,24,4,"晴","夜間(或隧道、地下道、涵洞)有照明",50,"四岔路","交叉口附近","柏油","乾燥","良好","正常","行車分向線","快慢車道分隔線","無",67,"非汽(機)車駕駛人",120.300289,22.612522,"高雄市","苓雅區"
"對撞","2020",1,24,10,"晴","日間自然光線",40,"彎曲路及附近","一般車道(未劃分快慢車道)","水泥","乾燥","不良","無號誌","行車分向線","未繪設快慢車道分隔線","有",15,"未使用",121.559025,22.079766,"臺東縣","蘭嶼鄉"
"對撞","2020",1,24,10,"晴","日間自然光線",40,"彎曲路及附近","一般車道(未劃分快慢車道)","水泥","乾燥","不良","無號誌","行車分向線","未繪設快慢車道分隔線","有",49,"未使用",121.559025,22.079766,"臺東縣","蘭嶼鄉"
"其他","2020",1,24,18,"晴","夜間(或隧道、地下道、涵洞)有照明",60,"直路","一般車道(未劃分快慢車道)","柏油","乾燥","良好","無號誌","雙向禁止超車線","快慢車道分隔線","有",50,"未使用",120.275565,23.030466,"臺南市","永康區"
"其他","2020",1,24,18,"晴","夜間(或隧道、地下道、涵洞)有照明",60,"直路","一般車道(未劃分快慢車道)","柏油","乾燥","良好","無號誌","雙向禁止超車線","快慢車道分隔線","有",59,"不明",120.275565,23.030466,"臺南市","永康區"
"同向擦撞","2020",1,24,20,"晴","夜間(或隧道、地下道、涵洞)有照明",70,"高架道路","快車道","柏油","乾燥","良好","無號誌","無","快慢車道分隔線","無",50,"未使用",120.3957,22.63511,"高雄市","大寮區"
"同向擦撞","2020",1,24,20,"晴","夜間(或隧道、地下道、涵洞)有照明",70,"高架道路","快車道","柏油","乾燥","良好","無號誌","無","快慢車道分隔線","無",54,"未使用",120.3957,22.63511,"高雄市","大寮區"
"同向擦撞","2020",1,24,20,"晴","夜間(或隧道、地下道、涵洞)有照明",70,"高架道路","快車道","柏油","乾燥","良好","無號誌","無","快慢車道分隔線","無",39,"未使用",120.3957,22.63511,"高雄市","大寮區"
"同向擦撞","2020",1,24,20,"晴","夜間(或隧道、地下道、涵洞)有照明",70,"高架道路","快車道","柏油","乾燥","良好","無號誌","無","快慢車道分隔線","無",62,"未使用",120.3957,22.63511,"高雄市","大寮區"
"側撞","2020",1,24,20,"陰","夜間(或隧道、地下道、涵洞)有照明",50,"三岔路","交叉路口內","柏油","乾燥","良好","正常","無","未繪設快慢車道分隔線","無",40,"不明",120.975391,24.821754,"新竹市","北區"
"側撞","2020",1,24,20,"陰","夜間(或隧道、地下道、涵洞)有照明",50,"三岔路","交叉路口內","柏油","乾燥","良好","正常","無","未繪設快慢車道分隔線","無",18,"未使用",120.975391,24.821754,"新竹市","北區"
"撞號誌、標誌桿","2020",1,24,23,"晴","夜間(或隧道、地下道、涵洞)有照明",50,"彎曲路及附近","路肩、路緣","柏油","乾燥","良好","無號誌","雙向禁止超車線","快慢車道分隔線","有",18,"不明",120.762249,21.959358,"屏東縣","恆春鎮"
"其他","2020",1,25,5,"霧或煙","晨或暮光",50,"直路","快車道","柏油","乾燥","良好","無號誌","中央分向島","快慢車道分隔線","有",79,"非汽(機)車駕駛人",120.440212,22.648391,"屏東縣","屏東市"
"其他","2020",1,25,5,"霧或煙","晨或暮光",50,"直路","快車道","柏油","乾燥","良好","無號誌","中央分向島","快慢車道分隔線","有",55,"未使用",120.440212,22.648391,"屏東縣","屏東市"
"其他","2020",1,25,5,"霧或煙","晨或暮光",50,"直路","快車道","柏油","乾燥","良好","無號誌","中央分向島","快慢車道分隔線","有",40,"未使用",120.440212,22.648391,"屏東縣","屏東市"
"穿越道路中","2020",1,25,10,"晴","日間自然光線",40,"直路","慢車道","柏油","乾燥","良好","無號誌","雙向禁止超車線","快慢車道分隔線","無",42,"未使用",120.30152,22.62716,"高雄市","左營區"
"穿越道路中","2020",1,25,10,"晴","日間自然光線",40,"直路","慢車道","柏油","乾燥","良好","無號誌","雙向禁止超車線","快慢車道分隔線","無",54,"非汽(機)車駕駛人",120.30152,22.62716,"高雄市","左營區"
"其他","2020",1,25,12,"晴","日間自然光線",40,"三岔路","交叉口附近","柏油","乾燥","不良","無號誌","雙向禁止超車線","未繪設快慢車道分隔線","有",21,"未使用",120.56306,23.373005,"嘉義縣","中埔鄉"
"其他","2020",1,25,12,"晴","日間自然光線",40,"三岔路","交叉口附近","柏油","乾燥","不良","無號誌","雙向禁止超車線","未繪設快慢車道分隔線","有",57,"未使用",120.56306,23.373005,"嘉義縣","中埔鄉"
"其他","2020",1,25,13,"晴","日間自然光線",50,"直路","其他","柏油","乾燥","良好","無號誌","雙向禁止超車線","快慢車道分隔線","有",109,"",120.5028,22.93095,"高雄市","旗山區"