"事故類型及型態子類別名稱","發生年度","發生月份","發生日期","發生時間","天候名稱","光線名稱","速限.第1當事者","道路型態子類別名稱","事故位置子類別名稱","路面狀況.路面鋪裝名稱","路面狀況.路面狀態名稱","道路障礙.視距品質名稱","號誌.號誌動作名稱","車道劃分設施.分向設施大類別名稱","車道劃分設施.分道設施.快慢車道間名稱","車道劃分設施.分道設施.路面邊線名稱","當事者事故發生時年齡","行動電話或電腦或其他相類功能裝置名稱","經度","緯度","縣市","鄉鎮"
"其他","2020",1,25,13,"晴","日間自然光線",50,"直路","其他","柏油","乾燥","良好","無號誌","雙向禁止超車線","快慢車道分隔線","有",63,"不明",120.5028,22.93095,"高雄市","旗山區"
"其他","2020",1,25,13,"晴","日間自然光線",50,"直路","其他","柏油","乾燥","良好","無號誌","雙向禁止超車線","快慢車道分隔線","有",68,"非汽(機)車駕駛人",120.5028,22.93095,"高雄市","旗山區"
"路口交岔撞","2020",1,25,13,"晴","日間自然光線",50,"四岔路","交叉路口內","柏油","乾燥","良好","無號誌","雙向禁止超車線","未繪設快慢車道分隔線","無",63,"未使用",120.238215,23.120267,"臺南市","安定區"
"路口交岔撞","2020",1,25,13,"晴","日間自然光線",50,"四岔路","交叉路口內","柏油","乾燥","良好","無號誌","雙向禁止超車線","未繪設快慢車道分隔線","無",30,"未使用",120.238215,23.120267,"臺南市","安定區"
"撞護欄(樁)","2020",1,25,14,"陰","日間自然光線",50,"四岔路","交叉路口內","柏油","乾燥","良好","無動作","行車分向線","未繪設快慢車道分隔線","有",59,"未使用",120.503473,22.478369,"屏東縣","南州鄉"
"追撞","2020",1,26,2,"雨","夜間(或隧道、地下道、涵洞)有照明",50,"直路","路肩、路緣","柏油","濕潤","良好","無號誌","雙向禁止超車線","未繪設快慢車道分隔線","有",19,"非汽(機)車駕駛人",121.204226,24.870953,"桃園市","龍潭區"
"追撞","2020",1,26,2,"雨","夜間(或隧道、地下道、涵洞)有照明",50,"直路","路肩、路緣","柏油","濕潤","良好","無號誌","雙向禁止超車線","未繪設快慢車道分隔線","有",17,"非汽(機)車駕駛人",121.204226,24.870953,"桃園市","龍潭區"
"追撞","2020",1,26,2,"雨","夜間(或隧道、地下道、涵洞)有照明",50,"直路","路肩、路緣","柏油","濕潤","良好","無號誌","雙向禁止超車線","未繪設快慢車道分隔線","有",19,"使用手持或有礙駕駛安全",121.204226,24.870953,"桃園市","龍潭區"
"追撞","2020",1,26,2,"雨","夜間(或隧道、地下道、涵洞)有照明",50,"直路","路肩、路緣","柏油","濕潤","良好","無號誌","雙向禁止超車線","未繪設快慢車道分隔線","有",49,"未使用",121.204226,24.870953,"桃園市","龍潭區"
"撞路樹、電桿","2020",1,26,11,"雨","日間自然光線",60,"直路","一般車道(未劃分快慢車道)","柏油","濕潤","良好","無號誌","雙向禁止超車線","快慢車道分隔線","有",23,"不明",120.396674,23.704715,"雲林縣","虎尾鎮"
"撞路樹、電桿","2020",1,26,11,"雨","日間自然光線",60,"直路","一般車道(未劃分快慢車道)","柏油","濕潤","良好","無號誌","雙向禁止超車線","快慢車道分隔線","有",22,"不明",120.396674,23.704715,"雲林縣","虎尾鎮"
"撞路樹、電桿","2020",1,26,11,"雨","日間自然光線",60,"直路","一般車道(未劃分快慢車道)","柏油","濕潤","良好","無號誌","雙向禁止超車線","快慢車道分隔線","有",26,"未使用",120.396674,23.704715,"雲林縣","虎尾鎮"
"路口交岔撞","2020",1,26,15,"陰","日間自然光線",60,"四岔路","交叉路口內","柏油","乾燥","良好","正常","無","未繪設快慢車道分隔線","無",22,"未使用",121.59173,23.927031,"花蓮縣","吉安鄉"
"路口交岔撞","2020",1,26,15,"陰","日間自然光線",60,"四岔路","交叉路口內","柏油","乾燥","良好","正常","無","未繪設快慢車道分隔線","無",77,"未使用",121.59173,23.927031,"花蓮縣","吉安鄉"
"追撞","2020",1,26,20,"陰","夜間(或隧道、地下道、涵洞)有照明",60,"四岔路","快車道","柏油","乾燥","良好","正常","中央分向島","寛式快慢車道分隔島(50公分以上)","有",39,"不明",120.680989,23.980695,"南投縣","草屯鎮"
"追撞","2020",1,26,20,"陰","夜間(或隧道、地下道、涵洞)有照明",60,"四岔路","快車道","柏油","乾燥","良好","正常","中央分向島","寛式快慢車道分隔島(50公分以上)","有",66,"非汽(機)車駕駛人",120.680989,23.980695,"南投縣","草屯鎮"
"追撞","2020",1,26,20,"陰","夜間(或隧道、地下道、涵洞)有照明",60,"四岔路","快車道","柏油","乾燥","良好","正常","中央分向島","寛式快慢車道分隔島(50公分以上)","有",59,"未使用",120.680989,23.980695,"南投縣","草屯鎮"
"追撞","2020",1,26,20,"陰","夜間(或隧道、地下道、涵洞)有照明",60,"四岔路","快車道","柏油","乾燥","良好","正常","中央分向島","寛式快慢車道分隔島(50公分以上)","有",48,"未使用",120.680989,23.980695,"南投縣","草屯鎮"
"追撞","2020",1,26,20,"陰","夜間(或隧道、地下道、涵洞)有照明",60,"四岔路","快車道","柏油","乾燥","良好","正常","中央分向島","寛式快慢車道分隔島(50公分以上)","有",54,"未使用",120.680989,23.980695,"南投縣","草屯鎮"
"側撞","2020",1,26,21,"晴","夜間(或隧道、地下道、涵洞)有照明",40,"直路","一般車道(未劃分快慢車道)","柏油","乾燥","良好","正常","雙向禁止超車線","未繪設快慢車道分隔線","有",27,"不明",120.5445,24.0775,"彰化縣","埔鹽鄉"
"側撞","2020",1,26,21,"晴","夜間(或隧道、地下道、涵洞)有照明",40,"直路","一般車道(未劃分快慢車道)","柏油","乾燥","良好","正常","雙向禁止超車線","未繪設快慢車道分隔線","有",14,"不明",120.5445,24.0775,"彰化縣","埔鹽鄉"
"側撞","2020",1,26,21,"晴","夜間(或隧道、地下道、涵洞)有照明",40,"直路","一般車道(未劃分快慢車道)","柏油","乾燥","良好","正常","雙向禁止超車線","未繪設快慢車道分隔線","有",35,"不明",120.5445,24.0775,"彰化縣","埔鹽鄉"
"路上翻車、摔倒","2020",1,27,3,"晴","夜間(或隧道、地下道、涵洞)有照明",50,"直路","一般車道(未劃分快慢車道)","柏油","乾燥","良好","無號誌","雙向禁止超車線","未繪設快慢車道分隔線","無",24,"未使用",120.769285,24.197675,"臺中市","北屯區"
"穿越道路中","2020",1,27,22,"陰","夜間(或隧道、地下道、涵洞)有照明",50,"四岔路","交叉路口內","柏油","乾燥","良好","無號誌","無","未繪設快慢車道分隔線","無",46,"未使用",121.218714,24.954447,"桃園市","中壢區"
"穿越道路中","2020",1,27,22,"陰","夜間(或隧道、地下道、涵洞)有照明",50,"四岔路","交叉路口內","柏油","乾燥","良好","無號誌","無","未繪設快慢車道分隔線","無",57,"未使用",121.218714,24.954447,"桃園市","中壢區"
"穿越道路中","2020",1,27,22,"陰","夜間(或隧道、地下道、涵洞)有照明",50,"四岔路","交叉路口內","柏油","乾燥","良好","無號誌","無","未繪設快慢車道分隔線","無",76,"非汽(機)車駕駛人",121.218714,24.954447,"桃園市","中壢區"
"路口交岔撞","2020",1,27,23,"晴","夜間(或隧道、地下道、涵洞)有照明",50,"四岔路","交叉路口內","柏油","濕潤","良好","正常","無","未繪設快慢車道分隔線","無",42,"未使用",120.440306,23.465787,"嘉義市","西區"
"路口交岔撞","2020",1,27,23,"晴","夜間(或隧道、地下道、涵洞)有照明",50,"四岔路","交叉路口內","柏油","濕潤","良好","正常","無","未繪設快慢車道分隔線","無",54,"未使用",120.440306,23.465787,"嘉義市","西區"
"路口交岔撞","2020",1,27,23,"晴","夜間(或隧道、地下道、涵洞)有照明",50,"四岔路","交叉路口內","柏油","濕潤","良好","正常","無","未繪設快慢車道分隔線","無",28,"未使用",120.440306,23.465787,"嘉義市","西區"
"穿越道路中","2020",1,28,2,"晴","夜間(或隧道、地下道、涵洞)有照明",50,"四岔路","交叉路口內","柏油","乾燥","良好","無號誌","無","未繪設快慢車道分隔線","無",65,"不明",120.616904,24.188609,"臺中市","西屯區"
"穿越道路中","2020",1,28,2,"晴","夜間(或隧道、地下道、涵洞)有照明",50,"四岔路","交叉路口內","柏油","乾燥","良好","無號誌","無","未繪設快慢車道分隔線","無",53,"不明",120.616904,24.188609,"臺中市","西屯區"
"穿越道路中","2020",1,28,2,"晴","夜間(或隧道、地下道、涵洞)有照明",50,"四岔路","交叉路口內","柏油","乾燥","良好","無號誌","無","未繪設快慢車道分隔線","無",23,"不明",120.616904,24.188609,"臺中市","西屯區"
"穿越道路中","2020",1,28,2,"晴","夜間(或隧道、地下道、涵洞)有照明",50,"四岔路","交叉路口內","柏油","乾燥","良好","無號誌","無","未繪設快慢車道分隔線","無",19,"未使用",120.616904,24.188609,"臺中市","西屯區"
"穿越道路中","2020",1,28,2,"晴","夜間(或隧道、地下道、涵洞)有照明",50,"四岔路","交叉路口內","柏油","乾燥","良好","無號誌","無","未繪設快慢車道分隔線","無",85,"非汽(機)車駕駛人",120.616904,24.188609,"臺中市","西屯區"
"同向通行中","2020",1,28,16,"陰","日間自然光線",30,"彎曲路及附近","路肩、路緣","柏油","乾燥","良好","無號誌","雙向禁止超車線","未繪設快慢車道分隔線","有",35,"未使用",120.603066,23.438966,"嘉義縣","番路鄉"
"同向通行中","2020",1,28,16,"陰","日間自然光線",30,"彎曲路及附近","路肩、路緣","柏油","乾燥","良好","無號誌","雙向禁止超車線","未繪設快慢車道分隔線","有",51,"不明",120.603066,23.438966,"嘉義縣","番路鄉"
"同向通行中","2020",1,28,16,"陰","日間自然光線",30,"彎曲路及附近","路肩、路緣","柏油","乾燥","良好","無號誌","雙向禁止超車線","未繪設快慢車道分隔線","有",89,"非汽(機)車駕駛人",120.603066,23.438966,"嘉義縣","番路鄉"
"其他","2020",1,28,19,"晴","夜間(或隧道、地下道、涵洞)有照明",50,"四岔路","交叉路口內","柏油","乾燥","良好","正常","中央分向島","未繪設快慢車道分隔線","無",25,"未使用",120.706375,24.246761,"臺中市","豐原區"
"其他","2020",1,28,19,"晴","夜間(或隧道、地下道、涵洞)有照明",50,"四岔路","交叉路口內","柏油","乾燥","良好","正常","中央分向島","未繪設快慢車道分隔線","無",62,"未使用",120.706375,24.246761,"臺中市","豐原區"
"其他","2020",1,28,19,"晴","夜間(或隧道、地下道、涵洞)有照明",50,"四岔路","交叉路口內","柏油","乾燥","良好","正常","中央分向島","未繪設快慢車道分隔線","無",56,"未使用",120.706375,24.246761,"臺中市","豐原區"
"其他","2020",1,28,19,"晴","夜間(或隧道、地下道、涵洞)有照明",50,"四岔路","交叉路口內","柏油","乾燥","良好","正常","中央分向島","未繪設快慢車道分隔線","無",22,"未使用",120.706375,24.246761,"臺中市","豐原區"
"其他","2020",1,28,19,"晴","夜間(或隧道、地下道、涵洞)有照明",50,"四岔路","交叉路口內","柏油","乾燥","良好","正常","中央分向島","未繪設快慢車道分隔線","無",19,"未使用",120.706375,24.246761,"臺中市","豐原區"
"其他","2020",1,28,19,"晴","夜間(或隧道、地下道、涵洞)有照明",50,"四岔路","交叉路口內","柏油","乾燥","良好","正常","中央分向島","未繪設快慢車道分隔線","無",27,"未使用",120.706375,24.246761,"臺中市","豐原區"
"其他","2020",1,28,19,"晴","夜間(或隧道、地下道、涵洞)有照明",50,"四岔路","交叉路口內","柏油","乾燥","良好","正常","中央分向島","未繪設快慢車道分隔線","無",25,"非汽(機)車駕駛人",120.706375,24.246761,"臺中市","豐原區"
"其他","2020",1,28,19,"晴","夜間(或隧道、地下道、涵洞)有照明",50,"四岔路","交叉路口內","柏油","乾燥","良好","正常","中央分向島","未繪設快慢車道分隔線","無",32,"未使用",120.706375,24.246761,"臺中市","豐原區"
"側撞","2020",1,29,10,"晴","日間自然光線",50,"三岔路","交叉路口內","柏油","乾燥","良好","正常","無","未繪設快慢車道分隔線","無",28,"未使用",120.24516,23.034033,"臺南市","永康區"
"側撞","2020",1,29,10,"晴","日間自然光線",50,"三岔路","交叉路口內","柏油","乾燥","良好","正常","無","未繪設快慢車道分隔線","無",64,"未使用",120.24516,23.034033,"臺南市","永康區"
"路口交岔撞","2020",1,29,15,"晴","日間自然光線",70,"三岔路","交叉路口內","柏油","乾燥","良好","正常","無","未繪設快慢車道分隔線","無",23,"未使用",120.428829,22.682463,"高雄市","大樹區"
"路口交岔撞","2020",1,29,15,"晴","日間自然光線",70,"三岔路","交叉路口內","柏油","乾燥","良好","正常","無","未繪設快慢車道分隔線","無",65,"未使用",120.428829,22.682463,"高雄市","大樹區"
"穿越道路中","2020",1,29,19,"晴","夜間(或隧道、地下道、涵洞)有照明",60,"四岔路","交叉口附近","柏油","乾燥","良好","正常","行車分向線","未繪設快慢車道分隔線","有",48,"未使用",120.487826,24.164344,"彰化縣","伸港鄉"
"穿越道路中","2020",1,29,19,"晴","夜間(或隧道、地下道、涵洞)有照明",60,"四岔路","交叉口附近","柏油","乾燥","良好","正常","行車分向線","未繪設快慢車道分隔線","有",69,"非汽(機)車駕駛人",120.487826,24.164344,"彰化縣","伸港鄉"
"側撞","2020",1,29,22,"晴","夜間(或隧道、地下道、涵洞)有照明",50,"四岔路","交叉路口內","柏油","乾燥","良好","無號誌","中央分向島","未繪設快慢車道分隔線","無",19,"未使用",121.537907,25.025667,"臺北市","大安區"
"側撞","2020",1,29,22,"晴","夜間(或隧道、地下道、涵洞)有照明",50,"四岔路","交叉路口內","柏油","乾燥","良好","無號誌","中央分向島","未繪設快慢車道分隔線","無",61,"未使用",121.537907,25.025667,"臺北市","大安區"
"側撞","2020",1,29,23,"陰","夜間(或隧道、地下道、涵洞)有照明",50,"三岔路","交叉路口內","柏油","乾燥","良好","無號誌","無","未繪設快慢車道分隔線","無",17,"未使用",121.212125,24.951494,"桃園市","平鎮區"
"側撞","2020",1,29,23,"陰","夜間(或隧道、地下道、涵洞)有照明",50,"三岔路","交叉路口內","柏油","乾燥","良好","無號誌","無","未繪設快慢車道分隔線","無",12,"未使用",121.212125,24.951494,"桃園市","平鎮區"
"側撞","2020",1,29,23,"陰","夜間(或隧道、地下道、涵洞)有照明",50,"三岔路","交叉路口內","柏油","乾燥","良好","無號誌","無","未繪設快慢車道分隔線","無",39,"未使用",121.212125,24.951494,"桃園市","平鎮區"
"側撞","2020",1,29,23,"陰","夜間(或隧道、地下道、涵洞)有照明",50,"三岔路","交叉路口內","柏油","乾燥","良好","無號誌","無","未繪設快慢車道分隔線","無",27,"未使用",121.212125,24.951494,"桃園市","平鎮區"
"側撞","2020",1,29,23,"陰","夜間(或隧道、地下道、涵洞)有照明",50,"三岔路","交叉路口內","柏油","乾燥","良好","無號誌","無","未繪設快慢車道分隔線","無",23,"未使用",121.212125,24.951494,"桃園市","平鎮區"
"側撞","2020",1,30,9,"晴","日間自然光線",60,"直路","快車道","柏油","乾燥","良好","無號誌","雙向禁止超車線","快慢車道分隔線","有",76,"未使用",120.332388,22.947098,"臺南市","關廟區"
"側撞","2020",1,30,9,"晴","日間自然光線",60,"直路","快車道","柏油","乾燥","良好","無號誌","雙向禁止超車線","快慢車道分隔線","有",38,"未使用",120.332388,22.947098,"臺南市","關廟區"
"側撞","2020",1,30,9,"晴","日間自然光線",50,"四岔路","交叉路口內","柏油","乾燥","良好","正常","中央分向島","寛式快慢車道分隔島(50公分以上)","有",57,"未使用",120.954434,24.877908,"新竹縣","竹北市"
"側撞","2020",1,30,9,"晴","日間自然光線",50,"四岔路","交叉路口內","柏油","乾燥","良好","正常","中央分向島","寛式快慢車道分隔島(50公分以上)","有",75,"未使用",120.954434,24.877908,"新竹縣","竹北市"
"側撞","2020",1,30,17,"晴","日間自然光線",40,"三岔路","交叉路口內","柏油","乾燥","良好","正常","無","未繪設快慢車道分隔線","無",73,"未使用",120.316172,22.647867,"高雄市","三民區"
"側撞","2020",1,30,17,"晴","日間自然光線",40,"三岔路","交叉路口內","柏油","乾燥","良好","正常","無","未繪設快慢車道分隔線","無",25,"未使用",120.316172,22.647867,"高雄市","三民區"
"穿越道路中","2020",1,30,20,"晴","夜間(或隧道、地下道、涵洞)有照明",50,"三岔路","交叉口附近","柏油","乾燥","良好","無號誌","中央分向島","未繪設快慢車道分隔線","有",61,"不明",121.494983,25.036183,"臺北市","萬華區"
"穿越道路中","2020",1,30,20,"晴","夜間(或隧道、地下道、涵洞)有照明",50,"三岔路","交叉口附近","柏油","乾燥","良好","無號誌","中央分向島","未繪設快慢車道分隔線","有",91,"非汽(機)車駕駛人",121.494983,25.036183,"臺北市","萬華區"
"同向通行中","2020",1,30,21,"晴","日間自然光線",70,"直路","快車道","柏油","乾燥","良好","無號誌","中央分向島","未繪設快慢車道分隔線","有",82,"非汽(機)車駕駛人",120.449403,22.771831,"高雄市","大樹區"
"同向通行中","2020",1,30,21,"晴","日間自然光線",70,"直路","快車道","柏油","乾燥","良好","無號誌","中央分向島","未繪設快慢車道分隔線","有",19,"未使用",120.449403,22.771831,"高雄市","大樹區"
"倒車撞","2020",1,30,21,"晴","夜間(或隧道、地下道、涵洞)有照明",60,"直路","一般車道(未劃分快慢車道)","柏油","乾燥","不良","無號誌","雙向禁止超車線","未繪設快慢車道分隔線","有",24,"不明",120.606552,22.842287,"屏東縣","高樹鄉"
"倒車撞","2020",1,30,21,"晴","夜間(或隧道、地下道、涵洞)有照明",60,"直路","一般車道(未劃分快慢車道)","柏油","乾燥","不良","無號誌","雙向禁止超車線","未繪設快慢車道分隔線","有",52,"未使用",120.606552,22.842287,"屏東縣","高樹鄉"
"佇立路邊(外)","2020",1,31,9,"晴","日間自然光線",30,"直路","路肩、路緣","水泥","乾燥","良好","無號誌","雙向禁止超車線","未繪設快慢車道分隔線","有",94,"不明",120.703546,23.472128,"嘉義縣","阿里山鄉"
"佇立路邊(外)","2020",1,31,9,"晴","日間自然光線",30,"直路","路肩、路緣","水泥","乾燥","良好","無號誌","雙向禁止超車線","未繪設快慢車道分隔線","有",57,"未使用",120.703546,23.472128,"嘉義縣","阿里山鄉"
"對向通行中","2020",1,31,9,"晴","日間自然光線",50,"巷弄","一般車道(未劃分快慢車道)","柏油","乾燥","良好","無號誌","無","未繪設快慢車道分隔線","有",85,"非汽(機)車駕駛人",121.284624,24.934476,"桃園市","平鎮區"
"對向通行中","2020",1,31,9,"晴","日間自然光線",50,"巷弄","一般車道(未劃分快慢車道)","柏油","乾燥","良好","無號誌","無","未繪設快慢車道分隔線","有",47,"未使用",121.284624,24.934476,"桃園市","平鎮區"
"側撞","2020",1,31,10,"晴","日間自然光線",60,"三岔路","交叉路口內","柏油","乾燥","良好","正常","無","未繪設快慢車道分隔線","無",76,"未使用",121.460936,23.326655,"臺東縣","長濱鄉"
"側撞","2020",1,31,10,"晴","日間自然光線",60,"三岔路","交叉路口內","柏油","乾燥","良好","正常","無","未繪設快慢車道分隔線","無",52,"未使用",121.460936,23.326655,"臺東縣","長濱鄉"
"同向擦撞","2020",1,31,11,"晴","日間自然光線",60,"四岔路","交叉口附近","柏油","乾燥","良好","正常","無","未繪設快慢車道分隔線","無",27,"未使用",120.365555,22.589883,"高雄市","鳳山區"
"同向擦撞","2020",1,31,11,"晴","日間自然光線",60,"四岔路","交叉口附近","柏油","乾燥","良好","正常","無","未繪設快慢車道分隔線","無",49,"未使用",120.365555,22.589883,"高雄市","鳳山區"
"同向擦撞","2020",1,31,11,"晴","日間自然光線",60,"四岔路","交叉口附近","柏油","乾燥","良好","正常","無","未繪設快慢車道分隔線","無",68,"未使用",120.365555,22.589883,"高雄市","鳳山區"
"其他","2020",1,31,18,"陰","夜間(或隧道、地下道、涵洞)有照明",60,"直路","行人穿越道","柏油","乾燥","良好","正常","無","未繪設快慢車道分隔線","無",38,"未使用",121.374971,25.029664,"桃園市","龜山區"
"其他","2020",1,31,18,"陰","夜間(或隧道、地下道、涵洞)有照明",60,"直路","行人穿越道","柏油","乾燥","良好","正常","無","未繪設快慢車道分隔線","無",75,"非汽(機)車駕駛人",121.374971,25.029664,"桃園市","龜山區"
"穿越道路中","2020",1,31,18,"晴","夜間(或隧道、地下道、涵洞)有照明",50,"直路","一般車道(未劃分快慢車道)","柏油","乾燥","良好","無號誌","雙向禁止超車線","未繪設快慢車道分隔線","有",50,"未使用",120.23893,23.461494,"嘉義縣","朴子市"
"穿越道路中","2020",1,31,18,"晴","夜間(或隧道、地下道、涵洞)有照明",50,"直路","一般車道(未劃分快慢車道)","柏油","乾燥","良好","無號誌","雙向禁止超車線","未繪設快慢車道分隔線","有",86,"非汽(機)車駕駛人",120.23893,23.461494,"嘉義縣","朴子市"
"撞交通島","2020",1,31,23,"晴","夜間(或隧道、地下道、涵洞)有照明",40,"直路","一般車道(未劃分快慢車道)","柏油","乾燥","良好","無號誌","無","未繪設快慢車道分隔線","有",41,"不明",120.694917,24.052294,"臺中市","霧峰區"
"側撞","2020",2,2,4,"晴","夜間(或隧道、地下道、涵洞)有照明",50,"四岔路","交叉路口內","柏油","乾燥","良好","正常","無","未繪設快慢車道分隔線","無",44,"",120.305,22.63248,"高雄市","新興區"
"側撞","2020",2,2,4,"晴","夜間(或隧道、地下道、涵洞)有照明",50,"四岔路","交叉路口內","柏油","乾燥","良好","正常","無","未繪設快慢車道分隔線","無",38,"不明",120.305,22.63248,"高雄市","新興區"
"側撞","2020",2,2,4,"晴","夜間(或隧道、地下道、涵洞)有照明",50,"四岔路","交叉路口內","柏油","乾燥","良好","正常","無","未繪設快慢車道分隔線","無",44,"不明",120.305,22.63248,"高雄市","新興區"
"側撞","2020",2,2,4,"晴","夜間(或隧道、地下道、涵洞)有照明",50,"四岔路","交叉路口內","柏油","乾燥","良好","正常","無","未繪設快慢車道分隔線","無",18,"非汽(機)車駕駛人",120.305,22.63248,"高雄市","新興區"
"側撞","2020",2,2,4,"晴","夜間(或隧道、地下道、涵洞)有照明",50,"四岔路","交叉路口內","柏油","乾燥","良好","正常","無","未繪設快慢車道分隔線","無",18,"未使用",120.305,22.63248,"高雄市","新興區"
"撞護欄(樁)","2020",2,2,20,"晴","夜間(或隧道、地下道、涵洞)有照明",50,"直路","路肩、路緣","柏油","乾燥","良好","無號誌","中央分向島","未繪設快慢車道分隔線","有",109,"",120.4166,22.78099,"高雄市","燕巢區"
"撞護欄(樁)","2020",2,2,20,"晴","夜間(或隧道、地下道、涵洞)有照明",50,"直路","路肩、路緣","柏油","乾燥","良好","無號誌","中央分向島","未繪設快慢車道分隔線","有",56,"未使用",120.4166,22.78099,"高雄市","燕巢區"
"側撞","2020",2,3,9,"晴","日間自然光線",50,"四岔路","交叉路口內","柏油","乾燥","良好","正常","無","未繪設快慢車道分隔線","無",82,"未使用",121.290784,25.005376,"桃園市","桃園區"
"側撞","2020",2,3,9,"晴","日間自然光線",50,"四岔路","交叉路口內","柏油","乾燥","良好","正常","無","未繪設快慢車道分隔線","無",23,"未使用",121.290784,25.005376,"桃園市","桃園區"
"其他","2020",2,3,9,"晴","日間自然光線",50,"四岔路","交叉路口內","柏油","乾燥","良好","正常","無","未繪設快慢車道分隔線","有",64,"不明",120.416775,24.077235,"彰化縣","鹿港鎮"
"其他","2020",2,3,9,"晴","日間自然光線",50,"四岔路","交叉路口內","柏油","乾燥","良好","正常","無","未繪設快慢車道分隔線","有",42,"不明",120.416775,24.077235,"彰化縣","鹿港鎮"
"其他","2020",2,3,9,"晴","日間自然光線",50,"四岔路","交叉路口內","柏油","乾燥","良好","正常","無","未繪設快慢車道分隔線","有",34,"不明",120.416775,24.077235,"彰化縣","鹿港鎮"
"其他","2020",2,3,9,"晴","日間自然光線",50,"四岔路","交叉路口內","柏油","乾燥","良好","正常","無","未繪設快慢車道分隔線","有",49,"不明",120.416775,24.077235,"彰化縣","鹿港鎮"
"其他","2020",2,3,9,"晴","日間自然光線",50,"四岔路","交叉路口內","柏油","乾燥","良好","正常","無","未繪設快慢車道分隔線","有",28,"不明",120.416775,24.077235,"彰化縣","鹿港鎮"
"其他","2020",2,3,9,"晴","日間自然光線",50,"四岔路","交叉路口內","柏油","乾燥","良好","正常","無","未繪設快慢車道分隔線","有",61,"不明",120.416775,24.077235,"彰化縣","鹿港鎮"
"其他","2020",2,3,9,"晴","日間自然光線",50,"四岔路","交叉路口內","柏油","乾燥","良好","正常","無","未繪設快慢車道分隔線","有",25,"不明",120.416775,24.077235,"彰化縣","鹿港鎮"
"其他","2020",2,3,9,"晴","日間自然光線",50,"四岔路","交叉路口內","柏油","乾燥","良好","正常","無","未繪設快慢車道分隔線","有",45,"不明",120.416775,24.077235,"彰化縣","鹿港鎮"
"其他","2020",2,3,9,"晴","日間自然光線",50,"四岔路","交叉路口內","柏油","乾燥","良好","正常","無","未繪設快慢車道分隔線","有",26,"不明",120.416775,24.077235,"彰化縣","鹿港鎮"
"同向擦撞","2020",2,3,11,"晴","日間自然光線",40,"彎曲路及附近","一般車道(未劃分快慢車道)","柏油","乾燥","良好","無號誌","雙向禁止超車線","未繪設快慢車道分隔線","有",43,"未使用",120.86622,24.64073,"苗栗縣","造橋鄉"
"同向擦撞","2020",2,3,11,"晴","日間自然光線",40,"彎曲路及附近","一般車道(未劃分快慢車道)","柏油","乾燥","良好","無號誌","雙向禁止超車線","未繪設快慢車道分隔線","有",38,"未使用",120.86622,24.64073,"苗栗縣","造橋鄉"
"同向擦撞","2020",2,3,11,"晴","日間自然光線",40,"彎曲路及附近","一般車道(未劃分快慢車道)","柏油","乾燥","良好","無號誌","雙向禁止超車線","未繪設快慢車道分隔線","有",43,"未使用",120.86622,24.64073,"苗栗縣","造橋鄉"
"同向擦撞","2020",2,3,11,"晴","日間自然光線",40,"彎曲路及附近","一般車道(未劃分快慢車道)","柏油","乾燥","良好","無號誌","雙向禁止超車線","未繪設快慢車道分隔線","有",65,"未使用",120.86622,24.64073,"苗栗縣","造橋鄉"
"同向擦撞","2020",2,3,11,"晴","日間自然光線",40,"彎曲路及附近","一般車道(未劃分快慢車道)","柏油","乾燥","良好","無號誌","雙向禁止超車線","未繪設快慢車道分隔線","有",56,"非汽(機)車駕駛人",120.86622,24.64073,"苗栗縣","造橋鄉"
"側撞","2020",2,3,13,"晴","日間自然光線",50,"直路","快車道","柏油","乾燥","良好","無號誌","中央分向島","快慢車道分隔線","有",21,"未使用",120.934367,24.790406,"新竹市","香山區"
"側撞","2020",2,3,13,"晴","日間自然光線",50,"直路","快車道","柏油","乾燥","良好","無號誌","中央分向島","快慢車道分隔線","有",55,"未使用",120.934367,24.790406,"新竹市","香山區"
"衝出路外","2020",2,3,14,"晴","日間自然光線",40,"彎曲路及附近","一般車道(未劃分快慢車道)","柏油","乾燥","良好","無號誌","雙向禁止超車線","未繪設快慢車道分隔線","有",45,"未使用",120.969854,24.728684,"新竹縣","寶山鄉"
"衝出路外","2020",2,3,14,"晴","日間自然光線",40,"彎曲路及附近","一般車道(未劃分快慢車道)","柏油","乾燥","良好","無號誌","雙向禁止超車線","未繪設快慢車道分隔線","有",61,"未使用",120.969854,24.728684,"新竹縣","寶山鄉"
"同向擦撞","2020",2,3,16,"晴","日間自然光線",50,"直路","快車道","柏油","乾燥","良好","無號誌","行車分向線","快慢車道分隔線","無",36,"未使用",120.343007,22.65044,"高雄市","鳥松區"
"同向擦撞","2020",2,3,16,"晴","日間自然光線",50,"直路","快車道","柏油","乾燥","良好","無號誌","行車分向線","快慢車道分隔線","無",47,"未使用",120.343007,22.65044,"高雄市","鳥松區"
"其他","2020",2,3,21,"晴","夜間(或隧道、地下道、涵洞)有照明",50,"彎曲路及附近","一般車道(未劃分快慢車道)","柏油","乾燥","良好","無號誌","雙向禁止超車線","未繪設快慢車道分隔線","有",21,"未使用",121.429959,25.11793,"新北市","五股區"
"其他","2020",2,3,21,"晴","夜間(或隧道、地下道、涵洞)有照明",50,"彎曲路及附近","一般車道(未劃分快慢車道)","柏油","乾燥","良好","無號誌","雙向禁止超車線","未繪設快慢車道分隔線","有",47,"未使用",121.429959,25.11793,"新北市","五股區"