"事故類型及型態子類別名稱","發生年度","發生月份","發生日期","發生時間","天候名稱","光線名稱","速限.第1當事者","道路型態子類別名稱","事故位置子類別名稱","路面狀況.路面鋪裝名稱","路面狀況.路面狀態名稱","道路障礙.視距品質名稱","號誌.號誌動作名稱","車道劃分設施.分向設施大類別名稱","車道劃分設施.分道設施.快慢車道間名稱","車道劃分設施.分道設施.路面邊線名稱","當事者事故發生時年齡","行動電話或電腦或其他相類功能裝置名稱","經度","緯度","縣市","鄉鎮"
"撞護欄(樁)","2020",2,3,21,"晴","夜間(或隧道、地下道、涵洞)有照明",50,"直路","一般車道(未劃分快慢車道)","柏油","乾燥","良好","無號誌","雙向禁止超車線","未繪設快慢車道分隔線","有",38,"未使用",121.443241,25.024787,"新北市","三重區"
"撞路樹、電桿","2020",2,4,3,"晴","夜間(或隧道、地下道、涵洞)有照明",50,"直路","一般車道(未劃分快慢車道)","柏油","濕潤","良好","無號誌","雙向禁止超車線","快慢車道分隔線","有",58,"不明",121.441132,25.000711,"新北市","板橋區"
"撞路樹、電桿","2020",2,4,3,"晴","夜間(或隧道、地下道、涵洞)有照明",50,"直路","一般車道(未劃分快慢車道)","柏油","濕潤","良好","無號誌","雙向禁止超車線","快慢車道分隔線","有",61,"不明",121.441132,25.000711,"新北市","板橋區"
"撞路樹、電桿","2020",2,4,3,"晴","夜間(或隧道、地下道、涵洞)有照明",50,"直路","一般車道(未劃分快慢車道)","柏油","濕潤","良好","無號誌","雙向禁止超車線","快慢車道分隔線","有",26,"未使用",121.441132,25.000711,"新北市","板橋區"
"撞路樹、電桿","2020",2,4,3,"晴","夜間(或隧道、地下道、涵洞)有照明",50,"直路","一般車道(未劃分快慢車道)","柏油","濕潤","良好","無號誌","雙向禁止超車線","快慢車道分隔線","有",65,"未使用",121.441132,25.000711,"新北市","板橋區"
"撞護欄(樁)","2020",2,4,3,"晴","夜間(或隧道、地下道、涵洞)有照明",50,"直路","一般車道(未劃分快慢車道)","柏油","乾燥","良好","無號誌","無","未繪設快慢車道分隔線","有",38,"未使用",121.208508,24.984253,"桃園市","中壢區"
"撞護欄(樁)","2020",2,4,3,"晴","夜間(或隧道、地下道、涵洞)有照明",50,"直路","一般車道(未劃分快慢車道)","柏油","乾燥","良好","無號誌","無","未繪設快慢車道分隔線","有",35,"未使用",121.208508,24.984253,"桃園市","中壢區"
"追撞","2020",2,4,8,"陰","日間自然光線",60,"直路","一般車道(未劃分快慢車道)","柏油","乾燥","良好","正常","無","未繪設快慢車道分隔線","有",42,"不明",121.257037,24.868543,"桃園市","大溪區"
"追撞","2020",2,4,8,"陰","日間自然光線",60,"直路","一般車道(未劃分快慢車道)","柏油","乾燥","良好","正常","無","未繪設快慢車道分隔線","有",29,"未使用",121.257037,24.868543,"桃園市","大溪區"
"追撞","2020",2,4,8,"陰","日間自然光線",60,"直路","一般車道(未劃分快慢車道)","柏油","乾燥","良好","正常","無","未繪設快慢車道分隔線","有",57,"未使用",121.257037,24.868543,"桃園市","大溪區"
"路口交岔撞","2020",2,4,12,"晴","日間自然光線",40,"四岔路","交叉路口內","柏油","乾燥","良好","無號誌","無","未繪設快慢車道分隔線","有",49,"不明",120.548323,23.89076,"彰化縣","田尾鄉"
"路口交岔撞","2020",2,4,12,"晴","日間自然光線",40,"四岔路","交叉路口內","柏油","乾燥","良好","無號誌","無","未繪設快慢車道分隔線","有",69,"不明",120.548323,23.89076,"彰化縣","田尾鄉"
"同向擦撞","2020",2,4,15,"晴","日間自然光線",50,"三岔路","交叉路口內","柏油","乾燥","良好","正常","無","未繪設快慢車道分隔線","無",58,"未使用",120.371235,22.574926,"高雄市","小港區"
"同向擦撞","2020",2,4,15,"晴","日間自然光線",50,"三岔路","交叉路口內","柏油","乾燥","良好","正常","無","未繪設快慢車道分隔線","無",60,"未使用",120.371235,22.574926,"高雄市","小港區"
"追撞","2020",2,4,20,"陰","夜間(或隧道、地下道、涵洞)無照明",110,"直路","快車道","柏油","乾燥","良好","無號誌","中央分向島","未繪設快慢車道分隔線","有",40,"不明",120.701804,23.856058,"南投縣","名間鄉"
"追撞","2020",2,4,20,"陰","夜間(或隧道、地下道、涵洞)無照明",110,"直路","快車道","柏油","乾燥","良好","無號誌","中央分向島","未繪設快慢車道分隔線","有",33,"未使用",120.701804,23.856058,"南投縣","名間鄉"
"追撞","2020",2,4,20,"陰","夜間(或隧道、地下道、涵洞)無照明",110,"直路","快車道","柏油","乾燥","良好","無號誌","中央分向島","未繪設快慢車道分隔線","有",43,"未使用",120.701804,23.856058,"南投縣","名間鄉"
"追撞","2020",2,4,20,"陰","夜間(或隧道、地下道、涵洞)無照明",110,"直路","快車道","柏油","乾燥","良好","無號誌","中央分向島","未繪設快慢車道分隔線","有",64,"未使用",120.701804,23.856058,"南投縣","名間鄉"
"追撞","2020",2,5,6,"陰","晨或暮光",50,"直路","一般車道(未劃分快慢車道)","柏油","濕潤","良好","無號誌","中央分向島","未繪設快慢車道分隔線","有",42,"未使用",121.459527,25.145854,"新北市","淡水區"
"追撞","2020",2,5,6,"陰","晨或暮光",50,"直路","一般車道(未劃分快慢車道)","柏油","濕潤","良好","無號誌","中央分向島","未繪設快慢車道分隔線","有",53,"未使用",121.459527,25.145854,"新北市","淡水區"
"同向擦撞","2020",2,5,7,"晴","日間自然光線",40,"直路","慢車道","柏油","乾燥","良好","無號誌","中央分向島","快慢車道分隔線","無",58,"未使用",120.674084,24.189546,"臺中市","北屯區"
"同向擦撞","2020",2,5,7,"晴","日間自然光線",40,"直路","慢車道","柏油","乾燥","良好","無號誌","中央分向島","快慢車道分隔線","無",33,"未使用",120.674084,24.189546,"臺中市","北屯區"
"同向擦撞","2020",2,5,7,"晴","日間自然光線",40,"直路","慢車道","柏油","乾燥","良好","無號誌","中央分向島","快慢車道分隔線","無",53,"未使用",120.674084,24.189546,"臺中市","北屯區"
"同向擦撞","2020",2,5,7,"晴","日間自然光線",40,"直路","慢車道","柏油","乾燥","良好","無號誌","中央分向島","快慢車道分隔線","無",37,"未使用",120.674084,24.189546,"臺中市","北屯區"
"其他","2020",2,5,14,"陰","日間自然光線",50,"直路","一般車道(未劃分快慢車道)","柏油","乾燥","良好","無號誌","行車分向線","未繪設快慢車道分隔線","有",42,"未使用",121.384077,25.100406,"新北市","林口區"
"其他","2020",2,5,14,"陰","日間自然光線",50,"直路","一般車道(未劃分快慢車道)","柏油","乾燥","良好","無號誌","行車分向線","未繪設快慢車道分隔線","有",24,"未使用",121.384077,25.100406,"新北市","林口區"
"其他","2020",2,5,14,"陰","日間自然光線",50,"直路","一般車道(未劃分快慢車道)","柏油","乾燥","良好","無號誌","行車分向線","未繪設快慢車道分隔線","有",37,"未使用",121.384077,25.100406,"新北市","林口區"
"穿越道路中","2020",2,5,18,"晴","夜間(或隧道、地下道、涵洞)有照明",60,"四岔路","交叉路口內","柏油","乾燥","良好","正常","雙向禁止超車線","快慢車道分隔線","有",39,"未使用",120.2791,22.64994,"高雄市","鼓山區"
"穿越道路中","2020",2,5,18,"晴","夜間(或隧道、地下道、涵洞)有照明",60,"四岔路","交叉路口內","柏油","乾燥","良好","正常","雙向禁止超車線","快慢車道分隔線","有",77,"非汽(機)車駕駛人",120.2791,22.64994,"高雄市","鼓山區"
"撞護欄(樁)","2020",2,6,4,"晴","夜間(或隧道、地下道、涵洞)有照明",40,"彎曲路及附近","一般車道(未劃分快慢車道)","柏油","乾燥","良好","無號誌","雙向禁止超車線","未繪設快慢車道分隔線","無",19,"不明",120.693243,24.050776,"臺中市","霧峰區"
"側撞","2020",2,6,7,"晴","日間自然光線",50,"四岔路","交叉路口內","柏油","乾燥","良好","正常","無","未繪設快慢車道分隔線","無",58,"未使用",120.422738,22.582813,"高雄市","大寮區"
"側撞","2020",2,6,7,"晴","日間自然光線",50,"四岔路","交叉路口內","柏油","乾燥","良好","正常","無","未繪設快慢車道分隔線","無",30,"不明",120.422738,22.582813,"高雄市","大寮區"
"路上翻車、摔倒","2020",2,6,11,"晴","日間自然光線",40,"彎曲路及附近","一般車道(未劃分快慢車道)","柏油","乾燥","良好","無號誌","雙向禁止超車線","未繪設快慢車道分隔線","有",47,"不明",120.812217,24.38724,"苗栗縣","大湖鄉"
"其他","2020",2,6,13,"晴","日間自然光線",30,"直路","路肩、路緣","柏油","乾燥","良好","無號誌","無","未繪設快慢車道分隔線","有",56,"未使用",120.530841,22.552879,"屏東縣","潮州鎮"
"其他","2020",2,6,13,"晴","日間自然光線",30,"直路","路肩、路緣","柏油","乾燥","良好","無號誌","無","未繪設快慢車道分隔線","有",18,"未使用",120.530841,22.552879,"屏東縣","潮州鎮"
"穿越道路中","2020",2,6,20,"晴","夜間(或隧道、地下道、涵洞)有照明",40,"直路","機車優先道","柏油","乾燥","良好","無號誌","中央分向島","快慢車道分隔線","有",17,"未使用",120.65412,24.221181,"臺中市","大雅區"
"穿越道路中","2020",2,6,20,"晴","夜間(或隧道、地下道、涵洞)有照明",40,"直路","機車優先道","柏油","乾燥","良好","無號誌","中央分向島","快慢車道分隔線","有",15,"非汽(機)車駕駛人",120.65412,24.221181,"臺中市","大雅區"
"穿越道路中","2020",2,6,20,"晴","夜間(或隧道、地下道、涵洞)有照明",40,"直路","機車優先道","柏油","乾燥","良好","無號誌","中央分向島","快慢車道分隔線","有",51,"非汽(機)車駕駛人",120.65412,24.221181,"臺中市","大雅區"
"撞護欄(樁)","2020",2,7,2,"陰","夜間(或隧道、地下道、涵洞)有照明",50,"直路","一般車道(未劃分快慢車道)","柏油","乾燥","良好","無號誌","雙向禁止超車線","未繪設快慢車道分隔線","有",20,"未使用",121.463212,25.039614,"新北市","新莊區"
"撞路樹、電桿","2020",2,7,3,"雨","夜間(或隧道、地下道、涵洞)有照明",50,"彎曲路及附近","一般車道(未劃分快慢車道)","柏油","濕潤","良好","無號誌","行車分向線","未繪設快慢車道分隔線","有",73,"未使用",121.21929,24.879958,"桃園市","龍潭區"
"穿越道路中","2020",2,7,4,"雨","夜間(或隧道、地下道、涵洞)有照明",50,"直路","穿越道附近","柏油","濕潤","良好","無號誌","中央分向島","快慢車道分隔線","有",63,"未使用",121.342456,25.001473,"桃園市","龜山區"
"穿越道路中","2020",2,7,4,"雨","夜間(或隧道、地下道、涵洞)有照明",50,"直路","穿越道附近","柏油","濕潤","良好","無號誌","中央分向島","快慢車道分隔線","有",70,"非汽(機)車駕駛人",121.342456,25.001473,"桃園市","龜山區"
"穿越道路中","2020",2,7,6,"晴","夜間(或隧道、地下道、涵洞)有照明",50,"三岔路","交叉口附近","柏油","乾燥","良好","無號誌","無","未繪設快慢車道分隔線","無",34,"未使用",120.147391,23.078375,"臺南市","南區"
"穿越道路中","2020",2,7,6,"晴","夜間(或隧道、地下道、涵洞)有照明",50,"三岔路","交叉口附近","柏油","乾燥","良好","無號誌","無","未繪設快慢車道分隔線","無",61,"未使用",120.147391,23.078375,"臺南市","南區"
"穿越道路中","2020",2,7,6,"晴","夜間(或隧道、地下道、涵洞)有照明",50,"三岔路","交叉口附近","柏油","乾燥","良好","無號誌","無","未繪設快慢車道分隔線","無",73,"非汽(機)車駕駛人",120.147391,23.078375,"臺南市","南區"
"衝出路外","2020",2,7,6,"晴","夜間(或隧道、地下道、涵洞)有照明",50,"三岔路","交叉口附近","柏油","乾燥","良好","正常","無","未繪設快慢車道分隔線","無",62,"未使用",120.204118,22.97518,"臺南市","南區"
"撞路樹、電桿","2020",2,7,7,"晴","日間自然光線",50,"彎曲路及附近","一般車道(未劃分快慢車道)","柏油","乾燥","良好","無號誌","無","未繪設快慢車道分隔線","有",36,"未使用",120.593539,24.095809,"彰化縣","彰化市"
"路上翻車、摔倒","2020",2,7,7,"雨","日間自然光線",40,"彎曲路及附近","機車專用道","柏油","濕潤","不良","無號誌","中央分向島","未繪設快慢車道分隔線","有",20,"未使用",121.265152,25.118334,"桃園市","蘆竹區"
"側撞","2020",2,7,9,"晴","日間自然光線",40,"直路","一般車道(未劃分快慢車道)","柏油","乾燥","良好","無號誌","無","未繪設快慢車道分隔線","無",62,"未使用",120.447865,23.967903,"彰化縣","埔鹽鄉"
"側撞","2020",2,7,9,"晴","日間自然光線",40,"直路","一般車道(未劃分快慢車道)","柏油","乾燥","良好","無號誌","無","未繪設快慢車道分隔線","無",56,"未使用",120.447865,23.967903,"彰化縣","埔鹽鄉"
"對撞","2020",2,7,10,"晴","日間自然光線",30,"彎曲路及附近","一般車道(未劃分快慢車道)","柏油","乾燥","良好","無號誌","行車分向線","未繪設快慢車道分隔線","有",16,"未使用",120.667477,23.056742,"高雄市","六龜區"
"對撞","2020",2,7,10,"晴","日間自然光線",30,"彎曲路及附近","一般車道(未劃分快慢車道)","柏油","乾燥","良好","無號誌","行車分向線","未繪設快慢車道分隔線","有",68,"非汽(機)車駕駛人",120.667477,23.056742,"高雄市","六龜區"
"對撞","2020",2,7,10,"晴","日間自然光線",30,"彎曲路及附近","一般車道(未劃分快慢車道)","柏油","乾燥","良好","無號誌","行車分向線","未繪設快慢車道分隔線","有",37,"不明",120.667477,23.056742,"高雄市","六龜區"
"側撞","2020",2,7,10,"晴","日間自然光線",40,"直路","慢車道","柏油","乾燥","良好","無號誌","中央分向島","寛式快慢車道分隔島(50公分以上)","無",49,"未使用",120.672085,24.201262,"臺中市","西屯區"
"側撞","2020",2,7,10,"晴","日間自然光線",40,"直路","慢車道","柏油","乾燥","良好","無號誌","中央分向島","寛式快慢車道分隔島(50公分以上)","無",42,"未使用",120.672085,24.201262,"臺中市","西屯區"
"側撞","2020",2,7,10,"晴","日間自然光線",40,"直路","慢車道","柏油","乾燥","良好","無號誌","中央分向島","寛式快慢車道分隔島(50公分以上)","無",62,"未使用",120.672085,24.201262,"臺中市","西屯區"
"撞護欄(樁)","2020",2,7,11,"晴","日間自然光線",50,"直路","路肩、路緣","柏油","乾燥","良好","無號誌","雙向禁止超車線","未繪設快慢車道分隔線","有",65,"未使用",120.362877,23.175872,"臺南市","官田區"
"衝出路外","2020",2,7,13,"晴","日間自然光線",40,"彎曲路及附近","一般車道(未劃分快慢車道)","柏油","乾燥","不良","無號誌","雙向禁止超車線","未繪設快慢車道分隔線","有",31,"未使用",120.655432,23.616165,"南投縣","竹山鎮"
"衝出路外","2020",2,7,13,"晴","日間自然光線",40,"彎曲路及附近","一般車道(未劃分快慢車道)","柏油","乾燥","不良","無號誌","雙向禁止超車線","未繪設快慢車道分隔線","有",75,"非汽(機)車駕駛人",120.655432,23.616165,"南投縣","竹山鎮"
"對撞","2020",2,7,14,"晴","日間自然光線",50,"直路","一般車道(未劃分快慢車道)","柏油","乾燥","良好","無號誌","雙向禁止超車線","快慢車道分隔線","無",71,"不明",120.707499,24.260261,"臺中市","神岡區"
"對撞","2020",2,7,14,"晴","日間自然光線",50,"直路","一般車道(未劃分快慢車道)","柏油","乾燥","良好","無號誌","雙向禁止超車線","快慢車道分隔線","無",27,"不明",120.707499,24.260261,"臺中市","神岡區"
"撞護欄(樁)","2020",2,7,14,"晴","日間自然光線",30,"彎曲路及附近","一般車道(未劃分快慢車道)","柏油","乾燥","良好","無號誌","無","未繪設快慢車道分隔線","有",38,"未使用",121.049162,23.158272,"臺東縣","海端鄉"
"路口交岔撞","2020",2,7,15,"晴","日間自然光線",40,"四岔路","交叉路口內","柏油","乾燥","良好","正常","無","未繪設快慢車道分隔線","有",36,"未使用",121.790365,24.760453,"宜蘭縣","壯圍鄉"
"路口交岔撞","2020",2,7,15,"晴","日間自然光線",40,"四岔路","交叉路口內","柏油","乾燥","良好","正常","無","未繪設快慢車道分隔線","有",80,"未使用",121.790365,24.760453,"宜蘭縣","壯圍鄉"
"穿越道路中","2020",2,7,19,"雨","夜間(或隧道、地下道、涵洞)有照明",50,"直路","快車道","柏油","濕潤","良好","無號誌","雙向禁止超車線","快慢車道分隔線","有",64,"未使用",121.418021,23.253572,"臺東縣","長濱鄉"
"穿越道路中","2020",2,7,19,"雨","夜間(或隧道、地下道、涵洞)有照明",50,"直路","快車道","柏油","濕潤","良好","無號誌","雙向禁止超車線","快慢車道分隔線","有",75,"非汽(機)車駕駛人",121.418021,23.253572,"臺東縣","長濱鄉"
"撞路樹、電桿","2020",2,7,23,"陰","夜間(或隧道、地下道、涵洞)有照明",70,"直路","路肩、路緣","柏油","乾燥","良好","無號誌","中央分向島","未繪設快慢車道分隔線","有",20,"不明",120.4733,24.15059,"彰化縣","伸港鄉"
"衝出路外","2020",2,8,2,"晴","夜間(或隧道、地下道、涵洞)有照明",50,"彎曲路及附近","一般車道(未劃分快慢車道)","柏油","乾燥","良好","無號誌","行車分向線","未繪設快慢車道分隔線","有",43,"未使用",120.719306,24.082765,"臺中市","大里區"
"同向擦撞","2020",2,8,7,"晴","日間自然光線",40,"直路","慢車道","柏油","乾燥","良好","正常","雙向禁止超車線","快慢車道分隔線","無",56,"未使用",120.3063,22.67525,"高雄市","左營區"
"同向擦撞","2020",2,8,7,"晴","日間自然光線",40,"直路","慢車道","柏油","乾燥","良好","正常","雙向禁止超車線","快慢車道分隔線","無",80,"非汽(機)車駕駛人",120.3063,22.67525,"高雄市","左營區"
"撞號誌、標誌桿","2020",2,8,8,"陰","日間自然光線",50,"彎曲路及附近","一般車道(未劃分快慢車道)","柏油","乾燥","良好","無號誌","中央分向島","未繪設快慢車道分隔線","有",56,"未使用",121.387489,25.008862,"桃園市","龜山區"
"撞號誌、標誌桿","2020",2,8,8,"陰","日間自然光線",50,"彎曲路及附近","一般車道(未劃分快慢車道)","柏油","乾燥","良好","無號誌","中央分向島","未繪設快慢車道分隔線","有",19,"未使用",121.387489,25.008862,"桃園市","龜山區"
"撞路樹、電桿","2020",2,9,4,"晴","夜間(或隧道、地下道、涵洞)有照明",50,"直路","一般車道(未劃分快慢車道)","柏油","乾燥","良好","無號誌","行車分向線","未繪設快慢車道分隔線","有",28,"不明",120.33067,23.570381,"嘉義縣","新港鄉"
"路上翻車、摔倒","2020",2,9,5,"晴","夜間(或隧道、地下道、涵洞)有照明",40,"直路","一般車道(未劃分快慢車道)","柏油","乾燥","良好","無號誌","無","未繪設快慢車道分隔線","無",82,"非汽(機)車駕駛人",120.457436,24.108489,"彰化縣","鹿港鎮"
"撞路樹、電桿","2020",2,9,5,"陰","夜間(或隧道、地下道、涵洞)有照明",30,"坡路","路肩、路緣","柏油","乾燥","良好","無號誌","雙向禁止超車線","未繪設快慢車道分隔線","有",50,"未使用",121.332019,24.988436,"桃園市","龜山區"
"撞護欄(樁)","2020",2,9,5,"陰","夜間(或隧道、地下道、涵洞)有照明",60,"直路","路肩、路緣","柏油","乾燥","良好","無號誌","雙向禁止超車線","快慢車道分隔線","有",26,"不明",121.363891,23.097829,"臺東縣","成功鎮"
"穿越道路中","2020",2,9,13,"晴","日間自然光線",40,"四岔路","交叉路口內","柏油","乾燥","良好","正常","無","未繪設快慢車道分隔線","無",26,"未使用",120.306121,22.602985,"高雄市","前鎮區"
"穿越道路中","2020",2,9,13,"晴","日間自然光線",40,"四岔路","交叉路口內","柏油","乾燥","良好","正常","無","未繪設快慢車道分隔線","無",79,"非汽(機)車駕駛人",120.306121,22.602985,"高雄市","前鎮區"
"同向擦撞","2020",2,9,21,"陰","夜間(或隧道、地下道、涵洞)有照明",50,"直路","快車道","柏油","乾燥","不良","無號誌","中央分向島","快慢車道分隔線","有",28,"不明",121.324311,24.952343,"桃園市","八德區"
"同向擦撞","2020",2,9,21,"陰","夜間(或隧道、地下道、涵洞)有照明",50,"直路","快車道","柏油","乾燥","不良","無號誌","中央分向島","快慢車道分隔線","有",30,"不明",121.324311,24.952343,"桃園市","八德區"
"其他","2020",2,10,1,"晴","夜間(或隧道、地下道、涵洞)有照明",50,"四岔路","交叉口附近","柏油","乾燥","良好","正常","中央分向島","未繪設快慢車道分隔線","無",22,"不明",121.511145,25.063,"臺北市","大同區"
"其他","2020",2,10,1,"晴","夜間(或隧道、地下道、涵洞)有照明",50,"四岔路","交叉口附近","柏油","乾燥","良好","正常","中央分向島","未繪設快慢車道分隔線","無",24,"不明",121.511145,25.063,"臺北市","大同區"
"撞護欄(樁)","2020",2,10,3,"晴","夜間(或隧道、地下道、涵洞)有照明",100,"高架道路","快車道","柏油","乾燥","良好","無號誌","中央分向島","未繪設快慢車道分隔線","有",55,"不明",121.668533,25.081816,"新北市","汐止區"
"其他","2020",2,10,7,"晴","日間自然光線",50,"直路","路肩、路緣","柏油","乾燥","良好","無號誌","雙向禁止超車線","未繪設快慢車道分隔線","有",56,"未使用",120.705886,24.116983,"臺中市","太平區"
"其他","2020",2,10,7,"晴","日間自然光線",50,"直路","路肩、路緣","柏油","乾燥","良好","無號誌","雙向禁止超車線","未繪設快慢車道分隔線","有",29,"不明",120.705886,24.116983,"臺中市","太平區"
"其他","2020",2,10,7,"晴","日間自然光線",50,"直路","路肩、路緣","柏油","乾燥","良好","無號誌","雙向禁止超車線","未繪設快慢車道分隔線","有",42,"未使用",120.705886,24.116983,"臺中市","太平區"
"路口交岔撞","2020",2,10,13,"晴","日間自然光線",30,"三岔路","交叉路口內","柏油","乾燥","良好","無號誌","無","未繪設快慢車道分隔線","無",19,"不明",120.413114,22.574253,"高雄市","大寮區"
"路口交岔撞","2020",2,10,13,"晴","日間自然光線",30,"三岔路","交叉路口內","柏油","乾燥","良好","無號誌","無","未繪設快慢車道分隔線","無",37,"不明",120.413114,22.574253,"高雄市","大寮區"
"對向擦撞","2020",2,10,13,"晴","日間自然光線",40,"直路","一般車道(未劃分快慢車道)","柏油","乾燥","良好","無號誌","無","未繪設快慢車道分隔線","有",87,"未使用",120.5327,22.95206,"高雄市","杉林區"
"對向擦撞","2020",2,10,13,"晴","日間自然光線",40,"直路","一般車道(未劃分快慢車道)","柏油","乾燥","良好","無號誌","無","未繪設快慢車道分隔線","有",39,"未使用",120.5327,22.95206,"高雄市","杉林區"
"穿越道路中","2020",2,10,15,"陰","日間自然光線",50,"多岔路","交叉口附近","柏油","乾燥","良好","正常","中央分向島","未繪設快慢車道分隔線","有",81,"未使用",121.430514,24.964815,"新北市","土城區"
"穿越道路中","2020",2,10,15,"陰","日間自然光線",50,"多岔路","交叉口附近","柏油","乾燥","良好","正常","中央分向島","未繪設快慢車道分隔線","有",55,"未使用",121.430514,24.964815,"新北市","土城區"
"側撞","2020",2,10,16,"晴","日間自然光線",30,"三岔路","交叉路口內","柏油","乾燥","良好","正常","無","未繪設快慢車道分隔線","無",77,"未使用",120.713886,24.07999,"臺中市","霧峰區"
"側撞","2020",2,10,16,"晴","日間自然光線",30,"三岔路","交叉路口內","柏油","乾燥","良好","正常","無","未繪設快慢車道分隔線","無",58,"未使用",120.713886,24.07999,"臺中市","霧峰區"
"路上翻車、摔倒","2020",2,10,19,"陰","夜間(或隧道、地下道、涵洞)無照明",50,"直路","路肩、路緣","柏油","乾燥","良好","無號誌","中央分向島","快慢車道分隔線","無",18,"不明",120.463795,22.586757,"屏東縣","萬丹鄉"
"其他","2020",2,11,4,"晴","夜間(或隧道、地下道、涵洞)有照明",50,"直路","其他","柏油","乾燥","良好","正常","無","未繪設快慢車道分隔線","無",53,"未使用",120.568376,24.121843,"臺中市","大肚區"
"其他","2020",2,11,4,"晴","夜間(或隧道、地下道、涵洞)有照明",50,"直路","其他","柏油","乾燥","良好","正常","無","未繪設快慢車道分隔線","無",46,"未使用",120.568376,24.121843,"臺中市","大肚區"
"其他","2020",2,11,4,"晴","夜間(或隧道、地下道、涵洞)有照明",50,"直路","其他","柏油","乾燥","良好","正常","無","未繪設快慢車道分隔線","無",54,"非汽(機)車駕駛人",120.568376,24.121843,"臺中市","大肚區"
"路上翻車、摔倒","2020",2,11,7,"晴","日間自然光線",50,"直路","機車專用道","柏油","乾燥","良好","無號誌","中央分向島","寛式快慢車道分隔島(50公分以上)","有",109,"",120.37336,22.536138,"高雄市","小港區"
"路上翻車、摔倒","2020",2,11,7,"晴","日間自然光線",50,"直路","機車專用道","柏油","乾燥","良好","無號誌","中央分向島","寛式快慢車道分隔島(50公分以上)","有",62,"未使用",120.37336,22.536138,"高雄市","小港區"
"路口交岔撞","2020",2,11,11,"晴","日間自然光線",30,"四岔路","交叉路口內","柏油","乾燥","良好","正常","無","未繪設快慢車道分隔線","無",59,"未使用",120.460348,23.472735,"嘉義市","東區"
"路口交岔撞","2020",2,11,11,"晴","日間自然光線",30,"四岔路","交叉路口內","柏油","乾燥","良好","正常","無","未繪設快慢車道分隔線","無",37,"未使用",120.460348,23.472735,"嘉義市","東區"
"撞路樹、電桿","2020",2,11,15,"晴","日間自然光線",50,"彎曲路及附近","一般車道(未劃分快慢車道)","柏油","乾燥","良好","無號誌","中央分向島","未繪設快慢車道分隔線","有",29,"不明",121.365025,25.027631,"桃園市","龜山區"
"撞路樹、電桿","2020",2,11,16,"晴","日間自然光線",50,"直路","一般車道(未劃分快慢車道)","柏油","乾燥","良好","無號誌","行車分向線","未繪設快慢車道分隔線","無",43,"未使用",121.13029,25.047907,"桃園市","觀音區"
"追撞","2020",2,11,19,"晴","夜間(或隧道、地下道、涵洞)無照明",30,"直路","一般車道(未劃分快慢車道)","柏油","乾燥","良好","無號誌","行車分向線","未繪設快慢車道分隔線","有",47,"不明",121.04965,25.004336,"桃園市","新屋區"
"追撞","2020",2,11,19,"晴","夜間(或隧道、地下道、涵洞)無照明",30,"直路","一般車道(未劃分快慢車道)","柏油","乾燥","良好","無號誌","行車分向線","未繪設快慢車道分隔線","有",32,"未使用",121.04965,25.004336,"桃園市","新屋區"
"側撞","2020",2,12,0,"晴","夜間(或隧道、地下道、涵洞)有照明",50,"四岔路","交叉路口內","柏油","乾燥","良好","正常","無","未繪設快慢車道分隔線","無",40,"未使用",120.216256,23.022086,"臺南市","永康區"
"側撞","2020",2,12,0,"晴","夜間(或隧道、地下道、涵洞)有照明",50,"四岔路","交叉路口內","柏油","乾燥","良好","正常","無","未繪設快慢車道分隔線","無",20,"未使用",120.216256,23.022086,"臺南市","永康區"
"側撞","2020",2,12,0,"晴","夜間(或隧道、地下道、涵洞)有照明",50,"四岔路","交叉路口內","柏油","乾燥","良好","正常","無","未繪設快慢車道分隔線","無",19,"非汽(機)車駕駛人",120.216256,23.022086,"臺南市","永康區"
"追撞","2020",2,12,6,"晴","日間自然光線",50,"三岔路","交叉口附近","柏油","乾燥","良好","正常","中央分向島","未繪設快慢車道分隔線","有",19,"未使用",121.641586,25.062414,"新北市","汐止區"
"追撞","2020",2,12,6,"晴","日間自然光線",50,"三岔路","交叉口附近","柏油","乾燥","良好","正常","中央分向島","未繪設快慢車道分隔線","有",42,"未使用",121.641586,25.062414,"新北市","汐止區"
"路口交岔撞","2020",2,12,9,"晴","日間自然光線",50,"四岔路","交叉路口內","柏油","乾燥","良好","正常","中央分向島","寛式快慢車道分隔島(50公分以上)","有",46,"未使用",120.353623,22.705133,"高雄市","仁武區"
"路口交岔撞","2020",2,12,9,"晴","日間自然光線",50,"四岔路","交叉路口內","柏油","乾燥","良好","正常","中央分向島","寛式快慢車道分隔島(50公分以上)","有",76,"未使用",120.353623,22.705133,"高雄市","仁武區"
"同向擦撞","2020",2,12,14,"晴","日間自然光線",60,"直路","一般車道(未劃分快慢車道)","柏油","乾燥","良好","無號誌","雙向禁止超車線","未繪設快慢車道分隔線","有",29,"未使用",120.350645,22.791981,"高雄市","燕巢區"
"同向擦撞","2020",2,12,14,"晴","日間自然光線",60,"直路","一般車道(未劃分快慢車道)","柏油","乾燥","良好","無號誌","雙向禁止超車線","未繪設快慢車道分隔線","有",49,"未使用",120.350645,22.791981,"高雄市","燕巢區"
"追撞","2020",2,13,7,"晴","日間自然光線",50,"四岔路","交叉路口內","柏油","乾燥","良好","正常","無","未繪設快慢車道分隔線","無",38,"未使用",120.190883,23.058191,"臺南市","南區"