"事故類型及型態子類別名稱","發生年度","發生月份","發生日期","發生時間","天候名稱","光線名稱","速限.第1當事者","道路型態子類別名稱","事故位置子類別名稱","路面狀況.路面鋪裝名稱","路面狀況.路面狀態名稱","道路障礙.視距品質名稱","號誌.號誌動作名稱","車道劃分設施.分向設施大類別名稱","車道劃分設施.分道設施.快慢車道間名稱","車道劃分設施.分道設施.路面邊線名稱","當事者事故發生時年齡","行動電話或電腦或其他相類功能裝置名稱","經度","緯度","縣市","鄉鎮"
"追撞","2020",2,13,7,"晴","日間自然光線",50,"四岔路","交叉路口內","柏油","乾燥","良好","正常","無","未繪設快慢車道分隔線","無",63,"未使用",120.190883,23.058191,"臺南市","南區"
"同向擦撞","2020",2,13,7,"晴","日間自然光線",50,"四岔路","交叉口附近","柏油","乾燥","良好","正常","雙向禁止超車線","快慢車道分隔線","有",61,"不明",120.489331,22.58792,"屏東縣","萬丹鄉"
"同向擦撞","2020",2,13,7,"晴","日間自然光線",50,"四岔路","交叉口附近","柏油","乾燥","良好","正常","雙向禁止超車線","快慢車道分隔線","有",65,"不明",120.489331,22.58792,"屏東縣","萬丹鄉"
"同向擦撞","2020",2,13,7,"晴","日間自然光線",50,"四岔路","交叉口附近","柏油","乾燥","良好","正常","雙向禁止超車線","快慢車道分隔線","有",71,"未使用",120.489331,22.58792,"屏東縣","萬丹鄉"
"其他","2020",2,13,8,"晴","日間自然光線",60,"四岔路","交叉口附近","柏油","乾燥","良好","正常","中央分向島","快慢車道分隔線","有",83,"未使用",120.355944,23.523263,"嘉義縣","新港鄉"
"其他","2020",2,13,8,"晴","日間自然光線",60,"四岔路","交叉口附近","柏油","乾燥","良好","正常","中央分向島","快慢車道分隔線","有",48,"未使用",120.355944,23.523263,"嘉義縣","新港鄉"
"側撞","2020",2,13,12,"晴","日間自然光線",50,"四岔路","交叉路口內","柏油","乾燥","良好","正常","無","未繪設快慢車道分隔線","無",26,"未使用",120.684991,24.315208,"臺中市","后里區"
"側撞","2020",2,13,12,"晴","日間自然光線",50,"四岔路","交叉路口內","柏油","乾燥","良好","正常","無","未繪設快慢車道分隔線","無",48,"未使用",120.684991,24.315208,"臺中市","后里區"
"路口交岔撞","2020",2,13,21,"晴","夜間(或隧道、地下道、涵洞)有照明",60,"四岔路","交叉路口內","柏油","乾燥","良好","正常","無","未繪設快慢車道分隔線","無",53,"非汽(機)車駕駛人",120.358787,22.590467,"高雄市","鳳山區"
"路口交岔撞","2020",2,13,21,"晴","夜間(或隧道、地下道、涵洞)有照明",60,"四岔路","交叉路口內","柏油","乾燥","良好","正常","無","未繪設快慢車道分隔線","無",31,"非汽(機)車駕駛人",120.358787,22.590467,"高雄市","鳳山區"
"路口交岔撞","2020",2,13,21,"晴","夜間(或隧道、地下道、涵洞)有照明",60,"四岔路","交叉路口內","柏油","乾燥","良好","正常","無","未繪設快慢車道分隔線","無",40,"未使用",120.358787,22.590467,"高雄市","鳳山區"
"路口交岔撞","2020",2,13,21,"晴","夜間(或隧道、地下道、涵洞)有照明",60,"四岔路","交叉路口內","柏油","乾燥","良好","正常","無","未繪設快慢車道分隔線","無",41,"未使用",120.358787,22.590467,"高雄市","鳳山區"
"路口交岔撞","2020",2,13,21,"晴","夜間(或隧道、地下道、涵洞)有照明",60,"四岔路","交叉路口內","柏油","乾燥","良好","正常","無","未繪設快慢車道分隔線","無",40,"未使用",120.358787,22.590467,"高雄市","鳳山區"
"路口交岔撞","2020",2,13,21,"晴","夜間(或隧道、地下道、涵洞)有照明",60,"四岔路","交叉路口內","柏油","乾燥","良好","正常","無","未繪設快慢車道分隔線","無",35,"非汽(機)車駕駛人",120.358787,22.590467,"高雄市","鳳山區"
"追撞","2020",2,14,4,"晴","夜間(或隧道、地下道、涵洞)有照明",50,"直路","一般車道(未劃分快慢車道)","柏油","乾燥","良好","無號誌","行車分向線","未繪設快慢車道分隔線","無",55,"未使用",121.573208,25.040984,"臺北市","信義區"
"追撞","2020",2,14,4,"晴","夜間(或隧道、地下道、涵洞)有照明",50,"直路","一般車道(未劃分快慢車道)","柏油","乾燥","良好","無號誌","行車分向線","未繪設快慢車道分隔線","無",47,"未使用",121.573208,25.040984,"臺北市","信義區"
"同向擦撞","2020",2,14,10,"晴","日間自然光線",50,"直路","一般車道(未劃分快慢車道)","柏油","乾燥","良好","無號誌","中央分向島","未繪設快慢車道分隔線","無",32,"未使用",121.239519,24.965301,"桃園市","中壢區"
"同向擦撞","2020",2,14,10,"晴","日間自然光線",50,"直路","一般車道(未劃分快慢車道)","柏油","乾燥","良好","無號誌","中央分向島","未繪設快慢車道分隔線","無",70,"未使用",121.239519,24.965301,"桃園市","中壢區"
"同向擦撞","2020",2,14,15,"晴","日間自然光線",50,"直路","一般車道(未劃分快慢車道)","柏油","乾燥","良好","無號誌","中央分向島","未繪設快慢車道分隔線","有",70,"不明",121.283838,24.90032,"桃園市","大溪區"
"同向擦撞","2020",2,14,15,"晴","日間自然光線",50,"直路","一般車道(未劃分快慢車道)","柏油","乾燥","良好","無號誌","中央分向島","未繪設快慢車道分隔線","有",2,"不明",121.283838,24.90032,"桃園市","大溪區"
"同向擦撞","2020",2,14,15,"晴","日間自然光線",50,"直路","一般車道(未劃分快慢車道)","柏油","乾燥","良好","無號誌","中央分向島","未繪設快慢車道分隔線","有",28,"不明",121.283838,24.90032,"桃園市","大溪區"
"同向擦撞","2020",2,14,15,"晴","日間自然光線",50,"直路","一般車道(未劃分快慢車道)","柏油","乾燥","良好","無號誌","中央分向島","未繪設快慢車道分隔線","有",20,"不明",121.283838,24.90032,"桃園市","大溪區"
"同向擦撞","2020",2,14,15,"晴","日間自然光線",50,"直路","一般車道(未劃分快慢車道)","柏油","乾燥","良好","無號誌","中央分向島","未繪設快慢車道分隔線","有",20,"非汽(機)車駕駛人",121.283838,24.90032,"桃園市","大溪區"
"側撞","2020",2,14,16,"晴","日間自然光線",40,"直路","一般車道(未劃分快慢車道)","柏油","乾燥","良好","無號誌","雙向禁止超車線","未繪設快慢車道分隔線","有",24,"未使用",120.338609,22.735928,"高雄市","楠梓區"
"側撞","2020",2,14,16,"晴","日間自然光線",40,"直路","一般車道(未劃分快慢車道)","柏油","乾燥","良好","無號誌","雙向禁止超車線","未繪設快慢車道分隔線","有",82,"非汽(機)車駕駛人",120.338609,22.735928,"高雄市","楠梓區"
"衝進路中","2020",2,14,18,"晴","日間自然光線",50,"直路","一般車道(未劃分快慢車道)","柏油","乾燥","良好","無號誌","中央分向島","未繪設快慢車道分隔線","有",64,"未使用",120.550226,23.870618,"彰化縣","田尾鄉"
"衝進路中","2020",2,14,18,"晴","日間自然光線",50,"直路","一般車道(未劃分快慢車道)","柏油","乾燥","良好","無號誌","中央分向島","未繪設快慢車道分隔線","有",77,"非汽(機)車駕駛人",120.550226,23.870618,"彰化縣","田尾鄉"
"路上翻車、摔倒","2020",2,14,18,"陰","夜間(或隧道、地下道、涵洞)有照明",30,"直路","一般車道(未劃分快慢車道)","柏油","乾燥","良好","無號誌","行車分向線","未繪設快慢車道分隔線","有",66,"未使用",120.515577,23.929528,"彰化縣","永靖鄉"
"路口交岔撞","2020",2,15,4,"陰","夜間(或隧道、地下道、涵洞)有照明",50,"四岔路","交叉路口內","柏油","乾燥","良好","正常","無","未繪設快慢車道分隔線","無",44,"不明",120.6341,24.1582,"臺中市","南屯區"
"路口交岔撞","2020",2,15,4,"陰","夜間(或隧道、地下道、涵洞)有照明",50,"四岔路","交叉路口內","柏油","乾燥","良好","正常","無","未繪設快慢車道分隔線","無",30,"不明",120.6341,24.1582,"臺中市","南屯區"
"路口交岔撞","2020",2,15,4,"陰","夜間(或隧道、地下道、涵洞)有照明",50,"四岔路","交叉路口內","柏油","乾燥","良好","正常","無","未繪設快慢車道分隔線","無",39,"非汽(機)車駕駛人",120.6341,24.1582,"臺中市","南屯區"
"路口交岔撞","2020",2,15,4,"陰","夜間(或隧道、地下道、涵洞)有照明",50,"四岔路","交叉路口內","柏油","乾燥","良好","正常","無","未繪設快慢車道分隔線","無",23,"非汽(機)車駕駛人",120.6341,24.1582,"臺中市","南屯區"
"路口交岔撞","2020",2,15,4,"陰","夜間(或隧道、地下道、涵洞)有照明",50,"四岔路","交叉路口內","柏油","乾燥","良好","正常","無","未繪設快慢車道分隔線","無",20,"不明",120.6341,24.1582,"臺中市","南屯區"
"對向擦撞","2020",2,15,9,"晴","日間自然光線",60,"直路","一般車道(未劃分快慢車道)","柏油","乾燥","良好","無號誌","中央分向島","未繪設快慢車道分隔線","有",78,"未使用",121.125485,24.725067,"新竹縣","橫山鄉"
"對向擦撞","2020",2,15,9,"晴","日間自然光線",60,"直路","一般車道(未劃分快慢車道)","柏油","乾燥","良好","無號誌","中央分向島","未繪設快慢車道分隔線","有",31,"未使用",121.125485,24.725067,"新竹縣","橫山鄉"
"同向擦撞","2020",2,15,14,"晴","日間自然光線",50,"四岔路","交叉路口內","柏油","乾燥","良好","無號誌","雙向禁止超車線","未繪設快慢車道分隔線","有",75,"未使用",120.5538,22.88563,"高雄市","美濃區"
"同向擦撞","2020",2,15,14,"晴","日間自然光線",50,"四岔路","交叉路口內","柏油","乾燥","良好","無號誌","雙向禁止超車線","未繪設快慢車道分隔線","有",48,"未使用",120.5538,22.88563,"高雄市","美濃區"
"同向擦撞","2020",2,15,16,"晴","日間自然光線",50,"直路","一般車道(未劃分快慢車道)","柏油","乾燥","良好","無號誌","中央分向島","快慢車道分隔線","有",53,"未使用",120.510923,24.229581,"臺中市","龍井區"
"同向擦撞","2020",2,15,16,"晴","日間自然光線",50,"直路","一般車道(未劃分快慢車道)","柏油","乾燥","良好","無號誌","中央分向島","快慢車道分隔線","有",60,"未使用",120.510923,24.229581,"臺中市","龍井區"
"側撞","2020",2,15,19,"晴","夜間(或隧道、地下道、涵洞)有照明",50,"三岔路","交叉口附近","柏油","乾燥","良好","無號誌","雙向禁止超車線","未繪設快慢車道分隔線","有",74,"未使用",120.428613,22.566091,"高雄市","大寮區"
"側撞","2020",2,15,19,"晴","夜間(或隧道、地下道、涵洞)有照明",50,"三岔路","交叉口附近","柏油","乾燥","良好","無號誌","雙向禁止超車線","未繪設快慢車道分隔線","有",57,"未使用",120.428613,22.566091,"高雄市","大寮區"
"側撞","2020",2,15,19,"晴","夜間(或隧道、地下道、涵洞)有照明",50,"三岔路","交叉口附近","柏油","乾燥","良好","無號誌","雙向禁止超車線","未繪設快慢車道分隔線","有",63,"非汽(機)車駕駛人",120.428613,22.566091,"高雄市","大寮區"
"衝出路外","2020",2,16,2,"晴","夜間(或隧道、地下道、涵洞)有照明",70,"四岔路","其他","柏油","乾燥","良好","正常","無","未繪設快慢車道分隔線","無",33,"不明",120.556751,24.128175,"臺中市","大肚區"
"路上翻車、摔倒","2020",2,16,8,"晴","日間自然光線",40,"直路","快車道","柏油","乾燥","良好","無號誌","中央分向島","窄式快慢車道分隔島(附柵欄)","有",45,"未使用",120.205043,23.108097,"臺南市","安定區"
"路上翻車、摔倒","2020",2,17,3,"晴","夜間(或隧道、地下道、涵洞)有照明",40,"直路","慢車道","柏油","乾燥","良好","無號誌","中央分向島","快慢車道分隔線","有",77,"未使用",120.2776,22.81389,"高雄市","岡山區"
"其他","2020",2,17,6,"晴","日間自然光線",50,"四岔路","交叉路口內","柏油","乾燥","良好","無號誌","無","未繪設快慢車道分隔線","無",74,"未使用",120.687567,24.141523,"臺中市","東區"
"其他","2020",2,17,6,"晴","日間自然光線",50,"四岔路","交叉路口內","柏油","乾燥","良好","無號誌","無","未繪設快慢車道分隔線","無",28,"未使用",120.687567,24.141523,"臺中市","東區"
"路口交岔撞","2020",2,17,8,"陰","日間自然光線",50,"四岔路","交叉路口內","柏油","乾燥","良好","正常","無","未繪設快慢車道分隔線","無",42,"未使用",120.426237,23.478666,"嘉義市","西區"
"路口交岔撞","2020",2,17,8,"陰","日間自然光線",50,"四岔路","交叉路口內","柏油","乾燥","良好","正常","無","未繪設快慢車道分隔線","無",33,"未使用",120.426237,23.478666,"嘉義市","西區"
"對撞","2020",2,17,15,"晴","日間自然光線",50,"直路","一般車道(未劃分快慢車道)","柏油","乾燥","良好","無號誌","行車分向線","未繪設快慢車道分隔線","有",14,"未使用",120.405571,23.884739,"彰化縣","竹塘鄉"
"對撞","2020",2,17,15,"晴","日間自然光線",50,"直路","一般車道(未劃分快慢車道)","柏油","乾燥","良好","無號誌","行車分向線","未繪設快慢車道分隔線","有",27,"未使用",120.405571,23.884739,"彰化縣","竹塘鄉"
"對撞","2020",2,17,15,"晴","日間自然光線",50,"直路","一般車道(未劃分快慢車道)","柏油","乾燥","良好","無號誌","行車分向線","未繪設快慢車道分隔線","有",35,"未使用",120.405571,23.884739,"彰化縣","竹塘鄉"
"其他","2020",2,17,17,"晴","日間自然光線",40,"三岔路","交叉口附近","柏油","乾燥","不良","無號誌","無","未繪設快慢車道分隔線","有",17,"未使用",121.009783,24.897133,"新竹縣","新豐鄉"
"其他","2020",2,17,17,"晴","日間自然光線",40,"三岔路","交叉口附近","柏油","乾燥","不良","無號誌","無","未繪設快慢車道分隔線","有",30,"未使用",121.009783,24.897133,"新竹縣","新豐鄉"
"撞路樹、電桿","2020",2,17,17,"晴","日間自然光線",50,"直路","路肩、路緣","柏油","乾燥","良好","無號誌","雙向禁止超車線","快慢車道分隔線","有",61,"不明",120.641658,24.286763,"臺中市","神岡區"
"側撞","2020",2,17,18,"雨","夜間(或隧道、地下道、涵洞)有照明",70,"三岔路","交叉路口內","柏油","濕潤","良好","正常","無","未繪設快慢車道分隔線","無",26,"不明",121.622419,24.107646,"花蓮縣","新城鄉"
"側撞","2020",2,17,18,"雨","夜間(或隧道、地下道、涵洞)有照明",70,"三岔路","交叉路口內","柏油","濕潤","良好","正常","無","未繪設快慢車道分隔線","無",55,"不明",121.622419,24.107646,"花蓮縣","新城鄉"
"對向擦撞","2020",2,17,19,"陰","夜間(或隧道、地下道、涵洞)有照明",50,"彎曲路及附近","一般車道(未劃分快慢車道)","柏油","乾燥","不良","無號誌","無","未繪設快慢車道分隔線","有",75,"未使用",121.363383,24.91885,"新北市","三峽區"
"對向擦撞","2020",2,17,19,"陰","夜間(或隧道、地下道、涵洞)有照明",50,"彎曲路及附近","一般車道(未劃分快慢車道)","柏油","乾燥","不良","無號誌","無","未繪設快慢車道分隔線","有",26,"未使用",121.363383,24.91885,"新北市","三峽區"
"其他","2020",2,18,3,"晴","夜間(或隧道、地下道、涵洞)有照明",70,"直路","一般車道(未劃分快慢車道)","柏油","乾燥","不良","無號誌","雙向禁止超車線","未繪設快慢車道分隔線","有",38,"不明",121.045901,22.688899,"臺東縣","太麻里鄉"
"其他","2020",2,18,3,"晴","夜間(或隧道、地下道、涵洞)有照明",70,"直路","一般車道(未劃分快慢車道)","柏油","乾燥","不良","無號誌","雙向禁止超車線","未繪設快慢車道分隔線","有",17,"未使用",121.045901,22.688899,"臺東縣","太麻里鄉"
"其他","2020",2,18,3,"晴","夜間(或隧道、地下道、涵洞)有照明",70,"直路","一般車道(未劃分快慢車道)","柏油","乾燥","不良","無號誌","雙向禁止超車線","未繪設快慢車道分隔線","有",18,"未使用",121.045901,22.688899,"臺東縣","太麻里鄉"
"其他","2020",2,18,3,"晴","夜間(或隧道、地下道、涵洞)有照明",70,"直路","一般車道(未劃分快慢車道)","柏油","乾燥","不良","無號誌","雙向禁止超車線","未繪設快慢車道分隔線","有",17,"未使用",121.045901,22.688899,"臺東縣","太麻里鄉"
"路口交岔撞","2020",2,18,10,"陰","日間自然光線",40,"四岔路","交叉路口內","柏油","乾燥","良好","無號誌","無","未繪設快慢車道分隔線","有",26,"未使用",121.311729,23.313432,"花蓮縣","玉里鎮"
"路口交岔撞","2020",2,18,10,"陰","日間自然光線",40,"四岔路","交叉路口內","柏油","乾燥","良好","無號誌","無","未繪設快慢車道分隔線","有",70,"未使用",121.311729,23.313432,"花蓮縣","玉里鎮"
"撞工程施工","2020",2,18,14,"陰","日間自然光線",50,"直路","機車優先道","柏油","乾燥","良好","無號誌","行車分向線","未繪設快慢車道分隔線","有",42,"不明",121.353384,23.455916,"花蓮縣","瑞穗鄉"
"撞工程施工","2020",2,18,14,"陰","日間自然光線",50,"直路","機車優先道","柏油","乾燥","良好","無號誌","行車分向線","未繪設快慢車道分隔線","有",69,"未使用",121.353384,23.455916,"花蓮縣","瑞穗鄉"
"撞路樹、電桿","2020",2,18,23,"晴","夜間(或隧道、地下道、涵洞)有照明",50,"三岔路","一般車道(未劃分快慢車道)","柏油","乾燥","良好","無號誌","行車分向線","未繪設快慢車道分隔線","有",17,"未使用",121.107498,24.926314,"桃園市","楊梅區"
"撞路樹、電桿","2020",2,18,23,"晴","夜間(或隧道、地下道、涵洞)有照明",50,"三岔路","一般車道(未劃分快慢車道)","柏油","乾燥","良好","無號誌","行車分向線","未繪設快慢車道分隔線","有",16,"非汽(機)車駕駛人",121.107498,24.926314,"桃園市","楊梅區"
"撞路樹、電桿","2020",2,18,23,"晴","夜間(或隧道、地下道、涵洞)有照明",50,"三岔路","一般車道(未劃分快慢車道)","柏油","乾燥","良好","無號誌","行車分向線","未繪設快慢車道分隔線","有",18,"非汽(機)車駕駛人",121.107498,24.926314,"桃園市","楊梅區"
"撞路樹、電桿","2020",2,18,23,"晴","夜間(或隧道、地下道、涵洞)有照明",50,"三岔路","一般車道(未劃分快慢車道)","柏油","乾燥","良好","無號誌","行車分向線","未繪設快慢車道分隔線","有",24,"未使用",121.107498,24.926314,"桃園市","楊梅區"
"側撞","2020",2,18,23,"晴","夜間(或隧道、地下道、涵洞)有照明",50,"四岔路","交叉口附近","柏油","乾燥","良好","正常","雙向禁止超車線","快慢車道分隔線","有",70,"非汽(機)車駕駛人",120.481392,22.689629,"屏東縣","屏東市"
"側撞","2020",2,18,23,"晴","夜間(或隧道、地下道、涵洞)有照明",50,"四岔路","交叉口附近","柏油","乾燥","良好","正常","雙向禁止超車線","快慢車道分隔線","有",44,"未使用",120.481392,22.689629,"屏東縣","屏東市"
"路口交岔撞","2020",2,19,16,"晴","日間自然光線",50,"四岔路","交叉路口內","柏油","乾燥","良好","正常","無","未繪設快慢車道分隔線","無",68,"不明",120.258159,23.224577,"臺南市","下營區"
"路口交岔撞","2020",2,19,16,"晴","日間自然光線",50,"四岔路","交叉路口內","柏油","乾燥","良好","正常","無","未繪設快慢車道分隔線","無",34,"未使用",120.258159,23.224577,"臺南市","下營區"
"穿越道路中","2020",2,19,20,"晴","夜間(或隧道、地下道、涵洞)有照明",50,"直路","一般車道(未劃分快慢車道)","柏油","乾燥","良好","正常","行車分向線","未繪設快慢車道分隔線","有",32,"未使用",120.309769,22.825539,"高雄市","岡山區"
"穿越道路中","2020",2,19,20,"晴","夜間(或隧道、地下道、涵洞)有照明",50,"直路","一般車道(未劃分快慢車道)","柏油","乾燥","良好","正常","行車分向線","未繪設快慢車道分隔線","有",67,"非汽(機)車駕駛人",120.309769,22.825539,"高雄市","岡山區"
"穿越道路中","2020",2,19,20,"晴","夜間(或隧道、地下道、涵洞)有照明",50,"直路","一般車道(未劃分快慢車道)","柏油","乾燥","良好","正常","行車分向線","未繪設快慢車道分隔線","有",4,"非汽(機)車駕駛人",120.309769,22.825539,"高雄市","岡山區"
"路口交岔撞","2020",2,20,2,"晴","夜間(或隧道、地下道、涵洞)有照明",50,"四岔路","交叉路口內","柏油","乾燥","良好","正常","無","未繪設快慢車道分隔線","無",24,"未使用",120.61864,24.103373,"臺中市","烏日區"
"路口交岔撞","2020",2,20,2,"晴","夜間(或隧道、地下道、涵洞)有照明",50,"四岔路","交叉路口內","柏油","乾燥","良好","正常","無","未繪設快慢車道分隔線","無",63,"未使用",120.61864,24.103373,"臺中市","烏日區"
"撞交通島","2020",2,20,3,"陰","夜間(或隧道、地下道、涵洞)有照明",70,"直路","快車道","柏油","乾燥","良好","無號誌","中央分向島","快慢車道分隔線","有",23,"未使用",120.493165,22.706139,"屏東縣","屏東市"
"側撞","2020",2,20,4,"晴","夜間(或隧道、地下道、涵洞)有照明",60,"三岔路","交叉路口內","柏油","乾燥","良好","正常","無","未繪設快慢車道分隔線","無",51,"未使用",121.759145,24.778216,"宜蘭縣","宜蘭市"
"側撞","2020",2,20,4,"晴","夜間(或隧道、地下道、涵洞)有照明",60,"三岔路","交叉路口內","柏油","乾燥","良好","正常","無","未繪設快慢車道分隔線","無",19,"未使用",121.759145,24.778216,"宜蘭縣","宜蘭市"
"撞路樹、電桿","2020",2,20,4,"晴","夜間(或隧道、地下道、涵洞)有照明",50,"直路","路肩、路緣","柏油","乾燥","良好","無號誌","行車分向線","未繪設快慢車道分隔線","無",63,"未使用",120.270262,22.948743,"臺南市","歸仁區"
"側撞","2020",2,20,8,"晴","日間自然光線",70,"四岔路","交叉路口內","柏油","乾燥","良好","正常","中央分向島","快慢車道分隔線","有",26,"不明",120.653593,22.257372,"屏東縣","枋山鄉"
"側撞","2020",2,20,8,"晴","日間自然光線",70,"四岔路","交叉路口內","柏油","乾燥","良好","正常","中央分向島","快慢車道分隔線","有",59,"未使用",120.653593,22.257372,"屏東縣","枋山鄉"
"同向擦撞","2020",2,20,12,"晴","日間自然光線",60,"直路","一般車道(未劃分快慢車道)","柏油","乾燥","良好","無號誌","行車分向線","未繪設快慢車道分隔線","有",81,"未使用",121.802695,24.832248,"宜蘭縣","頭城鎮"
"同向擦撞","2020",2,20,12,"晴","日間自然光線",60,"直路","一般車道(未劃分快慢車道)","柏油","乾燥","良好","無號誌","行車分向線","未繪設快慢車道分隔線","有",20,"未使用",121.802695,24.832248,"宜蘭縣","頭城鎮"
"同向擦撞","2020",2,20,12,"晴","日間自然光線",60,"直路","一般車道(未劃分快慢車道)","柏油","乾燥","良好","無號誌","行車分向線","未繪設快慢車道分隔線","有",20,"未使用",121.802695,24.832248,"宜蘭縣","頭城鎮"
"同向擦撞","2020",2,20,14,"晴","日間自然光線",90,"直路","快車道","柏油","乾燥","良好","無號誌","中央分向島","快慢車道分隔線","有",47,"未使用",120.542428,24.290763,"臺中市","清水區"
"同向擦撞","2020",2,20,14,"晴","日間自然光線",90,"直路","快車道","柏油","乾燥","良好","無號誌","中央分向島","快慢車道分隔線","有",43,"未使用",120.542428,24.290763,"臺中市","清水區"
"側撞","2020",2,20,17,"晴","日間自然光線",60,"直路","一般車道(未劃分快慢車道)","柏油","乾燥","良好","無號誌","行車分向線","快慢車道分隔線","有",79,"不明",120.452875,23.65676,"雲林縣","大埤鄉"
"側撞","2020",2,20,17,"晴","日間自然光線",60,"直路","一般車道(未劃分快慢車道)","柏油","乾燥","良好","無號誌","行車分向線","快慢車道分隔線","有",27,"不明",120.452875,23.65676,"雲林縣","大埤鄉"
"其他","2020",2,21,6,"晴","晨或暮光",50,"直路","一般車道(未劃分快慢車道)","柏油","乾燥","良好","無號誌","中央分向島","未繪設快慢車道分隔線","有",39,"不明",121.452619,25.036297,"新北市","新莊區"
"撞路樹、電桿","2020",2,21,7,"晴","日間自然光線",50,"直路","一般車道(未劃分快慢車道)","柏油","乾燥","良好","無號誌","中央分向島","未繪設快慢車道分隔線","無",68,"未使用",121.584104,25.047024,"臺北市","南港區"
"其他","2020",2,21,15,"晴","日間自然光線",50,"彎曲路及附近","路肩、路緣","柏油","乾燥","良好","正常","雙向禁止超車線","快慢車道分隔線","有",26,"未使用",121.201632,22.861125,"臺東縣","東河鄉"
"追撞","2020",2,21,20,"晴","夜間(或隧道、地下道、涵洞)有照明",40,"四岔路","交叉口附近","柏油","泥濘","良好","正常","雙向禁止超車線","快慢車道分隔線","無",25,"未使用",120.3114,22.64077,"高雄市","三民區"
"追撞","2020",2,21,20,"晴","夜間(或隧道、地下道、涵洞)有照明",40,"四岔路","交叉口附近","柏油","泥濘","良好","正常","雙向禁止超車線","快慢車道分隔線","無",65,"未使用",120.3114,22.64077,"高雄市","三民區"
"其他","2020",2,21,21,"晴","夜間(或隧道、地下道、涵洞)有照明",50,"彎曲路及附近","一般車道(未劃分快慢車道)","柏油","乾燥","良好","無號誌","無","未繪設快慢車道分隔線","無",56,"未使用",121.738296,25.131707,"基隆市","仁愛區"
"其他","2020",2,21,21,"晴","夜間(或隧道、地下道、涵洞)有照明",50,"彎曲路及附近","一般車道(未劃分快慢車道)","柏油","乾燥","良好","無號誌","無","未繪設快慢車道分隔線","無",48,"非汽(機)車駕駛人",121.738296,25.131707,"基隆市","仁愛區"
"撞護欄(樁)","2020",2,21,22,"陰","夜間(或隧道、地下道、涵洞)有照明",60,"彎曲路及附近","一般車道(未劃分快慢車道)","柏油","乾燥","不良","無號誌","中央分向島","未繪設快慢車道分隔線","有",30,"未使用",121.35652,25.010873,"桃園市","龜山區"
"撞護欄(樁)","2020",2,22,2,"晴","夜間(或隧道、地下道、涵洞)無照明",110,"直路","快車道","柏油","乾燥","良好","無號誌","中央分向島","未繪設快慢車道分隔線","有",41,"未使用",120.43732,22.795617,"高雄市","田寮區"
"撞護欄(樁)","2020",2,22,2,"晴","夜間(或隧道、地下道、涵洞)無照明",110,"直路","快車道","柏油","乾燥","良好","無號誌","中央分向島","未繪設快慢車道分隔線","有",31,"未使用",120.43732,22.795617,"高雄市","田寮區"
"撞護欄(樁)","2020",2,22,2,"晴","夜間(或隧道、地下道、涵洞)無照明",110,"直路","快車道","柏油","乾燥","良好","無號誌","中央分向島","未繪設快慢車道分隔線","有",22,"未使用",120.43732,22.795617,"高雄市","田寮區"
"撞護欄(樁)","2020",2,22,2,"晴","夜間(或隧道、地下道、涵洞)無照明",110,"直路","快車道","柏油","乾燥","良好","無號誌","中央分向島","未繪設快慢車道分隔線","有",57,"未使用",120.43732,22.795617,"高雄市","田寮區"
"撞護欄(樁)","2020",2,22,2,"晴","夜間(或隧道、地下道、涵洞)無照明",110,"直路","快車道","柏油","乾燥","良好","無號誌","中央分向島","未繪設快慢車道分隔線","有",32,"未使用",120.43732,22.795617,"高雄市","田寮區"
"撞護欄(樁)","2020",2,22,2,"晴","夜間(或隧道、地下道、涵洞)無照明",110,"直路","快車道","柏油","乾燥","良好","無號誌","中央分向島","未繪設快慢車道分隔線","有",29,"未使用",120.43732,22.795617,"高雄市","田寮區"
"撞護欄(樁)","2020",2,22,2,"晴","夜間(或隧道、地下道、涵洞)無照明",110,"直路","快車道","柏油","乾燥","良好","無號誌","中央分向島","未繪設快慢車道分隔線","有",1,"非汽(機)車駕駛人",120.43732,22.795617,"高雄市","田寮區"
"撞路樹、電桿","2020",2,22,2,"陰","夜間(或隧道、地下道、涵洞)有照明",40,"直路","一般車道(未劃分快慢車道)","柏油","乾燥","良好","無號誌","無","未繪設快慢車道分隔線","有",37,"不明",120.58615,22.669025,"屏東縣","內埔鄉"
"側撞","2020",2,22,4,"晴","日間自然光線",50,"四岔路","交叉路口內","柏油","乾燥","良好","正常","無","未繪設快慢車道分隔線","無",25,"未使用",120.694425,24.148235,"臺中市","東區"
"側撞","2020",2,22,4,"晴","日間自然光線",50,"四岔路","交叉路口內","柏油","乾燥","良好","正常","無","未繪設快慢車道分隔線","無",50,"未使用",120.694425,24.148235,"臺中市","東區"
"其他","2020",2,22,11,"晴","日間自然光線",50,"四岔路","交叉路口內","柏油","乾燥","良好","無號誌","無","未繪設快慢車道分隔線","無",72,"未使用",120.449423,23.470789,"嘉義市","西區"
"其他","2020",2,22,11,"晴","日間自然光線",50,"四岔路","交叉路口內","柏油","乾燥","良好","無號誌","無","未繪設快慢車道分隔線","無",75,"非汽(機)車駕駛人",120.449423,23.470789,"嘉義市","西區"
"穿越道路中","2020",2,22,15,"晴","日間自然光線",50,"直路","一般車道(未劃分快慢車道)","柏油","乾燥","良好","無號誌","雙向禁止超車線","未繪設快慢車道分隔線","有",51,"未使用",121.264745,25.095038,"桃園市","蘆竹區"