"事故類型及型態子類別名稱","發生年度","發生月份","發生日期","發生時間","天候名稱","光線名稱","速限.第1當事者","道路型態子類別名稱","事故位置子類別名稱","路面狀況.路面鋪裝名稱","路面狀況.路面狀態名稱","道路障礙.視距品質名稱","號誌.號誌動作名稱","車道劃分設施.分向設施大類別名稱","車道劃分設施.分道設施.快慢車道間名稱","車道劃分設施.分道設施.路面邊線名稱","當事者事故發生時年齡","行動電話或電腦或其他相類功能裝置名稱","經度","緯度","縣市","鄉鎮"
"穿越道路中","2020",2,22,15,"晴","日間自然光線",50,"直路","一般車道(未劃分快慢車道)","柏油","乾燥","良好","無號誌","雙向禁止超車線","未繪設快慢車道分隔線","有",89,"非汽(機)車駕駛人",121.264745,25.095038,"桃園市","蘆竹區"
"同向擦撞","2020",2,22,17,"雨","晨或暮光",60,"三岔路","交叉路口內","柏油","濕潤","良好","正常","行車分向線","快慢車道分隔線","無",25,"未使用",121.783614,24.648988,"宜蘭縣","冬山鄉"
"同向擦撞","2020",2,22,17,"雨","晨或暮光",60,"三岔路","交叉路口內","柏油","濕潤","良好","正常","行車分向線","快慢車道分隔線","無",45,"未使用",121.783614,24.648988,"宜蘭縣","冬山鄉"
"衝出路外","2020",2,22,19,"陰","夜間(或隧道、地下道、涵洞)無照明",60,"直路","路肩、路緣","柏油","乾燥","良好","無號誌","中央分向島","快慢車道分隔線","有",37,"未使用",121.397387,23.129028,"臺東縣","成功鎮"
"衝出路外","2020",2,23,0,"晴","夜間(或隧道、地下道、涵洞)有照明",50,"三岔路","交叉口附近","柏油","乾燥","良好","無號誌","行車分向線","未繪設快慢車道分隔線","無",48,"未使用",120.598221,24.390936,"臺中市","大安區"
"側撞","2020",2,23,13,"陰","日間自然光線",50,"四岔路","交叉口附近","柏油","乾燥","良好","正常","中央分向島","未繪設快慢車道分隔線","無",60,"不明",121.563447,25.083408,"臺北市","內湖區"
"側撞","2020",2,23,13,"陰","日間自然光線",50,"四岔路","交叉口附近","柏油","乾燥","良好","正常","中央分向島","未繪設快慢車道分隔線","無",19,"非汽(機)車駕駛人",121.563447,25.083408,"臺北市","內湖區"
"側撞","2020",2,23,13,"陰","日間自然光線",50,"四岔路","交叉口附近","柏油","乾燥","良好","正常","中央分向島","未繪設快慢車道分隔線","無",19,"未使用",121.563447,25.083408,"臺北市","內湖區"
"路上翻車、摔倒","2020",2,23,13,"晴","日間自然光線",60,"彎曲路及附近","一般車道(未劃分快慢車道)","柏油","乾燥","良好","無號誌","行車分向線","未繪設快慢車道分隔線","有",20,"不明",120.945122,24.618257,"苗栗縣","三灣鄉"
"穿越道路中","2020",2,23,22,"晴","夜間(或隧道、地下道、涵洞)有照明",60,"多岔路","交叉口附近","柏油","乾燥","良好","正常","中央分向島","未繪設快慢車道分隔線","有",63,"未使用",121.68809,25.182107,"新北市","萬里區"
"穿越道路中","2020",2,23,22,"晴","夜間(或隧道、地下道、涵洞)有照明",60,"多岔路","交叉口附近","柏油","乾燥","良好","正常","中央分向島","未繪設快慢車道分隔線","有",43,"未使用",121.68809,25.182107,"新北市","萬里區"
"穿越道路中","2020",2,23,22,"晴","夜間(或隧道、地下道、涵洞)有照明",60,"多岔路","交叉口附近","柏油","乾燥","良好","正常","中央分向島","未繪設快慢車道分隔線","有",57,"未使用",121.68809,25.182107,"新北市","萬里區"
"穿越道路中","2020",2,23,22,"晴","夜間(或隧道、地下道、涵洞)有照明",60,"多岔路","交叉口附近","柏油","乾燥","良好","正常","中央分向島","未繪設快慢車道分隔線","有",45,"未使用",121.68809,25.182107,"新北市","萬里區"
"其他","2020",2,24,1,"晴","夜間(或隧道、地下道、涵洞)有照明",40,"其他","一般車道(未劃分快慢車道)","柏油","乾燥","良好","無號誌","無","未繪設快慢車道分隔線","有",43,"不明",120.545957,23.931827,"彰化縣","永靖鄉"
"撞路樹、電桿","2020",2,24,2,"晴","夜間(或隧道、地下道、涵洞)有照明",50,"彎曲路及附近","路肩、路緣","柏油","乾燥","良好","無號誌","行車分向線","未繪設快慢車道分隔線","有",109,"",120.1857,22.91516,"高雄市","茄萣區"
"撞路樹、電桿","2020",2,24,2,"晴","夜間(或隧道、地下道、涵洞)有照明",50,"彎曲路及附近","路肩、路緣","柏油","乾燥","良好","無號誌","行車分向線","未繪設快慢車道分隔線","有",36,"未使用",120.1857,22.91516,"高雄市","茄萣區"
"撞護欄(樁)","2020",2,24,11,"晴","日間自然光線",40,"橋樑","一般車道(未劃分快慢車道)","柏油","乾燥","良好","無號誌","雙向禁止超車線","未繪設快慢車道分隔線","有",20,"未使用",120.546924,23.382683,"嘉義縣","中埔鄉"
"撞路樹、電桿","2020",2,24,14,"晴","日間自然光線",60,"直路","一般車道(未劃分快慢車道)","柏油","乾燥","良好","無號誌","中央分向島","未繪設快慢車道分隔線","有",40,"未使用",120.586917,22.635813,"屏東縣","內埔鄉"
"撞路樹、電桿","2020",2,24,16,"晴","日間自然光線",40,"彎曲路及附近","路肩、路緣","柏油","乾燥","良好","無號誌","無","未繪設快慢車道分隔線","有",63,"不明",120.905991,24.562938,"苗栗縣","頭屋鄉"
"追撞","2020",2,25,4,"晴","夜間(或隧道、地下道、涵洞)無照明",90,"直路","快車道","柏油","乾燥","良好","無號誌","中央分向島","未繪設快慢車道分隔線","有",37,"未使用",120.592947,24.115806,"臺中市","烏日區"
"追撞","2020",2,25,4,"晴","夜間(或隧道、地下道、涵洞)無照明",90,"直路","快車道","柏油","乾燥","良好","無號誌","中央分向島","未繪設快慢車道分隔線","有",40,"未使用",120.592947,24.115806,"臺中市","烏日區"
"追撞","2020",2,25,4,"晴","夜間(或隧道、地下道、涵洞)無照明",90,"直路","快車道","柏油","乾燥","良好","無號誌","中央分向島","未繪設快慢車道分隔線","有",38,"非汽(機)車駕駛人",120.592947,24.115806,"臺中市","烏日區"
"同向擦撞","2020",2,25,7,"晴","日間自然光線",50,"四岔路","交叉路口內","柏油","乾燥","良好","正常","無","未繪設快慢車道分隔線","無",16,"未使用",121.134942,22.746403,"臺東縣","臺東市"
"同向擦撞","2020",2,25,7,"晴","日間自然光線",50,"四岔路","交叉路口內","柏油","乾燥","良好","正常","無","未繪設快慢車道分隔線","無",36,"未使用",121.134942,22.746403,"臺東縣","臺東市"
"同向擦撞","2020",2,25,7,"晴","日間自然光線",50,"四岔路","交叉路口內","柏油","乾燥","良好","正常","無","未繪設快慢車道分隔線","無",49,"未使用",121.134942,22.746403,"臺東縣","臺東市"
"追撞","2020",2,25,8,"晴","日間自然光線",80,"直路","直線匝道","柏油","乾燥","良好","無號誌","行車分向線","寛式快慢車道分隔島(50公分以上)","有",32,"未使用",120.618293,24.10898,"臺中市","烏日區"
"追撞","2020",2,25,8,"晴","日間自然光線",80,"直路","直線匝道","柏油","乾燥","良好","無號誌","行車分向線","寛式快慢車道分隔島(50公分以上)","有",3,"非汽(機)車駕駛人",120.618293,24.10898,"臺中市","烏日區"
"追撞","2020",2,25,8,"晴","日間自然光線",80,"直路","直線匝道","柏油","乾燥","良好","無號誌","行車分向線","寛式快慢車道分隔島(50公分以上)","有",1,"非汽(機)車駕駛人",120.618293,24.10898,"臺中市","烏日區"
"追撞","2020",2,25,8,"晴","日間自然光線",80,"直路","直線匝道","柏油","乾燥","良好","無號誌","行車分向線","寛式快慢車道分隔島(50公分以上)","有",48,"未使用",120.618293,24.10898,"臺中市","烏日區"
"追撞","2020",2,25,8,"晴","日間自然光線",80,"直路","直線匝道","柏油","乾燥","良好","無號誌","行車分向線","寛式快慢車道分隔島(50公分以上)","有",35,"未使用",120.618293,24.10898,"臺中市","烏日區"
"撞路樹、電桿","2020",2,25,9,"晴","日間自然光線",60,"直路","路肩、路緣","柏油","乾燥","良好","無號誌","行車分向線","未繪設快慢車道分隔線","有",43,"未使用",120.192548,23.434954,"嘉義縣","布袋鎮"
"穿越道路中","2020",2,25,18,"晴","夜間(或隧道、地下道、涵洞)有照明",60,"四岔路","交叉路口內","柏油","乾燥","良好","正常","雙向禁止超車線","寛式快慢車道分隔島(50公分以上)","無",53,"未使用",120.288029,22.667934,"高雄市","左營區"
"穿越道路中","2020",2,25,18,"晴","夜間(或隧道、地下道、涵洞)有照明",60,"四岔路","交叉路口內","柏油","乾燥","良好","正常","雙向禁止超車線","寛式快慢車道分隔島(50公分以上)","無",65,"非汽(機)車駕駛人",120.288029,22.667934,"高雄市","左營區"
"側撞","2020",2,25,21,"晴","夜間(或隧道、地下道、涵洞)有照明",50,"直路","一般車道(未劃分快慢車道)","柏油","乾燥","良好","無號誌","行車分向線","快慢車道分隔線","有",38,"不明",121.221038,24.881428,"桃園市","龍潭區"
"側撞","2020",2,25,21,"晴","夜間(或隧道、地下道、涵洞)有照明",50,"直路","一般車道(未劃分快慢車道)","柏油","乾燥","良好","無號誌","行車分向線","快慢車道分隔線","有",54,"不明",121.221038,24.881428,"桃園市","龍潭區"
"側撞","2020",2,25,22,"晴","夜間(或隧道、地下道、涵洞)有照明",50,"四岔路","交叉路口內","柏油","乾燥","良好","正常","無","未繪設快慢車道分隔線","無",25,"不明",120.955513,24.804773,"新竹市","北區"
"側撞","2020",2,25,22,"晴","夜間(或隧道、地下道、涵洞)有照明",50,"四岔路","交叉路口內","柏油","乾燥","良好","正常","無","未繪設快慢車道分隔線","無",34,"不明",120.955513,24.804773,"新竹市","北區"
"側撞","2020",2,26,12,"晴","日間自然光線",60,"四岔路","交叉路口內","柏油","乾燥","良好","正常","無","未繪設快慢車道分隔線","無",46,"未使用",121.454057,25.180084,"新北市","淡水區"
"側撞","2020",2,26,12,"晴","日間自然光線",60,"四岔路","交叉路口內","柏油","乾燥","良好","正常","無","未繪設快慢車道分隔線","無",20,"未使用",121.454057,25.180084,"新北市","淡水區"
"側撞","2020",2,26,12,"晴","日間自然光線",60,"四岔路","交叉路口內","柏油","乾燥","良好","正常","無","未繪設快慢車道分隔線","無",26,"未使用",121.454057,25.180084,"新北市","淡水區"
"側撞","2020",2,26,12,"晴","日間自然光線",60,"四岔路","交叉路口內","柏油","乾燥","良好","正常","無","未繪設快慢車道分隔線","無",18,"未使用",121.454057,25.180084,"新北市","淡水區"
"側撞","2020",2,26,15,"晴","日間自然光線",50,"四岔路","交叉路口內","柏油","乾燥","良好","無號誌","無","未繪設快慢車道分隔線","無",37,"未使用",120.699343,24.077628,"臺中市","霧峰區"
"側撞","2020",2,26,15,"晴","日間自然光線",50,"四岔路","交叉路口內","柏油","乾燥","良好","無號誌","無","未繪設快慢車道分隔線","無",75,"未使用",120.699343,24.077628,"臺中市","霧峰區"
"同向通行中","2020",2,26,20,"晴","夜間(或隧道、地下道、涵洞)有照明",70,"直路","慢車道","柏油","乾燥","良好","無號誌","行車分向線","快慢車道分隔線","有",38,"不明",118.381359,24.447018,"金門縣","金湖鎮"
"同向通行中","2020",2,26,20,"晴","夜間(或隧道、地下道、涵洞)有照明",70,"直路","慢車道","柏油","乾燥","良好","無號誌","行車分向線","快慢車道分隔線","有",40,"非汽(機)車駕駛人",118.381359,24.447018,"金門縣","金湖鎮"
"衝出路外","2020",2,26,20,"陰","夜間(或隧道、地下道、涵洞)有照明",50,"直路","路肩、路緣","柏油","乾燥","良好","無號誌","雙向禁止超車線","未繪設快慢車道分隔線","無",17,"不明",121.728101,24.693393,"宜蘭縣","三星鄉"
"穿越道路中","2020",2,26,22,"晴","夜間(或隧道、地下道、涵洞)有照明",50,"直路","一般車道(未劃分快慢車道)","柏油","乾燥","良好","無號誌","雙向禁止超車線","未繪設快慢車道分隔線","有",31,"未使用",121.094851,24.974224,"桃園市","新屋區"
"穿越道路中","2020",2,26,22,"晴","夜間(或隧道、地下道、涵洞)有照明",50,"直路","一般車道(未劃分快慢車道)","柏油","乾燥","良好","無號誌","雙向禁止超車線","未繪設快慢車道分隔線","有",94,"未使用",121.094851,24.974224,"桃園市","新屋區"
"穿越道路中","2020",2,26,22,"晴","夜間(或隧道、地下道、涵洞)有照明",50,"直路","一般車道(未劃分快慢車道)","柏油","乾燥","良好","無號誌","雙向禁止超車線","未繪設快慢車道分隔線","有",49,"未使用",121.094851,24.974224,"桃園市","新屋區"
"穿越道路中","2020",2,27,5,"晴","夜間(或隧道、地下道、涵洞)有照明",50,"三岔路","交叉口附近","柏油","乾燥","良好","正常","無","未繪設快慢車道分隔線","無",46,"未使用",120.663693,24.218526,"臺中市","大雅區"
"穿越道路中","2020",2,27,5,"晴","夜間(或隧道、地下道、涵洞)有照明",50,"三岔路","交叉口附近","柏油","乾燥","良好","正常","無","未繪設快慢車道分隔線","無",92,"非汽(機)車駕駛人",120.663693,24.218526,"臺中市","大雅區"
"側撞","2020",2,27,6,"晴","夜間(或隧道、地下道、涵洞)有照明",60,"三岔路","交叉路口內","柏油","乾燥","良好","正常","無","未繪設快慢車道分隔線","有",80,"不明",120.388985,23.907132,"彰化縣","二林鎮"
"側撞","2020",2,27,6,"晴","夜間(或隧道、地下道、涵洞)有照明",60,"三岔路","交叉路口內","柏油","乾燥","良好","正常","無","未繪設快慢車道分隔線","有",22,"未使用",120.388985,23.907132,"彰化縣","二林鎮"
"撞護欄(樁)","2020",2,27,7,"晴","日間自然光線",60,"高架道路","一般車道(未劃分快慢車道)","柏油","乾燥","不良","無號誌","行車分向線","未繪設快慢車道分隔線","有",48,"未使用",121.61467,25.063532,"臺北市","南港區"
"其他","2020",2,27,8,"陰","日間自然光線",50,"四岔路","交叉路口內","柏油","乾燥","良好","正常","中央分向島","未繪設快慢車道分隔線","無",67,"非汽(機)車駕駛人",121.513567,25.06469,"臺北市","大同區"
"其他","2020",2,27,8,"陰","日間自然光線",50,"四岔路","交叉路口內","柏油","乾燥","良好","正常","中央分向島","未繪設快慢車道分隔線","無",52,"未使用",121.513567,25.06469,"臺北市","大同區"
"追撞","2020",2,27,8,"晴","日間自然光線",30,"橋樑","慢車道","柏油","乾燥","良好","無號誌","中央分向島","快慢車道分隔線","有",40,"未使用",120.430075,22.645565,"高雄市","大寮區"
"追撞","2020",2,27,8,"晴","日間自然光線",30,"橋樑","慢車道","柏油","乾燥","良好","無號誌","中央分向島","快慢車道分隔線","有",22,"未使用",120.430075,22.645565,"高雄市","大寮區"
"追撞","2020",2,27,8,"晴","日間自然光線",30,"橋樑","慢車道","柏油","乾燥","良好","無號誌","中央分向島","快慢車道分隔線","有",61,"未使用",120.430075,22.645565,"高雄市","大寮區"
"對向擦撞","2020",2,27,10,"晴","日間自然光線",50,"彎曲路及附近","一般車道(未劃分快慢車道)","柏油","乾燥","良好","無號誌","雙向禁止超車線","未繪設快慢車道分隔線","有",18,"未使用",120.53276,23.462988,"嘉義縣","番路鄉"
"對向擦撞","2020",2,27,10,"晴","日間自然光線",50,"彎曲路及附近","一般車道(未劃分快慢車道)","柏油","乾燥","良好","無號誌","雙向禁止超車線","未繪設快慢車道分隔線","有",32,"未使用",120.53276,23.462988,"嘉義縣","番路鄉"
"衝出路外","2020",2,27,12,"晴","日間自然光線",70,"直路","路肩、路緣","柏油","乾燥","良好","無號誌","中央分向島","快慢車道分隔線","有",46,"未使用",120.37453,23.706407,"雲林縣","土庫鎮"
"同向擦撞","2020",2,27,17,"晴","日間自然光線",50,"直路","一般車道(未劃分快慢車道)","柏油","乾燥","良好","無號誌","雙向禁止超車線","未繪設快慢車道分隔線","有",40,"不明",120.698289,24.099003,"臺中市","大里區"
"同向擦撞","2020",2,27,17,"晴","日間自然光線",50,"直路","一般車道(未劃分快慢車道)","柏油","乾燥","良好","無號誌","雙向禁止超車線","未繪設快慢車道分隔線","有",31,"未使用",120.698289,24.099003,"臺中市","大里區"
"同向擦撞","2020",2,27,17,"晴","日間自然光線",50,"直路","一般車道(未劃分快慢車道)","柏油","乾燥","良好","無號誌","雙向禁止超車線","未繪設快慢車道分隔線","有",41,"未使用",120.698289,24.099003,"臺中市","大里區"
"側撞","2020",2,27,18,"晴","晨或暮光",60,"四岔路","交叉路口內","柏油","乾燥","不良","正常","中央分向島","快慢車道分隔線","有",64,"不明",120.254504,23.698552,"雲林縣","東勢鄉"
"側撞","2020",2,27,18,"晴","晨或暮光",60,"四岔路","交叉路口內","柏油","乾燥","不良","正常","中央分向島","快慢車道分隔線","有",23,"不明",120.254504,23.698552,"雲林縣","東勢鄉"
"撞路樹、電桿","2020",2,27,22,"晴","夜間(或隧道、地下道、涵洞)有照明",50,"直路","路肩、路緣","柏油","乾燥","良好","無號誌","行車分向線","未繪設快慢車道分隔線","有",24,"未使用",121.199665,24.928757,"桃園市","平鎮區"
"撞路樹、電桿","2020",2,27,22,"晴","夜間(或隧道、地下道、涵洞)有照明",50,"直路","路肩、路緣","柏油","乾燥","良好","無號誌","行車分向線","未繪設快慢車道分隔線","有",6,"非汽(機)車駕駛人",121.199665,24.928757,"桃園市","平鎮區"
"撞路樹、電桿","2020",2,27,22,"晴","夜間(或隧道、地下道、涵洞)有照明",50,"直路","路肩、路緣","柏油","乾燥","良好","無號誌","行車分向線","未繪設快慢車道分隔線","有",2,"非汽(機)車駕駛人",121.199665,24.928757,"桃園市","平鎮區"
"撞路樹、電桿","2020",2,27,22,"晴","夜間(或隧道、地下道、涵洞)有照明",50,"直路","路肩、路緣","柏油","乾燥","良好","無號誌","行車分向線","未繪設快慢車道分隔線","有",6,"非汽(機)車駕駛人",121.199665,24.928757,"桃園市","平鎮區"
"撞路樹、電桿","2020",2,28,0,"晴","夜間(或隧道、地下道、涵洞)有照明",50,"直路","路肩、路緣","柏油","乾燥","良好","無號誌","行車分向線","未繪設快慢車道分隔線","有",39,"不明",120.214076,23.098024,"臺南市","安定區"
"撞交通島","2020",2,28,2,"陰","夜間(或隧道、地下道、涵洞)有照明",50,"彎曲路及附近","交通島(含槽化線)","柏油","乾燥","不良","無號誌","中央分向島","窄式快慢車道分隔島(無柵欄)","有",24,"不明",121.150992,24.811809,"新竹縣","關西鎮"
"路上翻車、摔倒","2020",2,28,7,"晴","日間自然光線",30,"彎曲路及附近","一般車道(未劃分快慢車道)","柏油","乾燥","良好","無號誌","雙向禁止超車線","未繪設快慢車道分隔線","有",109,"",120.558638,23.061431,"高雄市","甲仙區"
"路上翻車、摔倒","2020",2,28,7,"晴","日間自然光線",30,"彎曲路及附近","一般車道(未劃分快慢車道)","柏油","乾燥","良好","無號誌","雙向禁止超車線","未繪設快慢車道分隔線","有",19,"未使用",120.558638,23.061431,"高雄市","甲仙區"
"追撞","2020",2,28,9,"晴","日間自然光線",40,"直路","慢車道","柏油","乾燥","良好","正常","中央分向島","快慢車道分隔線","有",51,"未使用",120.4443,22.728,"高雄市","大樹區"
"追撞","2020",2,28,9,"晴","日間自然光線",40,"直路","慢車道","柏油","乾燥","良好","正常","中央分向島","快慢車道分隔線","有",53,"未使用",120.4443,22.728,"高雄市","大樹區"
"側撞","2020",2,28,11,"晴","日間自然光線",70,"三岔路","交叉路口內","柏油","乾燥","良好","無號誌","無","未繪設快慢車道分隔線","有",57,"未使用",120.692529,23.979719,"南投縣","草屯鎮"
"側撞","2020",2,28,11,"晴","日間自然光線",70,"三岔路","交叉路口內","柏油","乾燥","良好","無號誌","無","未繪設快慢車道分隔線","有",28,"未使用",120.692529,23.979719,"南投縣","草屯鎮"
"路上翻車、摔倒","2020",2,28,13,"晴","日間自然光線",60,"彎曲路及附近","慢車道","柏油","乾燥","良好","無號誌","雙向禁止超車線","快慢車道分隔線","有",37,"未使用",121.197815,22.856112,"臺東縣","東河鄉"
"路口交岔撞","2020",2,28,15,"晴","日間自然光線",30,"四岔路","交叉路口內","柏油","乾燥","不良","無號誌","無","未繪設快慢車道分隔線","無",60,"不明",120.933196,24.798456,"新竹市","香山區"
"路口交岔撞","2020",2,28,15,"晴","日間自然光線",30,"四岔路","交叉路口內","柏油","乾燥","不良","無號誌","無","未繪設快慢車道分隔線","無",33,"不明",120.933196,24.798456,"新竹市","香山區"
"路口交岔撞","2020",2,28,15,"晴","日間自然光線",30,"四岔路","交叉路口內","柏油","乾燥","不良","無號誌","無","未繪設快慢車道分隔線","無",26,"非汽(機)車駕駛人",120.933196,24.798456,"新竹市","香山區"
"撞路樹、電桿","2020",2,28,15,"晴","日間自然光線",50,"直路","路肩、路緣","柏油","乾燥","良好","無號誌","雙向禁止超車線","快慢車道分隔線","有",15,"未使用",120.176915,23.056186,"臺南市","南區"
"撞路樹、電桿","2020",2,28,15,"晴","日間自然光線",50,"直路","路肩、路緣","柏油","乾燥","良好","無號誌","雙向禁止超車線","快慢車道分隔線","有",47,"未使用",120.176915,23.056186,"臺南市","南區"
"撞路樹、電桿","2020",2,28,15,"晴","日間自然光線",50,"直路","路肩、路緣","柏油","乾燥","良好","無號誌","雙向禁止超車線","快慢車道分隔線","有",13,"非汽(機)車駕駛人",120.176915,23.056186,"臺南市","南區"
"其他","2020",2,28,18,"晴","夜間(或隧道、地下道、涵洞)有照明",40,"彎曲路及附近","一般車道(未劃分快慢車道)","柏油","乾燥","良好","無號誌","行車分向線","未繪設快慢車道分隔線","無",64,"未使用",120.602105,22.634235,"屏東縣","內埔鄉"
"其他","2020",2,28,18,"晴","夜間(或隧道、地下道、涵洞)有照明",60,"直路","慢車道","柏油","乾燥","良好","無號誌","中央分向島","快慢車道分隔線","有",21,"不明",120.548271,23.969586,"彰化縣","員林市"
"其他","2020",2,28,18,"晴","夜間(或隧道、地下道、涵洞)有照明",60,"直路","慢車道","柏油","乾燥","良好","無號誌","中央分向島","快慢車道分隔線","有",46,"不明",120.548271,23.969586,"彰化縣","員林市"
"撞護欄(樁)","2020",2,28,20,"雨","夜間(或隧道、地下道、涵洞)有照明",50,"直路","一般車道(未劃分快慢車道)","柏油","濕潤","不良","無號誌","行車分向線","快慢車道分隔線","有",52,"不明",121.742516,24.273105,"花蓮縣","秀林鄉"
"對向擦撞","2020",2,28,21,"晴","夜間(或隧道、地下道、涵洞)有照明",50,"三岔路","交叉口附近","柏油","乾燥","良好","正常","行車分向線","快慢車道分隔線","無",45,"未使用",120.696528,24.153163,"臺中市","北區"
"對向擦撞","2020",2,28,21,"晴","夜間(或隧道、地下道、涵洞)有照明",50,"三岔路","交叉口附近","柏油","乾燥","良好","正常","行車分向線","快慢車道分隔線","無",59,"未使用",120.696528,24.153163,"臺中市","北區"
"對向擦撞","2020",2,28,21,"晴","夜間(或隧道、地下道、涵洞)有照明",50,"三岔路","交叉口附近","柏油","乾燥","良好","正常","行車分向線","快慢車道分隔線","無",53,"未使用",120.696528,24.153163,"臺中市","北區"
"撞護欄(樁)","2020",2,29,0,"晴","夜間(或隧道、地下道、涵洞)有照明",30,"直路","一般車道(未劃分快慢車道)","柏油","乾燥","不良","無號誌","無","未繪設快慢車道分隔線","有",61,"不明",121.360028,25.100514,"新北市","林口區"
"側撞","2020",2,29,8,"晴","日間自然光線",50,"直路","一般車道(未劃分快慢車道)","柏油","乾燥","良好","無號誌","雙向禁止超車線","未繪設快慢車道分隔線","有",20,"未使用",121.013215,24.835153,"新竹縣","竹北市"
"側撞","2020",2,29,8,"晴","日間自然光線",50,"直路","一般車道(未劃分快慢車道)","柏油","乾燥","良好","無號誌","雙向禁止超車線","未繪設快慢車道分隔線","有",79,"未使用",121.013215,24.835153,"新竹縣","竹北市"
"衝出路外","2020",2,29,10,"晴","日間自然光線",40,"彎曲路及附近","路肩、路緣","柏油","乾燥","良好","無號誌","雙向禁止超車線","未繪設快慢車道分隔線","有",32,"未使用",120.457019,23.236937,"臺南市","東山區"
"路上翻車、摔倒","2020",2,29,17,"晴","日間自然光線",40,"直路","一般車道(未劃分快慢車道)","柏油","乾燥","良好","無號誌","雙向禁止超車線","未繪設快慢車道分隔線","有",44,"未使用",121.003461,23.977598,"南投縣","埔里鎮"
"路上翻車、摔倒","2020",2,29,17,"晴","日間自然光線",40,"直路","一般車道(未劃分快慢車道)","柏油","乾燥","良好","無號誌","雙向禁止超車線","未繪設快慢車道分隔線","有",24,"未使用",121.003461,23.977598,"南投縣","埔里鎮"
"路上翻車、摔倒","2020",2,29,17,"晴","日間自然光線",40,"直路","一般車道(未劃分快慢車道)","柏油","乾燥","良好","無號誌","雙向禁止超車線","未繪設快慢車道分隔線","有",24,"非汽(機)車駕駛人",121.003461,23.977598,"南投縣","埔里鎮"
"側撞","2020",3,1,0,"晴","夜間(或隧道、地下道、涵洞)有照明",60,"直路","一般車道(未劃分快慢車道)","柏油","乾燥","良好","無號誌","雙向禁止超車線","未繪設快慢車道分隔線","有",35,"未使用",120.439108,23.764163,"雲林縣","西螺鎮"
"側撞","2020",3,1,0,"晴","夜間(或隧道、地下道、涵洞)有照明",60,"直路","一般車道(未劃分快慢車道)","柏油","乾燥","良好","無號誌","雙向禁止超車線","未繪設快慢車道分隔線","有",40,"未使用",120.439108,23.764163,"雲林縣","西螺鎮"
"撞號誌、標誌桿","2020",3,1,13,"晴","日間自然光線",50,"直路","一般車道(未劃分快慢車道)","柏油","乾燥","良好","無號誌","雙向禁止超車線","未繪設快慢車道分隔線","有",40,"未使用",121.258067,24.924933,"桃園市","八德區"
"追撞","2020",3,2,9,"晴","日間自然光線",50,"直路","一般車道(未劃分快慢車道)","柏油","乾燥","良好","無號誌","雙向禁止超車線","未繪設快慢車道分隔線","無",60,"未使用",121.303514,25.026599,"桃園市","桃園區"
"追撞","2020",3,2,9,"晴","日間自然光線",50,"直路","一般車道(未劃分快慢車道)","柏油","乾燥","良好","無號誌","雙向禁止超車線","未繪設快慢車道分隔線","無",26,"未使用",121.303514,25.026599,"桃園市","桃園區"
"衝出路外","2020",3,2,10,"晴","日間自然光線",50,"彎曲路及附近","路肩、路緣","柏油","乾燥","良好","無號誌","雙向禁止超車線","未繪設快慢車道分隔線","有",65,"不明",120.499732,23.326151,"臺南市","白河區"
"側撞","2020",3,2,10,"晴","日間自然光線",50,"四岔路","交叉路口內","柏油","乾燥","良好","正常","無","未繪設快慢車道分隔線","無",57,"未使用",120.384436,22.770737,"高雄市","燕巢區"
"側撞","2020",3,2,10,"晴","日間自然光線",50,"四岔路","交叉路口內","柏油","乾燥","良好","正常","無","未繪設快慢車道分隔線","無",18,"未使用",120.384436,22.770737,"高雄市","燕巢區"
"撞護欄(樁)","2020",3,2,19,"晴","夜間(或隧道、地下道、涵洞)有照明",50,"直路","路肩、路緣","柏油","乾燥","良好","無號誌","行車分向線","未繪設快慢車道分隔線","有",36,"不明",120.632373,24.323856,"臺中市","外埔區"
"撞非固定設施","2020",3,2,22,"晴","夜間(或隧道、地下道、涵洞)有照明",50,"直路","一般車道(未劃分快慢車道)","柏油","乾燥","良好","無號誌","雙向禁止超車線","快慢車道分隔線","有",36,"",120.71215,24.093953,"臺中市","大里區"
"撞非固定設施","2020",3,2,22,"晴","夜間(或隧道、地下道、涵洞)有照明",50,"直路","一般車道(未劃分快慢車道)","柏油","乾燥","良好","無號誌","雙向禁止超車線","快慢車道分隔線","有",43,"未使用",120.71215,24.093953,"臺中市","大里區"
"對撞","2020",3,2,23,"晴","夜間(或隧道、地下道、涵洞)有照明",40,"彎曲路及附近","一般車道(未劃分快慢車道)","柏油","乾燥","不良","無號誌","雙向禁止超車線","未繪設快慢車道分隔線","有",29,"未使用",120.594378,22.688523,"屏東縣","內埔鄉"
"對撞","2020",3,2,23,"晴","夜間(或隧道、地下道、涵洞)有照明",40,"彎曲路及附近","一般車道(未劃分快慢車道)","柏油","乾燥","不良","無號誌","雙向禁止超車線","未繪設快慢車道分隔線","有",62,"未使用",120.594378,22.688523,"屏東縣","內埔鄉"
"其他","2020",3,3,8,"晴","日間自然光線",40,"直路","機車優先道","柏油","乾燥","不良","無號誌","中央分向島","快慢車道分隔線","有",34,"未使用",120.663997,24.075449,"臺中市","霧峰區"
"其他","2020",3,3,8,"晴","日間自然光線",40,"直路","機車優先道","柏油","乾燥","不良","無號誌","中央分向島","快慢車道分隔線","有",44,"未使用",120.663997,24.075449,"臺中市","霧峰區"