"事故類型及型態子類別名稱","發生年度","發生月份","發生日期","發生時間","天候名稱","光線名稱","速限.第1當事者","道路型態子類別名稱","事故位置子類別名稱","路面狀況.路面鋪裝名稱","路面狀況.路面狀態名稱","道路障礙.視距品質名稱","號誌.號誌動作名稱","車道劃分設施.分向設施大類別名稱","車道劃分設施.分道設施.快慢車道間名稱","車道劃分設施.分道設施.路面邊線名稱","當事者事故發生時年齡","行動電話或電腦或其他相類功能裝置名稱","經度","緯度","縣市","鄉鎮"
"其他","2020",3,3,8,"晴","日間自然光線",40,"直路","機車優先道","柏油","乾燥","不良","無號誌","中央分向島","快慢車道分隔線","有",22,"未使用",120.663997,24.075449,"臺中市","霧峰區"
"側撞","2020",3,3,10,"晴","日間自然光線",70,"直路","快車道","柏油","乾燥","良好","無號誌","中央分向島","未繪設快慢車道分隔線","有",32,"未使用",120.727337,23.98081,"南投縣","草屯鎮"
"側撞","2020",3,3,10,"晴","日間自然光線",70,"直路","快車道","柏油","乾燥","良好","無號誌","中央分向島","未繪設快慢車道分隔線","有",74,"未使用",120.727337,23.98081,"南投縣","草屯鎮"
"側撞","2020",3,3,10,"晴","日間自然光線",70,"直路","快車道","柏油","乾燥","良好","無號誌","中央分向島","未繪設快慢車道分隔線","有",73,"非汽(機)車駕駛人",120.727337,23.98081,"南投縣","草屯鎮"
"其他","2020",3,3,18,"陰","夜間(或隧道、地下道、涵洞)有照明",50,"橋樑","機車專用道","柏油","乾燥","良好","無號誌","中央分向島","窄式快慢車道分隔島(無柵欄)","無",57,"不明",121.461328,25.036859,"新北市","新莊區"
"其他","2020",3,3,18,"陰","夜間(或隧道、地下道、涵洞)有照明",50,"橋樑","機車專用道","柏油","乾燥","良好","無號誌","中央分向島","窄式快慢車道分隔島(無柵欄)","無",30,"不明",121.461328,25.036859,"新北市","新莊區"
"側撞","2020",3,3,20,"晴","夜間(或隧道、地下道、涵洞)有照明",50,"直路","路肩、路緣","柏油","乾燥","良好","無號誌","中央分向島","快慢車道分隔線","有",42,"未使用",120.237895,23.183608,"臺南市","麻豆區"
"側撞","2020",3,3,20,"晴","夜間(或隧道、地下道、涵洞)有照明",50,"直路","路肩、路緣","柏油","乾燥","良好","無號誌","中央分向島","快慢車道分隔線","有",66,"非汽(機)車駕駛人",120.237895,23.183608,"臺南市","麻豆區"
"撞護欄(樁)","2020",3,4,5,"晴","日間自然光線",60,"直路","路肩、路緣","柏油","乾燥","良好","無號誌","雙向禁止超車線","快慢車道分隔線","有",17,"未使用",121.31089,23.271804,"花蓮縣","富里鄉"
"撞護欄(樁)","2020",3,4,5,"晴","日間自然光線",60,"直路","路肩、路緣","柏油","乾燥","良好","無號誌","雙向禁止超車線","快慢車道分隔線","有",15,"非汽(機)車駕駛人",121.31089,23.271804,"花蓮縣","富里鄉"
"同向擦撞","2020",3,4,10,"陰","日間自然光線",50,"四岔路","交叉路口內","柏油","乾燥","良好","正常","無","未繪設快慢車道分隔線","無",63,"使用免持或未有礙駕駛安全",121.292538,25.006843,"桃園市","桃園區"
"同向擦撞","2020",3,4,10,"陰","日間自然光線",50,"四岔路","交叉路口內","柏油","乾燥","良好","正常","無","未繪設快慢車道分隔線","無",68,"使用免持或未有礙駕駛安全",121.292538,25.006843,"桃園市","桃園區"
"對向擦撞","2020",3,4,14,"晴","日間自然光線",50,"彎曲路及附近","一般車道(未劃分快慢車道)","柏油","乾燥","良好","無號誌","雙向禁止超車線","未繪設快慢車道分隔線","無",36,"未使用",120.38929,23.151364,"臺南市","大內區"
"對向擦撞","2020",3,4,14,"晴","日間自然光線",50,"彎曲路及附近","一般車道(未劃分快慢車道)","柏油","乾燥","良好","無號誌","雙向禁止超車線","未繪設快慢車道分隔線","無",39,"未使用",120.38929,23.151364,"臺南市","大內區"
"穿越道路中","2020",3,4,20,"晴","夜間(或隧道、地下道、涵洞)有照明",50,"三岔路","交叉路口內","柏油","乾燥","良好","無號誌","無","未繪設快慢車道分隔線","有",69,"非汽(機)車駕駛人",120.300584,23.581262,"雲林縣","北港鎮"
"穿越道路中","2020",3,4,20,"晴","夜間(或隧道、地下道、涵洞)有照明",50,"三岔路","交叉路口內","柏油","乾燥","良好","無號誌","無","未繪設快慢車道分隔線","有",14,"不明",120.300584,23.581262,"雲林縣","北港鎮"
"穿越道路中","2020",3,4,20,"晴","夜間(或隧道、地下道、涵洞)有照明",50,"三岔路","交叉路口內","柏油","乾燥","良好","無號誌","無","未繪設快慢車道分隔線","有",24,"非汽(機)車駕駛人",120.300584,23.581262,"雲林縣","北港鎮"
"路上翻車、摔倒","2020",3,5,6,"陰","晨或暮光",40,"直路","一般車道(未劃分快慢車道)","柏油","乾燥","良好","無號誌","無","未繪設快慢車道分隔線","有",109,"",120.391683,22.495873,"高雄市","林園區"
"路上翻車、摔倒","2020",3,5,6,"陰","晨或暮光",40,"直路","一般車道(未劃分快慢車道)","柏油","乾燥","良好","無號誌","無","未繪設快慢車道分隔線","有",25,"不明",120.391683,22.495873,"高雄市","林園區"
"其他","2020",3,5,12,"晴","日間自然光線",50,"直路","一般車道(未劃分快慢車道)","柏油","乾燥","良好","無號誌","行車分向線","未繪設快慢車道分隔線","無",22,"不明",120.204288,23.65081,"雲林縣","四湖鄉"
"其他","2020",3,5,12,"晴","日間自然光線",50,"直路","一般車道(未劃分快慢車道)","柏油","乾燥","良好","無號誌","行車分向線","未繪設快慢車道分隔線","無",71,"不明",120.204288,23.65081,"雲林縣","四湖鄉"
"其他","2020",3,5,13,"晴","日間自然光線",40,"彎曲路及附近","慢車道","柏油","乾燥","良好","無號誌","中央分向島","未繪設快慢車道分隔線","有",18,"未使用",120.190537,22.87961,"高雄市","茄萣區"
"其他","2020",3,5,13,"晴","日間自然光線",40,"彎曲路及附近","慢車道","柏油","乾燥","良好","無號誌","中央分向島","未繪設快慢車道分隔線","有",54,"未使用",120.190537,22.87961,"高雄市","茄萣區"
"其他","2020",3,6,0,"晴","夜間(或隧道、地下道、涵洞)無照明",30,"直路","一般車道(未劃分快慢車道)","柏油","乾燥","不良","無號誌","無","未繪設快慢車道分隔線","有",45,"未使用",120.862887,24.698543,"苗栗縣","竹南鎮"
"其他","2020",3,6,0,"晴","夜間(或隧道、地下道、涵洞)無照明",30,"直路","一般車道(未劃分快慢車道)","柏油","乾燥","不良","無號誌","無","未繪設快慢車道分隔線","有",82,"非汽(機)車駕駛人",120.862887,24.698543,"苗栗縣","竹南鎮"
"側撞","2020",3,6,7,"晴","日間自然光線",30,"四岔路","交叉路口內","柏油","乾燥","良好","無號誌","無","未繪設快慢車道分隔線","無",70,"未使用",120.327678,22.955008,"臺南市","關廟區"
"側撞","2020",3,6,7,"晴","日間自然光線",30,"四岔路","交叉路口內","柏油","乾燥","良好","無號誌","無","未繪設快慢車道分隔線","無",44,"未使用",120.327678,22.955008,"臺南市","關廟區"
"追撞","2020",3,6,13,"陰","日間自然光線",60,"四岔路","交叉口附近","柏油","乾燥","良好","正常","中央分向島","未繪設快慢車道分隔線","有",27,"未使用",121.790643,24.694592,"宜蘭縣","五結鄉"
"追撞","2020",3,6,13,"陰","日間自然光線",60,"四岔路","交叉口附近","柏油","乾燥","良好","正常","中央分向島","未繪設快慢車道分隔線","有",78,"未使用",121.790643,24.694592,"宜蘭縣","五結鄉"
"對撞","2020",3,6,15,"晴","日間自然光線",40,"直路","一般車道(未劃分快慢車道)","柏油","乾燥","良好","無號誌","行車分向線","未繪設快慢車道分隔線","有",24,"未使用",120.355911,22.904987,"臺南市","關廟區"
"對撞","2020",3,6,15,"晴","日間自然光線",40,"直路","一般車道(未劃分快慢車道)","柏油","乾燥","良好","無號誌","行車分向線","未繪設快慢車道分隔線","有",69,"未使用",120.355911,22.904987,"臺南市","關廟區"
"撞護欄(樁)","2020",3,7,2,"晴","夜間(或隧道、地下道、涵洞)有照明",40,"橋樑","機車優先道","柏油","乾燥","良好","無號誌","雙向禁止超車線","窄式快慢車道分隔島(無柵欄)","有",27,"未使用",120.445257,23.48219,"嘉義市","西區"
"路口交岔撞","2020",3,7,16,"晴","日間自然光線",50,"四岔路","交叉路口內","柏油","乾燥","良好","正常","行車分向線","快慢車道分隔線","有",80,"非汽(機)車駕駛人",120.379305,23.667094,"雲林縣","土庫鎮"
"路口交岔撞","2020",3,7,16,"晴","日間自然光線",50,"四岔路","交叉路口內","柏油","乾燥","良好","正常","行車分向線","快慢車道分隔線","有",31,"未使用",120.379305,23.667094,"雲林縣","土庫鎮"
"側撞","2020",3,7,18,"晴","夜間(或隧道、地下道、涵洞)有照明",60,"四岔路","交叉路口內","柏油","乾燥","良好","正常","無","未繪設快慢車道分隔線","無",18,"不明",120.49163,24.121948,"彰化縣","和美鎮"
"側撞","2020",3,7,18,"晴","夜間(或隧道、地下道、涵洞)有照明",60,"四岔路","交叉路口內","柏油","乾燥","良好","正常","無","未繪設快慢車道分隔線","無",57,"未使用",120.49163,24.121948,"彰化縣","和美鎮"
"路上翻車、摔倒","2020",3,7,23,"晴","夜間(或隧道、地下道、涵洞)有照明",40,"直路","一般車道(未劃分快慢車道)","柏油","乾燥","良好","無號誌","雙向禁止超車線","未繪設快慢車道分隔線","有",18,"不明",120.935694,24.802703,"新竹市","香山區"
"撞路樹、電桿","2020",3,8,13,"晴","日間自然光線",40,"直路","慢車道","柏油","乾燥","良好","無號誌","無","快慢車道分隔線","有",109,"",120.343943,22.681755,"高雄市","仁武區"
"撞路樹、電桿","2020",3,8,13,"晴","日間自然光線",40,"直路","慢車道","柏油","乾燥","良好","無號誌","無","快慢車道分隔線","有",65,"未使用",120.343943,22.681755,"高雄市","仁武區"
"撞護欄(樁)","2020",3,8,14,"雨","日間自然光線",40,"直路","路肩、路緣","柏油","濕潤","良好","無號誌","雙向禁止超車線","快慢車道分隔線","有",19,"不明",121.106665,22.783861,"臺東縣","臺東市"
"追撞","2020",3,8,19,"陰","夜間(或隧道、地下道、涵洞)有照明",70,"直路","快車道","柏油","乾燥","良好","正常","中央分向島","快慢車道分隔線","有",45,"未使用",120.678253,23.987026,"南投縣","草屯鎮"
"追撞","2020",3,8,19,"陰","夜間(或隧道、地下道、涵洞)有照明",70,"直路","快車道","柏油","乾燥","良好","正常","中央分向島","快慢車道分隔線","有",34,"非汽(機)車駕駛人",120.678253,23.987026,"南投縣","草屯鎮"
"追撞","2020",3,8,19,"陰","夜間(或隧道、地下道、涵洞)有照明",70,"直路","快車道","柏油","乾燥","良好","正常","中央分向島","快慢車道分隔線","有",38,"未使用",120.678253,23.987026,"南投縣","草屯鎮"
"追撞","2020",3,8,19,"陰","夜間(或隧道、地下道、涵洞)有照明",70,"直路","快車道","柏油","乾燥","良好","正常","中央分向島","快慢車道分隔線","有",36,"未使用",120.678253,23.987026,"南投縣","草屯鎮"
"追撞","2020",3,8,19,"陰","夜間(或隧道、地下道、涵洞)有照明",70,"直路","快車道","柏油","乾燥","良好","正常","中央分向島","快慢車道分隔線","有",31,"未使用",120.678253,23.987026,"南投縣","草屯鎮"
"撞護欄(樁)","2020",3,9,0,"晴","夜間(或隧道、地下道、涵洞)有照明",60,"彎曲路及附近","快車道","柏油","乾燥","良好","無號誌","行車分向線","快慢車道分隔線","有",21,"不明",120.91922,23.87532,"南投縣","魚池鄉"
"對撞","2020",3,9,13,"晴","日間自然光線",30,"隧道","一般車道(未劃分快慢車道)","柏油","乾燥","良好","無號誌","無","未繪設快慢車道分隔線","有",53,"不明",120.8468,23.26598,"高雄市","桃源區"
"對撞","2020",3,9,13,"晴","日間自然光線",30,"隧道","一般車道(未劃分快慢車道)","柏油","乾燥","良好","無號誌","無","未繪設快慢車道分隔線","有",34,"未使用",120.8468,23.26598,"高雄市","桃源區"
"側撞","2020",3,9,15,"晴","日間自然光線",50,"四岔路","交叉口附近","柏油","乾燥","良好","正常","中央分向島","快慢車道分隔線","有",49,"未使用",120.31718,22.722838,"高雄市","楠梓區"
"側撞","2020",3,9,15,"晴","日間自然光線",50,"四岔路","交叉口附近","柏油","乾燥","良好","正常","中央分向島","快慢車道分隔線","有",21,"未使用",120.31718,22.722838,"高雄市","楠梓區"
"側撞","2020",3,9,15,"晴","日間自然光線",50,"四岔路","交叉路口內","柏油","乾燥","良好","正常","無","未繪設快慢車道分隔線","無",60,"未使用",120.180579,23.234617,"臺南市","學甲區"
"側撞","2020",3,9,15,"晴","日間自然光線",50,"四岔路","交叉路口內","柏油","乾燥","良好","正常","無","未繪設快慢車道分隔線","無",88,"未使用",120.180579,23.234617,"臺南市","學甲區"
"路口交岔撞","2020",3,9,18,"晴","晨或暮光",30,"四岔路","交叉路口內","柏油","乾燥","良好","無號誌","無","未繪設快慢車道分隔線","無",47,"未使用",121.095984,22.781152,"臺東縣","卑南鄉"
"路口交岔撞","2020",3,9,18,"晴","晨或暮光",30,"四岔路","交叉路口內","柏油","乾燥","良好","無號誌","無","未繪設快慢車道分隔線","無",34,"未使用",121.095984,22.781152,"臺東縣","卑南鄉"
"其他","2020",3,9,21,"晴","夜間(或隧道、地下道、涵洞)有照明",50,"四岔路","交叉口附近","柏油","乾燥","良好","無號誌","行車分向線","未繪設快慢車道分隔線","無",58,"未使用",121.567606,25.035825,"臺北市","信義區"
"其他","2020",3,9,21,"晴","夜間(或隧道、地下道、涵洞)有照明",50,"四岔路","交叉口附近","柏油","乾燥","良好","無號誌","行車分向線","未繪設快慢車道分隔線","無",56,"未使用",121.567606,25.035825,"臺北市","信義區"
"路口交岔撞","2020",3,10,5,"雨","夜間(或隧道、地下道、涵洞)有照明",50,"多岔路","交叉路口內","柏油","濕潤","良好","正常","無","未繪設快慢車道分隔線","無",26,"未使用",121.108977,24.994317,"桃園市","觀音區"
"路口交岔撞","2020",3,10,5,"雨","夜間(或隧道、地下道、涵洞)有照明",50,"多岔路","交叉路口內","柏油","濕潤","良好","正常","無","未繪設快慢車道分隔線","無",71,"未使用",121.108977,24.994317,"桃園市","觀音區"
"穿越道路中","2020",3,10,8,"雨","日間自然光線",50,"直路","一般車道(未劃分快慢車道)","柏油","濕潤","良好","無號誌","雙向禁止超車線","未繪設快慢車道分隔線","無",61,"未使用",121.519729,25.091098,"臺北市","士林區"
"穿越道路中","2020",3,10,8,"雨","日間自然光線",50,"直路","一般車道(未劃分快慢車道)","柏油","濕潤","良好","無號誌","雙向禁止超車線","未繪設快慢車道分隔線","無",90,"非汽(機)車駕駛人",121.519729,25.091098,"臺北市","士林區"
"撞護欄(樁)","2020",3,10,17,"晴","日間自然光線",60,"直路","路肩、路緣","柏油","乾燥","良好","無號誌","雙向禁止超車線","快慢車道分隔線","有",25,"未使用",120.310994,23.630367,"雲林縣","元長鄉"
"撞護欄(樁)","2020",3,10,17,"晴","日間自然光線",60,"直路","路肩、路緣","柏油","乾燥","良好","無號誌","雙向禁止超車線","快慢車道分隔線","有",22,"非汽(機)車駕駛人",120.310994,23.630367,"雲林縣","元長鄉"
"同向通行中","2020",3,10,19,"晴","夜間(或隧道、地下道、涵洞)無照明",50,"直路","機車優先道","柏油","乾燥","良好","無號誌","雙向禁止超車線","快慢車道分隔線","有",32,"不明",120.299351,23.572635,"雲林縣","北港鎮"
"同向通行中","2020",3,10,19,"晴","夜間(或隧道、地下道、涵洞)無照明",50,"直路","機車優先道","柏油","乾燥","良好","無號誌","雙向禁止超車線","快慢車道分隔線","有",84,"非汽(機)車駕駛人",120.299351,23.572635,"雲林縣","北港鎮"
"穿越道路中","2020",3,10,22,"晴","夜間(或隧道、地下道、涵洞)有照明",50,"四岔路","行人穿越道","柏油","乾燥","良好","正常","無","未繪設快慢車道分隔線","無",29,"未使用",120.722295,24.175928,"臺中市","北屯區"
"穿越道路中","2020",3,10,22,"晴","夜間(或隧道、地下道、涵洞)有照明",50,"四岔路","行人穿越道","柏油","乾燥","良好","正常","無","未繪設快慢車道分隔線","無",81,"非汽(機)車駕駛人",120.722295,24.175928,"臺中市","北屯區"
"路上翻車、摔倒","2020",3,11,2,"晴","夜間(或隧道、地下道、涵洞)有照明",50,"直路","一般車道(未劃分快慢車道)","柏油","乾燥","良好","無號誌","雙向禁止超車線","未繪設快慢車道分隔線","有",109,"",120.334864,22.794076,"高雄市","燕巢區"
"路上翻車、摔倒","2020",3,11,2,"晴","夜間(或隧道、地下道、涵洞)有照明",50,"直路","一般車道(未劃分快慢車道)","柏油","乾燥","良好","無號誌","雙向禁止超車線","未繪設快慢車道分隔線","有",28,"未使用",120.334864,22.794076,"高雄市","燕巢區"
"同向擦撞","2020",3,11,10,"晴","日間自然光線",50,"直路","快車道","柏油","乾燥","良好","無號誌","中央分向島","快慢車道分隔線","有",26,"未使用",120.435066,23.538769,"嘉義縣","民雄鄉"
"同向擦撞","2020",3,11,10,"晴","日間自然光線",50,"直路","快車道","柏油","乾燥","良好","無號誌","中央分向島","快慢車道分隔線","有",18,"不明",120.435066,23.538769,"嘉義縣","民雄鄉"
"同向擦撞","2020",3,11,10,"晴","日間自然光線",50,"直路","快車道","柏油","乾燥","良好","無號誌","中央分向島","快慢車道分隔線","有",15,"未使用",120.435066,23.538769,"嘉義縣","民雄鄉"
"其他","2020",3,11,15,"晴","日間自然光線",60,"直路","一般車道(未劃分快慢車道)","柏油","乾燥","良好","無號誌","雙向禁止超車線","未繪設快慢車道分隔線","有",47,"未使用",120.926177,23.913017,"南投縣","魚池鄉"
"其他","2020",3,11,15,"晴","日間自然光線",60,"直路","一般車道(未劃分快慢車道)","柏油","乾燥","良好","無號誌","雙向禁止超車線","未繪設快慢車道分隔線","有",79,"非汽(機)車駕駛人",120.926177,23.913017,"南投縣","魚池鄉"
"路口交岔撞","2020",3,12,17,"陰","日間自然光線",50,"四岔路","交叉路口內","柏油","乾燥","良好","正常","無","未繪設快慢車道分隔線","無",60,"未使用",121.097389,24.924744,"桃園市","楊梅區"
"路口交岔撞","2020",3,12,17,"陰","日間自然光線",50,"四岔路","交叉路口內","柏油","乾燥","良好","正常","無","未繪設快慢車道分隔線","無",55,"未使用",121.097389,24.924744,"桃園市","楊梅區"
"撞路樹、電桿","2020",3,13,9,"雨","日間自然光線",40,"三岔路","交叉口附近","柏油","濕潤","良好","無號誌","無","未繪設快慢車道分隔線","無",22,"未使用",121.194289,25.016494,"桃園市","中壢區"
"撞路樹、電桿","2020",3,13,9,"雨","日間自然光線",40,"三岔路","交叉口附近","柏油","濕潤","良好","無號誌","無","未繪設快慢車道分隔線","無",19,"非汽(機)車駕駛人",121.194289,25.016494,"桃園市","中壢區"
"同向擦撞","2020",3,13,11,"雨","日間自然光線",50,"直路","一般車道(未劃分快慢車道)","柏油","濕潤","良好","無號誌","雙向禁止超車線","未繪設快慢車道分隔線","有",35,"未使用",120.974677,24.812974,"新竹市","東區"
"同向擦撞","2020",3,13,11,"雨","日間自然光線",50,"直路","一般車道(未劃分快慢車道)","柏油","濕潤","良好","無號誌","雙向禁止超車線","未繪設快慢車道分隔線","有",66,"未使用",120.974677,24.812974,"新竹市","東區"
"同向擦撞","2020",3,13,11,"雨","日間自然光線",50,"直路","一般車道(未劃分快慢車道)","柏油","濕潤","良好","無號誌","雙向禁止超車線","未繪設快慢車道分隔線","有",43,"未使用",120.974677,24.812974,"新竹市","東區"
"穿越道路中","2020",3,13,15,"晴","日間自然光線",50,"三岔路","交叉口附近","柏油","乾燥","良好","正常","雙向禁止超車線","快慢車道分隔線","無",78,"非汽(機)車駕駛人",120.727966,24.244573,"臺中市","豐原區"
"穿越道路中","2020",3,13,15,"晴","日間自然光線",50,"三岔路","交叉口附近","柏油","乾燥","良好","正常","雙向禁止超車線","快慢車道分隔線","無",48,"未使用",120.727966,24.244573,"臺中市","豐原區"
"追撞","2020",3,13,17,"晴","日間自然光線",40,"直路","慢車道","柏油","乾燥","良好","無號誌","行車分向線","快慢車道分隔線","無",53,"不明",120.632158,24.182925,"臺中市","西屯區"
"追撞","2020",3,13,17,"晴","日間自然光線",40,"直路","慢車道","柏油","乾燥","良好","無號誌","行車分向線","快慢車道分隔線","無",26,"不明",120.632158,24.182925,"臺中市","西屯區"
"穿越道路中","2020",3,13,22,"晴","夜間(或隧道、地下道、涵洞)有照明",50,"直路","一般車道(未劃分快慢車道)","柏油","乾燥","良好","無號誌","行車分向線","未繪設快慢車道分隔線","有",62,"未使用",120.580891,22.744435,"屏東縣","鹽埔鄉"
"穿越道路中","2020",3,13,22,"晴","夜間(或隧道、地下道、涵洞)有照明",50,"直路","一般車道(未劃分快慢車道)","柏油","乾燥","良好","無號誌","行車分向線","未繪設快慢車道分隔線","有",64,"非汽(機)車駕駛人",120.580891,22.744435,"屏東縣","鹽埔鄉"
"撞路樹、電桿","2020",3,14,15,"陰","日間自然光線",40,"彎曲路及附近","一般車道(未劃分快慢車道)","柏油","濕潤","良好","無號誌","無","未繪設快慢車道分隔線","無",66,"不明",120.576664,23.860245,"彰化縣","田中鎮"
"撞路樹、電桿","2020",3,14,15,"陰","日間自然光線",40,"彎曲路及附近","一般車道(未劃分快慢車道)","柏油","濕潤","良好","無號誌","無","未繪設快慢車道分隔線","無",46,"非汽(機)車駕駛人",120.576664,23.860245,"彰化縣","田中鎮"
"撞路樹、電桿","2020",3,14,19,"晴","夜間(或隧道、地下道、涵洞)有照明",50,"直路","路肩、路緣","柏油","乾燥","良好","無號誌","行車分向線","未繪設快慢車道分隔線","有",37,"不明",120.213342,23.116782,"臺南市","西港區"
"同向通行中","2020",3,15,6,"晴","日間自然光線",50,"直路","一般車道(未劃分快慢車道)","柏油","乾燥","良好","無號誌","雙向禁止超車線","未繪設快慢車道分隔線","有",48,"不明",120.551511,23.629098,"雲林縣","古坑鄉"
"同向通行中","2020",3,15,6,"晴","日間自然光線",50,"直路","一般車道(未劃分快慢車道)","柏油","乾燥","良好","無號誌","雙向禁止超車線","未繪設快慢車道分隔線","有",69,"非汽(機)車駕駛人",120.551511,23.629098,"雲林縣","古坑鄉"
"對向擦撞","2020",3,15,9,"晴","日間自然光線",50,"彎曲路及附近","一般車道(未劃分快慢車道)","柏油","乾燥","不良","無號誌","單向禁止超車線","未繪設快慢車道分隔線","有",52,"未使用",120.946601,24.537784,"苗栗縣","獅潭鄉"
"對向擦撞","2020",3,15,9,"晴","日間自然光線",50,"彎曲路及附近","一般車道(未劃分快慢車道)","柏油","乾燥","不良","無號誌","單向禁止超車線","未繪設快慢車道分隔線","有",43,"未使用",120.946601,24.537784,"苗栗縣","獅潭鄉"
"其他","2020",3,15,10,"晴","日間自然光線",50,"四岔路","交叉路口內","柏油","乾燥","良好","無號誌","雙向禁止超車線","未繪設快慢車道分隔線","有",32,"未使用",121.77222,24.645518,"宜蘭縣","冬山鄉"
"其他","2020",3,15,10,"晴","日間自然光線",50,"四岔路","交叉路口內","柏油","乾燥","良好","無號誌","雙向禁止超車線","未繪設快慢車道分隔線","有",59,"未使用",121.77222,24.645518,"宜蘭縣","冬山鄉"
"追撞","2020",3,15,19,"陰","夜間(或隧道、地下道、涵洞)有照明",70,"直路","機車優先道","柏油","乾燥","良好","無號誌","中央分向島","未繪設快慢車道分隔線","有",23,"未使用",121.641177,24.118583,"花蓮縣","新城鄉"
"追撞","2020",3,15,19,"陰","夜間(或隧道、地下道、涵洞)有照明",70,"直路","機車優先道","柏油","乾燥","良好","無號誌","中央分向島","未繪設快慢車道分隔線","有",52,"未使用",121.641177,24.118583,"花蓮縣","新城鄉"
"側撞","2020",3,16,2,"晴","夜間(或隧道、地下道、涵洞)有照明",50,"四岔路","交叉口附近","柏油","乾燥","良好","正常","中央分向島","未繪設快慢車道分隔線","有",28,"未使用",121.513227,25.097765,"臺北市","士林區"
"側撞","2020",3,16,2,"晴","夜間(或隧道、地下道、涵洞)有照明",50,"四岔路","交叉口附近","柏油","乾燥","良好","正常","中央分向島","未繪設快慢車道分隔線","有",66,"未使用",121.513227,25.097765,"臺北市","士林區"
"其他","2020",3,16,8,"晴","日間自然光線",50,"直路","路肩、路緣","柏油","乾燥","良好","無號誌","雙向禁止超車線","未繪設快慢車道分隔線","有",20,"未使用",120.240936,23.049305,"臺南市","永康區"
"其他","2020",3,16,8,"晴","日間自然光線",50,"直路","路肩、路緣","柏油","乾燥","良好","無號誌","雙向禁止超車線","未繪設快慢車道分隔線","有",48,"未使用",120.240936,23.049305,"臺南市","永康區"
"同向擦撞","2020",3,16,8,"晴","日間自然光線",50,"直路","快車道","柏油","乾燥","良好","無號誌","雙向禁止超車線","快慢車道分隔線","無",15,"未使用",120.217885,22.918212,"臺南市","仁德區"
"同向擦撞","2020",3,16,8,"晴","日間自然光線",50,"直路","快車道","柏油","乾燥","良好","無號誌","雙向禁止超車線","快慢車道分隔線","無",81,"未使用",120.217885,22.918212,"臺南市","仁德區"
"路口交岔撞","2020",3,16,9,"晴","日間自然光線",50,"四岔路","交叉路口內","柏油","乾燥","良好","正常","無","未繪設快慢車道分隔線","無",23,"未使用",120.569845,22.815351,"屏東縣","里港鄉"
"路口交岔撞","2020",3,16,9,"晴","日間自然光線",50,"四岔路","交叉路口內","柏油","乾燥","良好","正常","無","未繪設快慢車道分隔線","無",58,"未使用",120.569845,22.815351,"屏東縣","里港鄉"
"側撞","2020",3,16,11,"晴","日間自然光線",40,"三岔路","交叉路口內","柏油","乾燥","良好","無號誌","無","未繪設快慢車道分隔線","無",71,"未使用",120.297,22.64942,"高雄市","三民區"
"側撞","2020",3,16,11,"晴","日間自然光線",40,"三岔路","交叉路口內","柏油","乾燥","良好","無號誌","無","未繪設快慢車道分隔線","無",45,"未使用",120.297,22.64942,"高雄市","三民區"
"同向擦撞","2020",3,16,11,"晴","日間自然光線",50,"直路","一般車道(未劃分快慢車道)","柏油","乾燥","良好","無號誌","行車分向線","未繪設快慢車道分隔線","有",45,"未使用",121.3373,24.972581,"新北市","鶯歌區"
"同向擦撞","2020",3,16,11,"晴","日間自然光線",50,"直路","一般車道(未劃分快慢車道)","柏油","乾燥","良好","無號誌","行車分向線","未繪設快慢車道分隔線","有",58,"未使用",121.3373,24.972581,"新北市","鶯歌區"
"同向擦撞","2020",3,16,12,"晴","日間自然光線",50,"直路","一般車道(未劃分快慢車道)","柏油","乾燥","良好","無號誌","中央分向島","未繪設快慢車道分隔線","無",63,"不明",120.617143,24.153727,"臺中市","南屯區"
"同向擦撞","2020",3,16,12,"晴","日間自然光線",50,"直路","一般車道(未劃分快慢車道)","柏油","乾燥","良好","無號誌","中央分向島","未繪設快慢車道分隔線","無",54,"不明",120.617143,24.153727,"臺中市","南屯區"
"路上翻車、摔倒","2020",3,16,13,"晴","日間自然光線",50,"直路","其他","柏油","冰雪","良好","無號誌","行車分向線","未繪設快慢車道分隔線","有",109,"",120.5544,22.88176,"高雄市","美濃區"
"路上翻車、摔倒","2020",3,16,13,"晴","日間自然光線",50,"直路","其他","柏油","冰雪","良好","無號誌","行車分向線","未繪設快慢車道分隔線","有",39,"不明",120.5544,22.88176,"高雄市","美濃區"
"側撞","2020",3,16,19,"晴","夜間(或隧道、地下道、涵洞)有照明",60,"四岔路","交叉路口內","柏油","乾燥","良好","正常","雙向禁止超車線","未繪設快慢車道分隔線","有",17,"未使用",120.47388,24.019044,"彰化縣","福興鄉"
"側撞","2020",3,16,19,"晴","夜間(或隧道、地下道、涵洞)有照明",60,"四岔路","交叉路口內","柏油","乾燥","良好","正常","雙向禁止超車線","未繪設快慢車道分隔線","有",37,"未使用",120.47388,24.019044,"彰化縣","福興鄉"
"側撞","2020",3,16,19,"晴","夜間(或隧道、地下道、涵洞)有照明",60,"四岔路","交叉路口內","柏油","乾燥","良好","正常","雙向禁止超車線","未繪設快慢車道分隔線","有",15,"非汽(機)車駕駛人",120.47388,24.019044,"彰化縣","福興鄉"