"事故類型及型態子類別名稱","發生年度","發生月份","發生日期","發生時間","天候名稱","光線名稱","速限.第1當事者","道路型態子類別名稱","事故位置子類別名稱","路面狀況.路面鋪裝名稱","路面狀況.路面狀態名稱","道路障礙.視距品質名稱","號誌.號誌動作名稱","車道劃分設施.分向設施大類別名稱","車道劃分設施.分道設施.快慢車道間名稱","車道劃分設施.分道設施.路面邊線名稱","當事者事故發生時年齡","行動電話或電腦或其他相類功能裝置名稱","經度","緯度","縣市","鄉鎮"
"側撞","2020",3,17,5,"晴","夜間(或隧道、地下道、涵洞)有照明",50,"四岔路","交叉路口內","柏油","乾燥","良好","正常","中央分向島","快慢車道分隔線","有",74,"未使用",121.484274,25.088247,"新北市","三重區"
"側撞","2020",3,17,5,"晴","夜間(或隧道、地下道、涵洞)有照明",50,"四岔路","交叉路口內","柏油","乾燥","良好","正常","中央分向島","快慢車道分隔線","有",24,"未使用",121.484274,25.088247,"新北市","三重區"
"穿越道路中","2020",3,17,12,"晴","日間自然光線",50,"直路","快車道","柏油","乾燥","良好","無號誌","雙向禁止超車線","未繪設快慢車道分隔線","有",45,"未使用",120.674552,24.316902,"臺中市","后里區"
"穿越道路中","2020",3,17,12,"晴","日間自然光線",50,"直路","快車道","柏油","乾燥","良好","無號誌","雙向禁止超車線","未繪設快慢車道分隔線","有",92,"非汽(機)車駕駛人",120.674552,24.316902,"臺中市","后里區"
"側撞","2020",3,17,13,"晴","日間自然光線",70,"直路","機車優先道","柏油","乾燥","良好","正常","中央分向島","寛式快慢車道分隔島(50公分以上)","有",40,"未使用",120.277396,22.988675,"臺南市","歸仁區"
"側撞","2020",3,17,13,"晴","日間自然光線",70,"直路","機車優先道","柏油","乾燥","良好","正常","中央分向島","寛式快慢車道分隔島(50公分以上)","有",43,"未使用",120.277396,22.988675,"臺南市","歸仁區"
"路口交岔撞","2020",3,17,14,"晴","日間自然光線",60,"四岔路","交叉路口內","柏油","乾燥","良好","正常","中央分向島","快慢車道分隔線","有",29,"未使用",120.30152,22.62716,"高雄市","仁武區"
"路口交岔撞","2020",3,17,14,"晴","日間自然光線",60,"四岔路","交叉路口內","柏油","乾燥","良好","正常","中央分向島","快慢車道分隔線","有",81,"未使用",120.30152,22.62716,"高雄市","仁武區"
"同向擦撞","2020",3,17,18,"晴","夜間(或隧道、地下道、涵洞)有照明",70,"直路","一般車道(未劃分快慢車道)","柏油","乾燥","良好","無號誌","行車分向線","快慢車道分隔線","有",53,"未使用",120.866945,23.98354,"南投縣","國姓鄉"
"同向擦撞","2020",3,17,18,"晴","夜間(或隧道、地下道、涵洞)有照明",70,"直路","一般車道(未劃分快慢車道)","柏油","乾燥","良好","無號誌","行車分向線","快慢車道分隔線","有",20,"未使用",120.866945,23.98354,"南投縣","國姓鄉"
"路口交岔撞","2020",3,17,19,"晴","夜間(或隧道、地下道、涵洞)有照明",30,"四岔路","交叉路口內","柏油","乾燥","良好","正常","雙向禁止超車線","快慢車道分隔線","無",58,"非汽(機)車駕駛人",120.365646,22.550625,"高雄市","小港區"
"路口交岔撞","2020",3,17,19,"晴","夜間(或隧道、地下道、涵洞)有照明",30,"四岔路","交叉路口內","柏油","乾燥","良好","正常","雙向禁止超車線","快慢車道分隔線","無",50,"未使用",120.365646,22.550625,"高雄市","小港區"
"側撞","2020",3,18,6,"晴","日間自然光線",50,"三岔路","交叉路口內","柏油","濕潤","良好","正常","無","未繪設快慢車道分隔線","無",26,"未使用",121.252718,24.970195,"桃園市","中壢區"
"側撞","2020",3,18,6,"晴","日間自然光線",50,"三岔路","交叉路口內","柏油","濕潤","良好","正常","無","未繪設快慢車道分隔線","無",15,"未使用",121.252718,24.970195,"桃園市","中壢區"
"穿越道路中","2020",3,18,9,"晴","日間自然光線",50,"直路","一般車道(未劃分快慢車道)","柏油","乾燥","良好","無號誌","中央分向島","未繪設快慢車道分隔線","有",23,"未使用",121.541167,24.962589,"新北市","新店區"
"穿越道路中","2020",3,18,9,"晴","日間自然光線",50,"直路","一般車道(未劃分快慢車道)","柏油","乾燥","良好","無號誌","中央分向島","未繪設快慢車道分隔線","有",77,"未使用",121.541167,24.962589,"新北市","新店區"
"撞護欄(樁)","2020",3,18,12,"晴","日間自然光線",70,"直路","一般車道(未劃分快慢車道)","柏油","乾燥","良好","無號誌","中央分向島","未繪設快慢車道分隔線","有",109,"",120.461669,22.810445,"高雄市","旗山區"
"撞護欄(樁)","2020",3,18,12,"晴","日間自然光線",70,"直路","一般車道(未劃分快慢車道)","柏油","乾燥","良好","無號誌","中央分向島","未繪設快慢車道分隔線","有",70,"不明",120.461669,22.810445,"高雄市","旗山區"
"穿越道路中","2020",3,18,15,"陰","日間自然光線",50,"四岔路","交叉路口內","柏油","乾燥","良好","正常","中央分向島","未繪設快慢車道分隔線","有",60,"不明",121.43861,25.078531,"新北市","五股區"
"穿越道路中","2020",3,18,15,"陰","日間自然光線",50,"四岔路","交叉路口內","柏油","乾燥","良好","正常","中央分向島","未繪設快慢車道分隔線","有",82,"非汽(機)車駕駛人",121.43861,25.078531,"新北市","五股區"
"對向擦撞","2020",3,18,16,"晴","日間自然光線",50,"直路","一般車道(未劃分快慢車道)","柏油","乾燥","良好","無號誌","雙向禁止超車線","未繪設快慢車道分隔線","有",80,"不明",120.382972,23.949461,"彰化縣","芳苑鄉"
"對向擦撞","2020",3,18,16,"晴","日間自然光線",50,"直路","一般車道(未劃分快慢車道)","柏油","乾燥","良好","無號誌","雙向禁止超車線","未繪設快慢車道分隔線","有",20,"不明",120.382972,23.949461,"彰化縣","芳苑鄉"
"對向擦撞","2020",3,18,20,"陰","夜間(或隧道、地下道、涵洞)有照明",40,"四岔路","交叉路口內","柏油","乾燥","良好","正常","無","未繪設快慢車道分隔線","無",16,"不明",120.881339,24.691508,"苗栗縣","竹南鎮"
"對向擦撞","2020",3,18,20,"陰","夜間(或隧道、地下道、涵洞)有照明",40,"四岔路","交叉路口內","柏油","乾燥","良好","正常","無","未繪設快慢車道分隔線","無",81,"非汽(機)車駕駛人",120.881339,24.691508,"苗栗縣","竹南鎮"
"路上翻車、摔倒","2020",3,19,7,"晴","日間自然光線",50,"直路","機車優先道","其他鋪裝","泥濘","良好","無號誌","行車分向線","快慢車道分隔線","有",54,"未使用",120.208028,23.204973,"臺南市","麻豆區"
"路上翻車、摔倒","2020",3,19,7,"晴","日間自然光線",50,"直路","機車優先道","其他鋪裝","泥濘","良好","無號誌","行車分向線","快慢車道分隔線","有",55,"未使用",120.208028,23.204973,"臺南市","麻豆區"
"對向擦撞","2020",3,19,7,"雨","日間自然光線",30,"直路","一般車道(未劃分快慢車道)","柏油","濕潤","不良","無號誌","無","未繪設快慢車道分隔線","無",51,"未使用",120.578565,24.17828,"臺中市","龍井區"
"對向擦撞","2020",3,19,7,"雨","日間自然光線",30,"直路","一般車道(未劃分快慢車道)","柏油","濕潤","不良","無號誌","無","未繪設快慢車道分隔線","無",61,"未使用",120.578565,24.17828,"臺中市","龍井區"
"側撞","2020",3,19,11,"晴","日間自然光線",60,"三岔路","交叉路口內","柏油","乾燥","良好","正常","無","快慢車道分隔線","有",47,"未使用",120.370029,23.787241,"雲林縣","二崙鄉"
"側撞","2020",3,19,11,"晴","日間自然光線",60,"三岔路","交叉路口內","柏油","乾燥","良好","正常","無","快慢車道分隔線","有",58,"未使用",120.370029,23.787241,"雲林縣","二崙鄉"
"對撞","2020",3,19,22,"晴","夜間(或隧道、地下道、涵洞)有照明",60,"直路","機車優先道","柏油","乾燥","良好","無號誌","行車分向線","快慢車道分隔線","有",23,"未使用",120.285238,23.567152,"雲林縣","水林鄉"
"對撞","2020",3,19,22,"晴","夜間(或隧道、地下道、涵洞)有照明",60,"直路","機車優先道","柏油","乾燥","良好","無號誌","行車分向線","快慢車道分隔線","有",28,"未使用",120.285238,23.567152,"雲林縣","水林鄉"
"對撞","2020",3,19,22,"晴","夜間(或隧道、地下道、涵洞)有照明",60,"直路","機車優先道","柏油","乾燥","良好","無號誌","行車分向線","快慢車道分隔線","有",23,"非汽(機)車駕駛人",120.285238,23.567152,"雲林縣","水林鄉"
"路上翻車、摔倒","2020",3,19,23,"晴","夜間(或隧道、地下道、涵洞)有照明",40,"彎曲路及附近","一般車道(未劃分快慢車道)","柏油","乾燥","良好","無號誌","雙向禁止超車線","未繪設快慢車道分隔線","有",22,"未使用",120.377783,23.237871,"臺南市","六甲區"
"路上翻車、摔倒","2020",3,20,1,"陰","夜間(或隧道、地下道、涵洞)有照明",30,"橋樑","機車專用道","柏油","濕潤","良好","無號誌","雙向禁止超車線","未繪設快慢車道分隔線","有",46,"未使用",121.457766,25.097622,"新北市","淡水區"
"撞號誌、標誌桿","2020",3,20,1,"晴","夜間(或隧道、地下道、涵洞)有照明",90,"直路","交通島(含槽化線)","柏油","乾燥","良好","無號誌","中央分向島","寛式快慢車道分隔島(50公分以上)","有",35,"不明",120.155094,23.372461,"嘉義縣","布袋鎮"
"穿越道路中","2020",3,20,2,"晴","夜間(或隧道、地下道、涵洞)有照明",50,"直路","一般車道(未劃分快慢車道)","柏油","乾燥","良好","無號誌","雙向禁止超車線","未繪設快慢車道分隔線","有",32,"不明",121.250159,24.942276,"桃園市","中壢區"
"穿越道路中","2020",3,20,2,"晴","夜間(或隧道、地下道、涵洞)有照明",50,"直路","一般車道(未劃分快慢車道)","柏油","乾燥","良好","無號誌","雙向禁止超車線","未繪設快慢車道分隔線","有",53,"不明",121.250159,24.942276,"桃園市","中壢區"
"路口交岔撞","2020",3,20,3,"晴","夜間(或隧道、地下道、涵洞)有照明",50,"四岔路","交叉路口內","柏油","乾燥","良好","正常","無","未繪設快慢車道分隔線","無",29,"不明",120.258045,23.01595,"臺南市","永康區"
"路口交岔撞","2020",3,20,3,"晴","夜間(或隧道、地下道、涵洞)有照明",50,"四岔路","交叉路口內","柏油","乾燥","良好","正常","無","未繪設快慢車道分隔線","無",57,"不明",120.258045,23.01595,"臺南市","永康區"
"路口交岔撞","2020",3,20,3,"晴","夜間(或隧道、地下道、涵洞)有照明",50,"四岔路","交叉路口內","柏油","乾燥","良好","正常","無","未繪設快慢車道分隔線","無",25,"未使用",120.258045,23.01595,"臺南市","永康區"
"撞橋樑、建築物","2020",3,20,4,"晴","夜間(或隧道、地下道、涵洞)有照明",60,"彎曲路及附近","一般車道(未劃分快慢車道)","柏油","乾燥","良好","無號誌","雙向禁止超車線","快慢車道分隔線","有",19,"不明",120.881859,24.668704,"苗栗縣","頭份市"
"側撞","2020",3,20,18,"陰","晨或暮光",70,"三岔路","交叉路口內","柏油","乾燥","良好","正常","無","未繪設快慢車道分隔線","無",58,"未使用",120.613687,24.332645,"臺中市","大甲區"
"側撞","2020",3,20,18,"陰","晨或暮光",70,"三岔路","交叉路口內","柏油","乾燥","良好","正常","無","未繪設快慢車道分隔線","無",18,"未使用",120.613687,24.332645,"臺中市","大甲區"
"側撞","2020",3,21,0,"晴","日間自然光線",50,"四岔路","一般車道(未劃分快慢車道)","柏油","乾燥","良好","正常","雙向禁止超車線","未繪設快慢車道分隔線","無",30,"未使用",121.633935,24.010743,"花蓮縣","花蓮市"
"側撞","2020",3,21,0,"晴","日間自然光線",50,"四岔路","一般車道(未劃分快慢車道)","柏油","乾燥","良好","正常","雙向禁止超車線","未繪設快慢車道分隔線","無",33,"未使用",121.633935,24.010743,"花蓮縣","花蓮市"
"追撞","2020",3,21,2,"晴","夜間(或隧道、地下道、涵洞)無照明",40,"直路","慢車道","柏油","乾燥","良好","正常","中央分向島","快慢車道分隔線","有",58,"未使用",120.514548,22.658324,"屏東縣","屏東市"
"追撞","2020",3,21,2,"晴","夜間(或隧道、地下道、涵洞)無照明",40,"直路","慢車道","柏油","乾燥","良好","正常","中央分向島","快慢車道分隔線","有",21,"未使用",120.514548,22.658324,"屏東縣","屏東市"
"穿越道路中","2020",3,21,12,"晴","日間自然光線",50,"四岔路","交叉路口內","柏油","乾燥","良好","正常","中央分向島","未繪設快慢車道分隔線","有",53,"未使用",121.635617,25.056589,"新北市","汐止區"
"穿越道路中","2020",3,21,12,"晴","日間自然光線",50,"四岔路","交叉路口內","柏油","乾燥","良好","正常","中央分向島","未繪設快慢車道分隔線","有",78,"非汽(機)車駕駛人",121.635617,25.056589,"新北市","汐止區"
"其他","2020",3,21,12,"晴","日間自然光線",70,"直路","路肩、路緣","柏油","乾燥","良好","無號誌","中央分向島","未繪設快慢車道分隔線","有",36,"未使用",120.133794,23.172835,"臺南市","七股區"
"其他","2020",3,21,12,"晴","日間自然光線",70,"直路","路肩、路緣","柏油","乾燥","良好","無號誌","中央分向島","未繪設快慢車道分隔線","有",65,"非汽(機)車駕駛人",120.133794,23.172835,"臺南市","七股區"
"路上翻車、摔倒","2020",3,21,16,"晴","日間自然光線",30,"直路","一般車道(未劃分快慢車道)","柏油","乾燥","良好","無號誌","無","未繪設快慢車道分隔線","有",65,"不明",121.05636,22.809871,"臺東縣","卑南鄉"
"側撞","2020",3,21,17,"晴","日間自然光線",70,"多岔路","交叉路口內","柏油","乾燥","良好","正常","無","未繪設快慢車道分隔線","無",18,"未使用",120.334644,23.475227,"嘉義縣","太保市"
"側撞","2020",3,21,17,"晴","日間自然光線",70,"多岔路","交叉路口內","柏油","乾燥","良好","正常","無","未繪設快慢車道分隔線","無",59,"未使用",120.334644,23.475227,"嘉義縣","太保市"
"側撞","2020",3,21,17,"晴","日間自然光線",70,"多岔路","交叉路口內","柏油","乾燥","良好","正常","無","未繪設快慢車道分隔線","無",16,"非汽(機)車駕駛人",120.334644,23.475227,"嘉義縣","太保市"
"撞號誌、標誌桿","2020",3,22,0,"晴","夜間(或隧道、地下道、涵洞)有照明",50,"直路","一般車道(未劃分快慢車道)","柏油","乾燥","良好","無號誌","中央分向島","未繪設快慢車道分隔線","有",27,"未使用",121.417434,25.025266,"新北市","新莊區"
"撞路樹、電桿","2020",3,22,1,"陰","夜間(或隧道、地下道、涵洞)有照明",50,"四岔路","交叉口附近","柏油","乾燥","良好","正常","中央分向島","未繪設快慢車道分隔線","有",21,"不明",121.064308,24.78805,"新竹縣","竹北市"
"側撞","2020",3,22,6,"晴","日間自然光線",50,"四岔路","交叉路口內","柏油","乾燥","良好","無號誌","無","未繪設快慢車道分隔線","無",88,"非汽(機)車駕駛人",120.176013,23.165504,"臺南市","佳里區"
"側撞","2020",3,22,6,"晴","日間自然光線",50,"四岔路","交叉路口內","柏油","乾燥","良好","無號誌","無","未繪設快慢車道分隔線","無",22,"未使用",120.176013,23.165504,"臺南市","佳里區"
"側撞","2020",3,22,8,"晴","日間自然光線",60,"三岔路","交叉路口內","柏油","乾燥","良好","正常","雙向禁止超車線","未繪設快慢車道分隔線","有",31,"未使用",120.243261,22.801512,"高雄市","永安區"
"側撞","2020",3,22,8,"晴","日間自然光線",60,"三岔路","交叉路口內","柏油","乾燥","良好","正常","雙向禁止超車線","未繪設快慢車道分隔線","有",80,"非汽(機)車駕駛人",120.243261,22.801512,"高雄市","永安區"
"側撞","2020",3,22,9,"晴","日間自然光線",40,"四岔路","交叉路口內","柏油","乾燥","良好","無號誌","無","未繪設快慢車道分隔線","無",72,"未使用",120.379424,23.733531,"雲林縣","土庫鎮"
"側撞","2020",3,22,9,"晴","日間自然光線",40,"四岔路","交叉路口內","柏油","乾燥","良好","無號誌","無","未繪設快慢車道分隔線","無",74,"未使用",120.379424,23.733531,"雲林縣","土庫鎮"
"其他","2020",3,23,6,"晴","日間自然光線",60,"四岔路","交叉路口內","柏油","乾燥","良好","正常","無","未繪設快慢車道分隔線","無",72,"未使用",120.195527,22.936426,"臺南市","南區"
"其他","2020",3,23,6,"晴","日間自然光線",60,"四岔路","交叉路口內","柏油","乾燥","良好","正常","無","未繪設快慢車道分隔線","無",67,"未使用",120.195527,22.936426,"臺南市","南區"
"其他","2020",3,23,6,"晴","日間自然光線",60,"四岔路","交叉路口內","柏油","乾燥","良好","正常","無","未繪設快慢車道分隔線","無",22,"未使用",120.195527,22.936426,"臺南市","南區"
"側撞","2020",3,23,10,"晴","日間自然光線",40,"直路","一般車道(未劃分快慢車道)","柏油","乾燥","良好","正常","雙向禁止超車線","未繪設快慢車道分隔線","有",43,"未使用",120.449913,23.605656,"嘉義縣","大林鎮"
"側撞","2020",3,23,10,"晴","日間自然光線",40,"直路","一般車道(未劃分快慢車道)","柏油","乾燥","良好","正常","雙向禁止超車線","未繪設快慢車道分隔線","有",75,"未使用",120.449913,23.605656,"嘉義縣","大林鎮"
"側撞","2020",3,23,14,"晴","日間自然光線",50,"三岔路","交叉路口內","柏油","乾燥","良好","無號誌","無","未繪設快慢車道分隔線","無",25,"不明",120.217452,23.462786,"嘉義縣","東石鄉"
"側撞","2020",3,23,14,"晴","日間自然光線",50,"三岔路","交叉路口內","柏油","乾燥","良好","無號誌","無","未繪設快慢車道分隔線","無",74,"未使用",120.217452,23.462786,"嘉義縣","東石鄉"
"路口交岔撞","2020",3,23,16,"晴","日間自然光線",50,"四岔路","交叉路口內","柏油","乾燥","不良","正常","無","未繪設快慢車道分隔線","無",75,"未使用",121.090537,25.006957,"桃園市","觀音區"
"路口交岔撞","2020",3,23,16,"晴","日間自然光線",50,"四岔路","交叉路口內","柏油","乾燥","不良","正常","無","未繪設快慢車道分隔線","無",44,"未使用",121.090537,25.006957,"桃園市","觀音區"
"路上翻車、摔倒","2020",3,24,4,"晴","夜間(或隧道、地下道、涵洞)有照明",40,"直路","慢車道","柏油","乾燥","良好","無號誌","中央分向島","寛式快慢車道分隔島(50公分以上)","無",25,"",120.660085,24.156624,"臺中市","西區"
"路上翻車、摔倒","2020",3,24,4,"晴","夜間(或隧道、地下道、涵洞)有照明",40,"直路","慢車道","柏油","乾燥","良好","無號誌","中央分向島","寛式快慢車道分隔島(50公分以上)","無",23,"未使用",120.660085,24.156624,"臺中市","西區"
"路口交岔撞","2020",3,24,8,"晴","日間自然光線",50,"四岔路","交叉路口內","柏油","乾燥","良好","正常","無","未繪設快慢車道分隔線","無",20,"不明",120.68592,24.175775,"臺中市","北屯區"
"路口交岔撞","2020",3,24,8,"晴","日間自然光線",50,"四岔路","交叉路口內","柏油","乾燥","良好","正常","無","未繪設快慢車道分隔線","無",21,"不明",120.68592,24.175775,"臺中市","北屯區"
"路口交岔撞","2020",3,24,8,"晴","日間自然光線",50,"四岔路","交叉路口內","柏油","乾燥","良好","正常","無","未繪設快慢車道分隔線","無",15,"非汽(機)車駕駛人",120.68592,24.175775,"臺中市","北屯區"
"倒車撞","2020",3,24,8,"晴","日間自然光線",50,"直路","一般車道(未劃分快慢車道)","柏油","乾燥","良好","無號誌","雙向禁止超車線","未繪設快慢車道分隔線","無",83,"不明",120.97219,24.796981,"新竹市","東區"
"倒車撞","2020",3,24,8,"晴","日間自然光線",50,"直路","一般車道(未劃分快慢車道)","柏油","乾燥","良好","無號誌","雙向禁止超車線","未繪設快慢車道分隔線","無",72,"不明",120.97219,24.796981,"新竹市","東區"
"倒車撞","2020",3,24,8,"晴","日間自然光線",50,"直路","一般車道(未劃分快慢車道)","柏油","乾燥","良好","無號誌","雙向禁止超車線","未繪設快慢車道分隔線","無",38,"不明",120.97219,24.796981,"新竹市","東區"
"倒車撞","2020",3,24,8,"晴","日間自然光線",50,"直路","一般車道(未劃分快慢車道)","柏油","乾燥","良好","無號誌","雙向禁止超車線","未繪設快慢車道分隔線","無",55,"不明",120.97219,24.796981,"新竹市","東區"
"倒車撞","2020",3,24,8,"晴","日間自然光線",50,"直路","一般車道(未劃分快慢車道)","柏油","乾燥","良好","無號誌","雙向禁止超車線","未繪設快慢車道分隔線","無",59,"不明",120.97219,24.796981,"新竹市","東區"
"倒車撞","2020",3,24,8,"晴","日間自然光線",50,"直路","一般車道(未劃分快慢車道)","柏油","乾燥","良好","無號誌","雙向禁止超車線","未繪設快慢車道分隔線","無",48,"不明",120.97219,24.796981,"新竹市","東區"
"倒車撞","2020",3,24,8,"晴","日間自然光線",50,"直路","一般車道(未劃分快慢車道)","柏油","乾燥","良好","無號誌","雙向禁止超車線","未繪設快慢車道分隔線","無",41,"不明",120.97219,24.796981,"新竹市","東區"
"倒車撞","2020",3,24,8,"晴","日間自然光線",50,"直路","一般車道(未劃分快慢車道)","柏油","乾燥","良好","無號誌","雙向禁止超車線","未繪設快慢車道分隔線","無",36,"不明",120.97219,24.796981,"新竹市","東區"
"倒車撞","2020",3,24,8,"晴","日間自然光線",50,"直路","一般車道(未劃分快慢車道)","柏油","乾燥","良好","無號誌","雙向禁止超車線","未繪設快慢車道分隔線","無",68,"不明",120.97219,24.796981,"新竹市","東區"
"倒車撞","2020",3,24,8,"晴","日間自然光線",50,"直路","一般車道(未劃分快慢車道)","柏油","乾燥","良好","無號誌","雙向禁止超車線","未繪設快慢車道分隔線","無",48,"不明",120.97219,24.796981,"新竹市","東區"
"倒車撞","2020",3,24,8,"晴","日間自然光線",50,"直路","一般車道(未劃分快慢車道)","柏油","乾燥","良好","無號誌","雙向禁止超車線","未繪設快慢車道分隔線","無",42,"不明",120.97219,24.796981,"新竹市","東區"
"倒車撞","2020",3,24,8,"晴","日間自然光線",50,"直路","一般車道(未劃分快慢車道)","柏油","乾燥","良好","無號誌","雙向禁止超車線","未繪設快慢車道分隔線","無",31,"不明",120.97219,24.796981,"新竹市","東區"
"倒車撞","2020",3,24,8,"晴","日間自然光線",50,"直路","一般車道(未劃分快慢車道)","柏油","乾燥","良好","無號誌","雙向禁止超車線","未繪設快慢車道分隔線","無",45,"不明",120.97219,24.796981,"新竹市","東區"
"倒車撞","2020",3,24,8,"晴","日間自然光線",50,"直路","一般車道(未劃分快慢車道)","柏油","乾燥","良好","無號誌","雙向禁止超車線","未繪設快慢車道分隔線","無",43,"不明",120.97219,24.796981,"新竹市","東區"
"倒車撞","2020",3,24,8,"晴","日間自然光線",50,"直路","一般車道(未劃分快慢車道)","柏油","乾燥","良好","無號誌","雙向禁止超車線","未繪設快慢車道分隔線","無",40,"不明",120.97219,24.796981,"新竹市","東區"
"倒車撞","2020",3,24,8,"晴","日間自然光線",50,"直路","一般車道(未劃分快慢車道)","柏油","乾燥","良好","無號誌","雙向禁止超車線","未繪設快慢車道分隔線","無",48,"不明",120.97219,24.796981,"新竹市","東區"
"倒車撞","2020",3,24,8,"晴","日間自然光線",50,"直路","一般車道(未劃分快慢車道)","柏油","乾燥","良好","無號誌","雙向禁止超車線","未繪設快慢車道分隔線","無",45,"不明",120.97219,24.796981,"新竹市","東區"
"倒車撞","2020",3,24,8,"晴","日間自然光線",50,"直路","一般車道(未劃分快慢車道)","柏油","乾燥","良好","無號誌","雙向禁止超車線","未繪設快慢車道分隔線","無",82,"非汽(機)車駕駛人",120.97219,24.796981,"新竹市","東區"
"倒車撞","2020",3,24,8,"晴","日間自然光線",50,"直路","一般車道(未劃分快慢車道)","柏油","乾燥","良好","無號誌","雙向禁止超車線","未繪設快慢車道分隔線","無",38,"非汽(機)車駕駛人",120.97219,24.796981,"新竹市","東區"
"倒車撞","2020",3,24,8,"晴","日間自然光線",50,"直路","一般車道(未劃分快慢車道)","柏油","乾燥","良好","無號誌","雙向禁止超車線","未繪設快慢車道分隔線","無",70,"不明",120.97219,24.796981,"新竹市","東區"
"追撞","2020",3,24,9,"晴","日間自然光線",90,"直路","快車道","柏油","乾燥","良好","無號誌","中央分向島","未繪設快慢車道分隔線","有",47,"未使用",121.484655,24.989302,"新北市","中和區"
"追撞","2020",3,24,9,"晴","日間自然光線",90,"直路","快車道","柏油","乾燥","良好","無號誌","中央分向島","未繪設快慢車道分隔線","有",37,"未使用",121.484655,24.989302,"新北市","中和區"
"追撞","2020",3,24,9,"晴","日間自然光線",90,"直路","快車道","柏油","乾燥","良好","無號誌","中央分向島","未繪設快慢車道分隔線","有",34,"未使用",121.484655,24.989302,"新北市","中和區"
"追撞","2020",3,24,9,"晴","日間自然光線",90,"直路","快車道","柏油","乾燥","良好","無號誌","中央分向島","未繪設快慢車道分隔線","有",29,"未使用",121.484655,24.989302,"新北市","中和區"
"追撞","2020",3,24,9,"晴","日間自然光線",90,"直路","快車道","柏油","乾燥","良好","無號誌","中央分向島","未繪設快慢車道分隔線","有",40,"未使用",121.484655,24.989302,"新北市","中和區"
"追撞","2020",3,24,9,"晴","日間自然光線",90,"直路","快車道","柏油","乾燥","良好","無號誌","中央分向島","未繪設快慢車道分隔線","有",48,"未使用",121.484655,24.989302,"新北市","中和區"
"追撞","2020",3,24,9,"晴","日間自然光線",90,"直路","快車道","柏油","乾燥","良好","無號誌","中央分向島","未繪設快慢車道分隔線","有",34,"未使用",121.484655,24.989302,"新北市","中和區"
"追撞","2020",3,24,9,"晴","日間自然光線",90,"直路","快車道","柏油","乾燥","良好","無號誌","中央分向島","未繪設快慢車道分隔線","有",34,"未使用",121.484655,24.989302,"新北市","中和區"
"側撞","2020",3,24,10,"晴","日間自然光線",50,"四岔路","交叉路口內","柏油","乾燥","不良","正常","中央分向島","未繪設快慢車道分隔線","有",51,"未使用",121.44247,25.053583,"新北市","新莊區"
"側撞","2020",3,24,10,"晴","日間自然光線",50,"四岔路","交叉路口內","柏油","乾燥","不良","正常","中央分向島","未繪設快慢車道分隔線","有",18,"未使用",121.44247,25.053583,"新北市","新莊區"
"撞路樹、電桿","2020",3,24,17,"晴","日間自然光線",50,"直路","慢車道","柏油","乾燥","良好","無號誌","行車分向線","快慢車道分隔線","有",27,"未使用",121.453971,25.033547,"新北市","新莊區"
"撞路樹、電桿","2020",3,24,17,"晴","日間自然光線",50,"直路","慢車道","柏油","乾燥","良好","無號誌","行車分向線","快慢車道分隔線","有",25,"未使用",121.453971,25.033547,"新北市","新莊區"
"側撞","2020",3,24,22,"晴","夜間(或隧道、地下道、涵洞)有照明",50,"三岔路","交叉路口內","柏油","乾燥","良好","無號誌","雙向禁止超車線","未繪設快慢車道分隔線","有",52,"不明",121.339769,24.968094,"新北市","鶯歌區"
"側撞","2020",3,24,22,"晴","夜間(或隧道、地下道、涵洞)有照明",50,"三岔路","交叉路口內","柏油","乾燥","良好","無號誌","雙向禁止超車線","未繪設快慢車道分隔線","有",26,"不明",121.339769,24.968094,"新北市","鶯歌區"
"追撞","2020",3,25,1,"晴","夜間(或隧道、地下道、涵洞)有照明",90,"直路","快車道","柏油","乾燥","良好","無號誌","中央分向島","未繪設快慢車道分隔線","有",43,"未使用",120.544034,24.268443,"臺中市","清水區"
"追撞","2020",3,25,1,"晴","夜間(或隧道、地下道、涵洞)有照明",90,"直路","快車道","柏油","乾燥","良好","無號誌","中央分向島","未繪設快慢車道分隔線","有",81,"未使用",120.544034,24.268443,"臺中市","清水區"
"追撞","2020",3,25,1,"晴","夜間(或隧道、地下道、涵洞)有照明",90,"直路","快車道","柏油","乾燥","良好","無號誌","中央分向島","未繪設快慢車道分隔線","有",80,"非汽(機)車駕駛人",120.544034,24.268443,"臺中市","清水區"
"撞護欄(樁)","2020",3,25,1,"晴","夜間(或隧道、地下道、涵洞)有照明",40,"直路","機車優先道","柏油","乾燥","良好","無號誌","中央分向島","未繪設快慢車道分隔線","有",109,"",120.407674,22.587425,"高雄市","大寮區"
"撞護欄(樁)","2020",3,25,1,"晴","夜間(或隧道、地下道、涵洞)有照明",40,"直路","機車優先道","柏油","乾燥","良好","無號誌","中央分向島","未繪設快慢車道分隔線","有",59,"不明",120.407674,22.587425,"高雄市","大寮區"