"事故類型及型態子類別名稱","發生年度","發生月份","發生日期","發生時間","天候名稱","光線名稱","速限.第1當事者","道路型態子類別名稱","事故位置子類別名稱","路面狀況.路面鋪裝名稱","路面狀況.路面狀態名稱","道路障礙.視距品質名稱","號誌.號誌動作名稱","車道劃分設施.分向設施大類別名稱","車道劃分設施.分道設施.快慢車道間名稱","車道劃分設施.分道設施.路面邊線名稱","當事者事故發生時年齡","行動電話或電腦或其他相類功能裝置名稱","經度","緯度","縣市","鄉鎮"
"撞交通島","2020",3,25,2,"晴","夜間(或隧道、地下道、涵洞)有照明",70,"直路","一般車道(未劃分快慢車道)","柏油","乾燥","良好","無號誌","中央分向島","快慢車道分隔線","有",26,"未使用",120.621844,24.049029,"彰化縣","彰化市"
"路口交岔撞","2020",3,25,5,"霧或煙","晨或暮光",30,"四岔路","交叉路口內","柏油","乾燥","良好","無號誌","無","未繪設快慢車道分隔線","無",37,"未使用",120.402462,23.610822,"嘉義縣","溪口鄉"
"路口交岔撞","2020",3,25,5,"霧或煙","晨或暮光",30,"四岔路","交叉路口內","柏油","乾燥","良好","無號誌","無","未繪設快慢車道分隔線","無",67,"未使用",120.402462,23.610822,"嘉義縣","溪口鄉"
"側撞","2020",3,25,10,"晴","日間自然光線",50,"多岔路","交叉口附近","柏油","乾燥","良好","正常","無","未繪設快慢車道分隔線","無",76,"未使用",120.873951,24.690044,"苗栗縣","竹南鎮"
"側撞","2020",3,25,10,"晴","日間自然光線",50,"多岔路","交叉口附近","柏油","乾燥","良好","正常","無","未繪設快慢車道分隔線","無",61,"未使用",120.873951,24.690044,"苗栗縣","竹南鎮"
"側撞","2020",3,25,18,"晴","夜間(或隧道、地下道、涵洞)有照明",50,"四岔路","交叉口附近","柏油","乾燥","良好","正常","雙向禁止超車線","未繪設快慢車道分隔線","無",57,"未使用",120.703646,24.111538,"臺中市","太平區"
"側撞","2020",3,25,18,"晴","夜間(或隧道、地下道、涵洞)有照明",50,"四岔路","交叉口附近","柏油","乾燥","良好","正常","雙向禁止超車線","未繪設快慢車道分隔線","無",15,"非汽(機)車駕駛人",120.703646,24.111538,"臺中市","太平區"
"側撞","2020",3,25,18,"晴","夜間(或隧道、地下道、涵洞)有照明",50,"四岔路","交叉口附近","柏油","乾燥","良好","正常","雙向禁止超車線","未繪設快慢車道分隔線","無",40,"未使用",120.703646,24.111538,"臺中市","太平區"
"其他","2020",3,25,18,"晴","夜間(或隧道、地下道、涵洞)有照明",50,"直路","一般車道(未劃分快慢車道)","柏油","乾燥","良好","無號誌","中央分向島","未繪設快慢車道分隔線","有",39,"未使用",121.372475,25.006809,"桃園市","龜山區"
"其他","2020",3,25,18,"晴","夜間(或隧道、地下道、涵洞)有照明",50,"直路","一般車道(未劃分快慢車道)","柏油","乾燥","良好","無號誌","中央分向島","未繪設快慢車道分隔線","有",34,"未使用",121.372475,25.006809,"桃園市","龜山區"
"側撞","2020",3,25,22,"晴","夜間(或隧道、地下道、涵洞)有照明",50,"四岔路","交叉路口內","柏油","乾燥","良好","正常","無","未繪設快慢車道分隔線","無",27,"未使用",121.248644,24.944069,"桃園市","中壢區"
"側撞","2020",3,25,22,"晴","夜間(或隧道、地下道、涵洞)有照明",50,"四岔路","交叉路口內","柏油","乾燥","良好","正常","無","未繪設快慢車道分隔線","無",40,"非汽(機)車駕駛人",121.248644,24.944069,"桃園市","中壢區"
"側撞","2020",3,25,22,"晴","夜間(或隧道、地下道、涵洞)有照明",50,"四岔路","交叉路口內","柏油","乾燥","良好","正常","無","未繪設快慢車道分隔線","無",19,"未使用",121.248644,24.944069,"桃園市","中壢區"
"其他","2020",3,26,5,"晴","晨或暮光",50,"三岔路","交叉口附近","柏油","乾燥","良好","無號誌","雙向禁止超車線","快慢車道分隔線","無",79,"非汽(機)車駕駛人",120.629006,24.292875,"臺中市","清水區"
"其他","2020",3,26,5,"晴","晨或暮光",50,"三岔路","交叉口附近","柏油","乾燥","良好","無號誌","雙向禁止超車線","快慢車道分隔線","無",18,"未使用",120.629006,24.292875,"臺中市","清水區"
"路口交岔撞","2020",3,26,9,"晴","日間自然光線",50,"四岔路","交叉路口內","柏油","乾燥","良好","正常","無","未繪設快慢車道分隔線","無",60,"不明",120.259377,23.751396,"雲林縣","麥寮鄉"
"路口交岔撞","2020",3,26,9,"晴","日間自然光線",50,"四岔路","交叉路口內","柏油","乾燥","良好","正常","無","未繪設快慢車道分隔線","無",75,"未使用",120.259377,23.751396,"雲林縣","麥寮鄉"
"其他","2020",3,26,11,"晴","日間自然光線",30,"彎曲路及附近","一般車道(未劃分快慢車道)","柏油","乾燥","不良","無號誌","無","未繪設快慢車道分隔線","有",71,"不明",120.690028,23.49474,"嘉義縣","竹崎鄉"
"其他","2020",3,26,11,"晴","日間自然光線",30,"彎曲路及附近","一般車道(未劃分快慢車道)","柏油","乾燥","不良","無號誌","無","未繪設快慢車道分隔線","有",73,"非汽(機)車駕駛人",120.690028,23.49474,"嘉義縣","竹崎鄉"
"側撞","2020",3,26,17,"晴","日間自然光線",60,"四岔路","交叉路口內","柏油","乾燥","良好","正常","無","未繪設快慢車道分隔線","無",61,"未使用",121.160554,22.754378,"臺東縣","臺東市"
"側撞","2020",3,26,17,"晴","日間自然光線",60,"四岔路","交叉路口內","柏油","乾燥","良好","正常","無","未繪設快慢車道分隔線","無",16,"未使用",121.160554,22.754378,"臺東縣","臺東市"
"側撞","2020",3,26,17,"晴","日間自然光線",60,"四岔路","交叉路口內","柏油","乾燥","良好","正常","無","未繪設快慢車道分隔線","無",16,"非汽(機)車駕駛人",121.160554,22.754378,"臺東縣","臺東市"
"路口交岔撞","2020",3,26,23,"晴","夜間(或隧道、地下道、涵洞)有照明",50,"四岔路","交叉口附近","柏油","乾燥","良好","正常","中央分向島","未繪設快慢車道分隔線","有",58,"未使用",120.49033,22.740429,"屏東縣","九如鄉"
"路口交岔撞","2020",3,26,23,"晴","夜間(或隧道、地下道、涵洞)有照明",50,"四岔路","交叉口附近","柏油","乾燥","良好","正常","中央分向島","未繪設快慢車道分隔線","有",65,"非汽(機)車駕駛人",120.49033,22.740429,"屏東縣","九如鄉"
"路口交岔撞","2020",3,26,23,"晴","夜間(或隧道、地下道、涵洞)有照明",50,"四岔路","交叉口附近","柏油","乾燥","良好","正常","中央分向島","未繪設快慢車道分隔線","有",62,"未使用",120.49033,22.740429,"屏東縣","九如鄉"
"側撞","2020",3,27,3,"晴","夜間(或隧道、地下道、涵洞)有照明",30,"直路","一般車道(未劃分快慢車道)","柏油","乾燥","良好","無號誌","無","未繪設快慢車道分隔線","無",46,"不明",121.436541,25.072749,"新北市","五股區"
"側撞","2020",3,27,3,"晴","夜間(或隧道、地下道、涵洞)有照明",30,"直路","一般車道(未劃分快慢車道)","柏油","乾燥","良好","無號誌","無","未繪設快慢車道分隔線","無",42,"不明",121.436541,25.072749,"新北市","五股區"
"路口交岔撞","2020",3,27,8,"晴","日間自然光線",30,"四岔路","交叉路口內","柏油","乾燥","良好","無號誌","無","未繪設快慢車道分隔線","無",25,"未使用",120.314304,23.157228,"臺南市","善化區"
"路口交岔撞","2020",3,27,8,"晴","日間自然光線",30,"四岔路","交叉路口內","柏油","乾燥","良好","無號誌","無","未繪設快慢車道分隔線","無",77,"未使用",120.314304,23.157228,"臺南市","善化區"
"對撞","2020",3,27,11,"晴","日間自然光線",50,"直路","一般車道(未劃分快慢車道)","柏油","乾燥","良好","無號誌","雙向禁止超車線","未繪設快慢車道分隔線","有",44,"未使用",120.220185,22.820284,"高雄市","永安區"
"對撞","2020",3,27,11,"晴","日間自然光線",50,"直路","一般車道(未劃分快慢車道)","柏油","乾燥","良好","無號誌","雙向禁止超車線","未繪設快慢車道分隔線","有",24,"未使用",120.220185,22.820284,"高雄市","永安區"
"路口交岔撞","2020",3,27,15,"晴","日間自然光線",50,"四岔路","交叉路口內","柏油","乾燥","良好","正常","雙向禁止超車線","未繪設快慢車道分隔線","有",41,"未使用",120.571405,22.753841,"屏東縣","鹽埔鄉"
"路口交岔撞","2020",3,27,15,"晴","日間自然光線",50,"四岔路","交叉路口內","柏油","乾燥","良好","正常","雙向禁止超車線","未繪設快慢車道分隔線","有",32,"未使用",120.571405,22.753841,"屏東縣","鹽埔鄉"
"路口交岔撞","2020",3,27,15,"晴","日間自然光線",50,"四岔路","交叉路口內","柏油","乾燥","良好","正常","雙向禁止超車線","未繪設快慢車道分隔線","有",35,"非汽(機)車駕駛人",120.571405,22.753841,"屏東縣","鹽埔鄉"
"同向通行中","2020",3,27,23,"雨","夜間(或隧道、地下道、涵洞)有照明",40,"直路","一般車道(未劃分快慢車道)","柏油","濕潤","良好","無號誌","雙向禁止超車線","未繪設快慢車道分隔線","有",52,"未使用",121.738271,24.328915,"宜蘭縣","南澳鄉"
"同向通行中","2020",3,27,23,"雨","夜間(或隧道、地下道、涵洞)有照明",40,"直路","一般車道(未劃分快慢車道)","柏油","濕潤","良好","無號誌","雙向禁止超車線","未繪設快慢車道分隔線","有",19,"未使用",121.738271,24.328915,"宜蘭縣","南澳鄉"
"穿越道路中","2020",3,28,5,"雨","夜間(或隧道、地下道、涵洞)有照明",50,"直路","快車道","柏油","濕潤","良好","無號誌","雙向禁止超車線","快慢車道分隔線","無",50,"未使用",120.356919,22.624374,"高雄市","鳳山區"
"穿越道路中","2020",3,28,5,"雨","夜間(或隧道、地下道、涵洞)有照明",50,"直路","快車道","柏油","濕潤","良好","無號誌","雙向禁止超車線","快慢車道分隔線","無",69,"非汽(機)車駕駛人",120.356919,22.624374,"高雄市","鳳山區"
"其他","2020",3,28,8,"晴","日間自然光線",60,"直路","路肩、路緣","柏油","乾燥","良好","無號誌","中央分向島","快慢車道分隔線","有",19,"不明",121.82201,24.700758,"宜蘭縣","五結鄉"
"其他","2020",3,28,8,"晴","日間自然光線",60,"直路","路肩、路緣","柏油","乾燥","良好","無號誌","中央分向島","快慢車道分隔線","有",38,"不明",121.82201,24.700758,"宜蘭縣","五結鄉"
"其他","2020",3,28,8,"晴","日間自然光線",60,"直路","路肩、路緣","柏油","乾燥","良好","無號誌","中央分向島","快慢車道分隔線","有",57,"不明",121.82201,24.700758,"宜蘭縣","五結鄉"
"其他","2020",3,28,8,"晴","日間自然光線",60,"直路","路肩、路緣","柏油","乾燥","良好","無號誌","中央分向島","快慢車道分隔線","有",59,"非汽(機)車駕駛人",121.82201,24.700758,"宜蘭縣","五結鄉"
"側撞","2020",3,28,10,"晴","日間自然光線",50,"三岔路","交叉路口內","柏油","乾燥","良好","無號誌","無","未繪設快慢車道分隔線","無",68,"不明",120.612694,22.879804,"高雄市","六龜區"
"側撞","2020",3,28,10,"晴","日間自然光線",50,"三岔路","交叉路口內","柏油","乾燥","良好","無號誌","無","未繪設快慢車道分隔線","無",78,"未使用",120.612694,22.879804,"高雄市","六龜區"
"側撞","2020",3,28,10,"晴","日間自然光線",50,"三岔路","交叉路口內","柏油","乾燥","良好","無號誌","無","未繪設快慢車道分隔線","無",54,"不明",120.612694,22.879804,"高雄市","六龜區"
"路口交岔撞","2020",3,28,15,"晴","日間自然光線",50,"四岔路","交叉口附近","柏油","乾燥","良好","正常","行車分向線","寛式快慢車道分隔島(50公分以上)","無",44,"未使用",120.302152,22.613147,"高雄市","苓雅區"
"路口交岔撞","2020",3,28,15,"晴","日間自然光線",50,"四岔路","交叉口附近","柏油","乾燥","良好","正常","行車分向線","寛式快慢車道分隔島(50公分以上)","無",59,"非汽(機)車駕駛人",120.302152,22.613147,"高雄市","苓雅區"
"路口交岔撞","2020",3,28,16,"晴","日間自然光線",40,"四岔路","交叉路口內","柏油","乾燥","良好","無號誌","無","未繪設快慢車道分隔線","無",64,"未使用",120.293448,23.717285,"雲林縣","褒忠鄉"
"路口交岔撞","2020",3,28,16,"晴","日間自然光線",40,"四岔路","交叉路口內","柏油","乾燥","良好","無號誌","無","未繪設快慢車道分隔線","無",64,"未使用",120.293448,23.717285,"雲林縣","褒忠鄉"
"其他","2020",3,28,17,"晴","日間自然光線",40,"彎曲路及附近","一般車道(未劃分快慢車道)","柏油","乾燥","良好","無號誌","雙向禁止超車線","未繪設快慢車道分隔線","有",16,"未使用",120.422961,22.727439,"高雄市","大樹區"
"其他","2020",3,28,17,"晴","日間自然光線",40,"彎曲路及附近","一般車道(未劃分快慢車道)","柏油","乾燥","良好","無號誌","雙向禁止超車線","未繪設快慢車道分隔線","有",37,"未使用",120.422961,22.727439,"高雄市","大樹區"
"撞護欄(樁)","2020",3,29,6,"晴","日間自然光線",50,"其他","其他","柏油","乾燥","良好","無號誌","無","未繪設快慢車道分隔線","無",87,"不明",121.528716,24.997209,"新北市","永和區"
"側撞","2020",3,29,11,"晴","日間自然光線",50,"彎曲路及附近","一般車道(未劃分快慢車道)","柏油","乾燥","良好","無號誌","雙向禁止超車線","未繪設快慢車道分隔線","有",58,"未使用",121.32672,25.078736,"桃園市","蘆竹區"
"側撞","2020",3,29,11,"晴","日間自然光線",50,"彎曲路及附近","一般車道(未劃分快慢車道)","柏油","乾燥","良好","無號誌","雙向禁止超車線","未繪設快慢車道分隔線","有",79,"未使用",121.32672,25.078736,"桃園市","蘆竹區"
"追撞","2020",3,29,16,"陰","日間自然光線",50,"直路","路肩、路緣","柏油","乾燥","良好","無號誌","雙向禁止超車線","未繪設快慢車道分隔線","有",41,"不明",121.604804,24.024998,"花蓮縣","新城鄉"
"追撞","2020",3,29,16,"陰","日間自然光線",50,"直路","路肩、路緣","柏油","乾燥","良好","無號誌","雙向禁止超車線","未繪設快慢車道分隔線","有",61,"不明",121.604804,24.024998,"花蓮縣","新城鄉"
"追撞","2020",3,29,16,"陰","日間自然光線",50,"直路","路肩、路緣","柏油","乾燥","良好","無號誌","雙向禁止超車線","未繪設快慢車道分隔線","有",26,"不明",121.604804,24.024998,"花蓮縣","新城鄉"
"穿越道路中","2020",3,29,21,"晴","夜間(或隧道、地下道、涵洞)有照明",60,"直路","一般車道(未劃分快慢車道)","柏油","乾燥","良好","無號誌","雙向禁止超車線","未繪設快慢車道分隔線","有",44,"未使用",120.88229,22.294061,"臺東縣","達仁鄉"
"穿越道路中","2020",3,29,21,"晴","夜間(或隧道、地下道、涵洞)有照明",60,"直路","一般車道(未劃分快慢車道)","柏油","乾燥","良好","無號誌","雙向禁止超車線","未繪設快慢車道分隔線","有",73,"非汽(機)車駕駛人",120.88229,22.294061,"臺東縣","達仁鄉"
"撞護欄(樁)","2020",3,30,5,"晴","夜間(或隧道、地下道、涵洞)有照明",50,"直路","快車道","柏油","乾燥","良好","無號誌","中央分向島","快慢車道分隔線","無",23,"未使用",120.954678,24.878309,"新竹縣","竹北市"
"路口交岔撞","2020",3,30,7,"晴","日間自然光線",40,"四岔路","交叉路口內","柏油","乾燥","良好","無號誌","無","未繪設快慢車道分隔線","有",27,"未使用",121.802893,24.770498,"宜蘭縣","壯圍鄉"
"路口交岔撞","2020",3,30,7,"晴","日間自然光線",40,"四岔路","交叉路口內","柏油","乾燥","良好","無號誌","無","未繪設快慢車道分隔線","有",25,"未使用",121.802893,24.770498,"宜蘭縣","壯圍鄉"
"路口交岔撞","2020",3,30,7,"晴","日間自然光線",40,"四岔路","交叉路口內","柏油","乾燥","良好","無號誌","無","未繪設快慢車道分隔線","有",8,"未使用",121.802893,24.770498,"宜蘭縣","壯圍鄉"
"路口交岔撞","2020",3,30,7,"晴","日間自然光線",40,"四岔路","交叉路口內","柏油","乾燥","良好","無號誌","無","未繪設快慢車道分隔線","有",7,"未使用",121.802893,24.770498,"宜蘭縣","壯圍鄉"
"路口交岔撞","2020",3,30,7,"晴","日間自然光線",40,"四岔路","交叉路口內","柏油","乾燥","良好","無號誌","無","未繪設快慢車道分隔線","有",3,"未使用",121.802893,24.770498,"宜蘭縣","壯圍鄉"
"其他","2020",3,30,12,"晴","日間自然光線",50,"四岔路","行人穿越道","柏油","乾燥","良好","正常","無","未繪設快慢車道分隔線","無",60,"未使用",120.655328,24.158488,"臺中市","西屯區"
"其他","2020",3,30,12,"晴","日間自然光線",50,"四岔路","行人穿越道","柏油","乾燥","良好","正常","無","未繪設快慢車道分隔線","無",60,"非汽(機)車駕駛人",120.655328,24.158488,"臺中市","西屯區"
"對撞","2020",3,30,16,"晴","日間自然光線",40,"彎曲路及附近","一般車道(未劃分快慢車道)","柏油","乾燥","良好","無號誌","無","未繪設快慢車道分隔線","有",78,"未使用",120.606231,24.089746,"彰化縣","彰化市"
"對撞","2020",3,30,16,"晴","日間自然光線",40,"彎曲路及附近","一般車道(未劃分快慢車道)","柏油","乾燥","良好","無號誌","無","未繪設快慢車道分隔線","有",20,"未使用",120.606231,24.089746,"彰化縣","彰化市"
"側撞","2020",3,31,0,"晴","夜間(或隧道、地下道、涵洞)有照明",50,"四岔路","交叉路口內","柏油","乾燥","良好","正常","雙向禁止超車線","未繪設快慢車道分隔線","無",67,"不明",121.540434,25.051854,"臺北市","中山區"
"側撞","2020",3,31,0,"晴","夜間(或隧道、地下道、涵洞)有照明",50,"四岔路","交叉路口內","柏油","乾燥","良好","正常","雙向禁止超車線","未繪設快慢車道分隔線","無",32,"不明",121.540434,25.051854,"臺北市","中山區"
"側撞","2020",3,31,2,"晴","夜間(或隧道、地下道、涵洞)有照明",70,"三岔路","交叉路口內","柏油","乾燥","良好","正常","中央分向島","快慢車道分隔線","有",20,"未使用",120.49518,22.70589,"屏東縣","屏東市"
"側撞","2020",3,31,2,"晴","夜間(或隧道、地下道、涵洞)有照明",70,"三岔路","交叉路口內","柏油","乾燥","良好","正常","中央分向島","快慢車道分隔線","有",67,"未使用",120.49518,22.70589,"屏東縣","屏東市"
"穿越道路中","2020",3,31,5,"晴","晨或暮光",50,"直路","一般車道(未劃分快慢車道)","柏油","乾燥","良好","無號誌","雙向禁止超車線","未繪設快慢車道分隔線","有",24,"未使用",119.576384,23.571661,"澎湖縣","馬公市"
"穿越道路中","2020",3,31,5,"晴","晨或暮光",50,"直路","一般車道(未劃分快慢車道)","柏油","乾燥","良好","無號誌","雙向禁止超車線","未繪設快慢車道分隔線","有",81,"非汽(機)車駕駛人",119.576384,23.571661,"澎湖縣","馬公市"
"側撞","2020",3,31,5,"晴","日間自然光線",70,"三岔路","交叉路口內","柏油","乾燥","良好","正常","中央分向島","快慢車道分隔線","有",66,"未使用",120.460301,22.536426,"屏東縣","新園鄉"
"側撞","2020",3,31,5,"晴","日間自然光線",70,"三岔路","交叉路口內","柏油","乾燥","良好","正常","中央分向島","快慢車道分隔線","有",35,"未使用",120.460301,22.536426,"屏東縣","新園鄉"
"側撞","2020",3,31,5,"晴","日間自然光線",70,"三岔路","交叉路口內","柏油","乾燥","良好","正常","中央分向島","快慢車道分隔線","有",67,"非汽(機)車駕駛人",120.460301,22.536426,"屏東縣","新園鄉"
"路口交岔撞","2020",3,31,8,"晴","日間自然光線",30,"四岔路","交叉路口內","柏油","乾燥","良好","無號誌","無","未繪設快慢車道分隔線","無",40,"不明",120.248743,23.74927,"雲林縣","麥寮鄉"
"路口交岔撞","2020",3,31,8,"晴","日間自然光線",30,"四岔路","交叉路口內","柏油","乾燥","良好","無號誌","無","未繪設快慢車道分隔線","無",70,"未使用",120.248743,23.74927,"雲林縣","麥寮鄉"
"路口交岔撞","2020",3,31,8,"晴","日間自然光線",30,"四岔路","交叉路口內","柏油","乾燥","良好","無號誌","無","未繪設快慢車道分隔線","無",64,"未使用",120.248743,23.74927,"雲林縣","麥寮鄉"
"追撞","2020",3,31,20,"晴","夜間(或隧道、地下道、涵洞)有照明",40,"直路","快車道","柏油","乾燥","良好","無號誌","中央分向島","未繪設快慢車道分隔線","有",30,"未使用",120.559932,24.241163,"臺中市","沙鹿區"
"追撞","2020",3,31,20,"晴","夜間(或隧道、地下道、涵洞)有照明",40,"直路","快車道","柏油","乾燥","良好","無號誌","中央分向島","未繪設快慢車道分隔線","有",45,"非汽(機)車駕駛人",120.559932,24.241163,"臺中市","沙鹿區"
"追撞","2020",3,31,20,"晴","夜間(或隧道、地下道、涵洞)有照明",40,"直路","快車道","柏油","乾燥","良好","無號誌","中央分向島","未繪設快慢車道分隔線","有",22,"非汽(機)車駕駛人",120.559932,24.241163,"臺中市","沙鹿區"
"追撞","2020",3,31,20,"晴","夜間(或隧道、地下道、涵洞)有照明",40,"直路","快車道","柏油","乾燥","良好","無號誌","中央分向島","未繪設快慢車道分隔線","有",25,"非汽(機)車駕駛人",120.559932,24.241163,"臺中市","沙鹿區"
"追撞","2020",3,31,20,"晴","夜間(或隧道、地下道、涵洞)有照明",40,"直路","快車道","柏油","乾燥","良好","無號誌","中央分向島","未繪設快慢車道分隔線","有",32,"未使用",120.559932,24.241163,"臺中市","沙鹿區"
"追撞","2020",3,31,20,"晴","夜間(或隧道、地下道、涵洞)有照明",40,"直路","快車道","柏油","乾燥","良好","無號誌","中央分向島","未繪設快慢車道分隔線","有",45,"未使用",120.559932,24.241163,"臺中市","沙鹿區"
"追撞","2020",3,31,20,"晴","夜間(或隧道、地下道、涵洞)有照明",40,"直路","快車道","柏油","乾燥","良好","無號誌","中央分向島","未繪設快慢車道分隔線","有",28,"未使用",120.559932,24.241163,"臺中市","沙鹿區"
"追撞","2020",3,31,20,"晴","夜間(或隧道、地下道、涵洞)有照明",40,"直路","快車道","柏油","乾燥","良好","無號誌","中央分向島","未繪設快慢車道分隔線","有",50,"未使用",120.559932,24.241163,"臺中市","沙鹿區"
"追撞","2020",3,31,20,"晴","夜間(或隧道、地下道、涵洞)有照明",40,"直路","快車道","柏油","乾燥","良好","無號誌","中央分向島","未繪設快慢車道分隔線","有",43,"未使用",120.559932,24.241163,"臺中市","沙鹿區"
"撞交通島","2020",4,1,0,"雨","夜間(或隧道、地下道、涵洞)有照明",60,"三岔路","交叉路口內","柏油","濕潤","良好","無號誌","無","未繪設快慢車道分隔線","無",31,"未使用",121.243471,24.849168,"桃園市","龍潭區"
"路口交岔撞","2020",4,1,7,"晴","日間自然光線",60,"四岔路","交叉路口內","柏油","乾燥","良好","正常","雙向禁止超車線","未繪設快慢車道分隔線","有",22,"未使用",120.518278,24.075918,"彰化縣","彰化市"
"路口交岔撞","2020",4,1,7,"晴","日間自然光線",60,"四岔路","交叉路口內","柏油","乾燥","良好","正常","雙向禁止超車線","未繪設快慢車道分隔線","有",28,"未使用",120.518278,24.075918,"彰化縣","彰化市"
"側撞","2020",4,1,7,"晴","日間自然光線",60,"三岔路","交叉路口內","柏油","乾燥","良好","無號誌","無","未繪設快慢車道分隔線","無",60,"未使用",120.237202,23.37873,"嘉義縣","義竹鄉"
"側撞","2020",4,1,7,"晴","日間自然光線",60,"三岔路","交叉路口內","柏油","乾燥","良好","無號誌","無","未繪設快慢車道分隔線","無",53,"未使用",120.237202,23.37873,"嘉義縣","義竹鄉"
"穿越道路中","2020",4,1,16,"晴","日間自然光線",50,"三岔路","交叉路口內","柏油","乾燥","良好","無號誌","中央分向島","快慢車道分隔線","有",84,"非汽(機)車駕駛人",120.169957,23.000949,"臺南市","安平區"
"穿越道路中","2020",4,1,16,"晴","日間自然光線",50,"三岔路","交叉路口內","柏油","乾燥","良好","無號誌","中央分向島","快慢車道分隔線","有",21,"未使用",120.169957,23.000949,"臺南市","安平區"
"其他","2020",4,1,21,"晴","夜間(或隧道、地下道、涵洞)有照明",50,"其他","其他","水泥","乾燥","良好","無號誌","無","未繪設快慢車道分隔線","無",28,"未使用",121.662039,25.069739,"新北市","汐止區"
"其他","2020",4,1,21,"晴","夜間(或隧道、地下道、涵洞)有照明",50,"其他","其他","水泥","乾燥","良好","無號誌","無","未繪設快慢車道分隔線","無",78,"非汽(機)車駕駛人",121.662039,25.069739,"新北市","汐止區"
"對向擦撞","2020",4,1,22,"陰","夜間(或隧道、地下道、涵洞)有照明",60,"直路","快車道","柏油","乾燥","良好","無號誌","行車分向線","快慢車道分隔線","有",15,"未使用",121.670635,24.66783,"宜蘭縣","三星鄉"
"對向擦撞","2020",4,1,22,"陰","夜間(或隧道、地下道、涵洞)有照明",60,"直路","快車道","柏油","乾燥","良好","無號誌","行車分向線","快慢車道分隔線","有",19,"非汽(機)車駕駛人",121.670635,24.66783,"宜蘭縣","三星鄉"
"對向擦撞","2020",4,1,22,"陰","夜間(或隧道、地下道、涵洞)有照明",60,"直路","快車道","柏油","乾燥","良好","無號誌","行車分向線","快慢車道分隔線","有",26,"未使用",121.670635,24.66783,"宜蘭縣","三星鄉"
"側撞","2020",4,2,12,"晴","日間自然光線",60,"直路","機車優先道","柏油","乾燥","良好","無號誌","行車分向線","快慢車道分隔線","有",29,"不明",120.186722,22.988049,"臺南市","安平區"
"側撞","2020",4,2,12,"晴","日間自然光線",60,"直路","機車優先道","柏油","乾燥","良好","無號誌","行車分向線","快慢車道分隔線","有",34,"未使用",120.186722,22.988049,"臺南市","安平區"
"側撞","2020",4,2,12,"晴","日間自然光線",60,"直路","機車優先道","柏油","乾燥","良好","無號誌","行車分向線","快慢車道分隔線","有",42,"未使用",120.186722,22.988049,"臺南市","安平區"
"側撞","2020",4,2,12,"晴","日間自然光線",60,"直路","機車優先道","柏油","乾燥","良好","無號誌","行車分向線","快慢車道分隔線","有",32,"非汽(機)車駕駛人",120.186722,22.988049,"臺南市","安平區"
"對撞","2020",4,2,15,"陰","日間自然光線",50,"彎曲路及附近","一般車道(未劃分快慢車道)","柏油","乾燥","良好","無號誌","雙向禁止超車線","未繪設快慢車道分隔線","有",10,"非汽(機)車駕駛人",120.885229,23.809375,"南投縣","水里鄉"
"對撞","2020",4,2,15,"陰","日間自然光線",50,"彎曲路及附近","一般車道(未劃分快慢車道)","柏油","乾燥","良好","無號誌","雙向禁止超車線","未繪設快慢車道分隔線","有",2,"非汽(機)車駕駛人",120.885229,23.809375,"南投縣","水里鄉"
"對撞","2020",4,2,15,"陰","日間自然光線",50,"彎曲路及附近","一般車道(未劃分快慢車道)","柏油","乾燥","良好","無號誌","雙向禁止超車線","未繪設快慢車道分隔線","有",11,"非汽(機)車駕駛人",120.885229,23.809375,"南投縣","水里鄉"
"對撞","2020",4,2,15,"陰","日間自然光線",50,"彎曲路及附近","一般車道(未劃分快慢車道)","柏油","乾燥","良好","無號誌","雙向禁止超車線","未繪設快慢車道分隔線","有",5,"非汽(機)車駕駛人",120.885229,23.809375,"南投縣","水里鄉"
"對撞","2020",4,2,15,"陰","日間自然光線",50,"彎曲路及附近","一般車道(未劃分快慢車道)","柏油","乾燥","良好","無號誌","雙向禁止超車線","未繪設快慢車道分隔線","有",36,"非汽(機)車駕駛人",120.885229,23.809375,"南投縣","水里鄉"
"對撞","2020",4,2,15,"陰","日間自然光線",50,"彎曲路及附近","一般車道(未劃分快慢車道)","柏油","乾燥","良好","無號誌","雙向禁止超車線","未繪設快慢車道分隔線","有",73,"不明",120.885229,23.809375,"南投縣","水里鄉"
"對撞","2020",4,2,15,"陰","日間自然光線",50,"彎曲路及附近","一般車道(未劃分快慢車道)","柏油","乾燥","良好","無號誌","雙向禁止超車線","未繪設快慢車道分隔線","有",34,"非汽(機)車駕駛人",120.885229,23.809375,"南投縣","水里鄉"
"對撞","2020",4,2,15,"陰","日間自然光線",50,"彎曲路及附近","一般車道(未劃分快慢車道)","柏油","乾燥","良好","無號誌","雙向禁止超車線","未繪設快慢車道分隔線","有",33,"未使用",120.885229,23.809375,"南投縣","水里鄉"
"側撞","2020",4,2,20,"晴","夜間(或隧道、地下道、涵洞)有照明",50,"三岔路","交叉路口內","柏油","乾燥","良好","正常","無","未繪設快慢車道分隔線","無",38,"未使用",120.940715,24.835658,"新竹市","北區"
"側撞","2020",4,2,20,"晴","夜間(或隧道、地下道、涵洞)有照明",50,"三岔路","交叉路口內","柏油","乾燥","良好","正常","無","未繪設快慢車道分隔線","無",24,"未使用",120.940715,24.835658,"新竹市","北區"