"事故類型及型態子類別名稱","發生年度","發生月份","發生日期","發生時間","天候名稱","光線名稱","速限.第1當事者","道路型態子類別名稱","事故位置子類別名稱","路面狀況.路面鋪裝名稱","路面狀況.路面狀態名稱","道路障礙.視距品質名稱","號誌.號誌動作名稱","車道劃分設施.分向設施大類別名稱","車道劃分設施.分道設施.快慢車道間名稱","車道劃分設施.分道設施.路面邊線名稱","當事者事故發生時年齡","行動電話或電腦或其他相類功能裝置名稱","經度","緯度","縣市","鄉鎮"
"追撞","2020",4,2,20,"晴","夜間(或隧道、地下道、涵洞)有照明",50,"三岔路","交叉口附近","柏油","乾燥","良好","正常","雙向禁止超車線","快慢車道分隔線","有",56,"未使用",120.639433,24.218708,"臺中市","大雅區"
"追撞","2020",4,2,20,"晴","夜間(或隧道、地下道、涵洞)有照明",50,"三岔路","交叉口附近","柏油","乾燥","良好","正常","雙向禁止超車線","快慢車道分隔線","有",31,"未使用",120.639433,24.218708,"臺中市","大雅區"
"衝出路外","2020",4,3,4,"晴","夜間(或隧道、地下道、涵洞)有照明",50,"彎曲路及附近","路肩、路緣","柏油","乾燥","良好","無號誌","雙向禁止超車線","未繪設快慢車道分隔線","有",19,"不明",120.237138,23.335402,"嘉義縣","義竹鄉"
"衝出路外","2020",4,3,4,"晴","夜間(或隧道、地下道、涵洞)有照明",50,"彎曲路及附近","路肩、路緣","柏油","乾燥","良好","無號誌","雙向禁止超車線","未繪設快慢車道分隔線","有",19,"不明",120.237138,23.335402,"嘉義縣","義竹鄉"
"衝出路外","2020",4,3,4,"晴","夜間(或隧道、地下道、涵洞)有照明",50,"彎曲路及附近","路肩、路緣","柏油","乾燥","良好","無號誌","雙向禁止超車線","未繪設快慢車道分隔線","有",19,"不明",120.237138,23.335402,"嘉義縣","義竹鄉"
"衝出路外","2020",4,3,4,"晴","夜間(或隧道、地下道、涵洞)有照明",50,"彎曲路及附近","路肩、路緣","柏油","乾燥","良好","無號誌","雙向禁止超車線","未繪設快慢車道分隔線","有",18,"不明",120.237138,23.335402,"嘉義縣","義竹鄉"
"路口交岔撞","2020",4,3,5,"晴","晨或暮光",50,"多岔路","交叉路口內","柏油","乾燥","良好","正常","行車分向線","未繪設快慢車道分隔線","有",76,"不明",120.501973,23.914442,"彰化縣","田尾鄉"
"路口交岔撞","2020",4,3,5,"晴","晨或暮光",50,"多岔路","交叉路口內","柏油","乾燥","良好","正常","行車分向線","未繪設快慢車道分隔線","有",53,"不明",120.501973,23.914442,"彰化縣","田尾鄉"
"路口交岔撞","2020",4,3,6,"陰","日間自然光線",50,"四岔路","交叉路口內","柏油","濕潤","良好","正常","無","未繪設快慢車道分隔線","有",53,"未使用",121.434636,25.054612,"新北市","泰山區"
"路口交岔撞","2020",4,3,6,"陰","日間自然光線",50,"四岔路","交叉路口內","柏油","濕潤","良好","正常","無","未繪設快慢車道分隔線","有",19,"未使用",121.434636,25.054612,"新北市","泰山區"
"路口交岔撞","2020",4,3,6,"陰","日間自然光線",50,"四岔路","交叉路口內","柏油","濕潤","良好","正常","無","未繪設快慢車道分隔線","有",31,"未使用",121.434636,25.054612,"新北市","泰山區"
"路口交岔撞","2020",4,3,6,"陰","日間自然光線",50,"四岔路","交叉路口內","柏油","濕潤","良好","正常","無","未繪設快慢車道分隔線","有",42,"未使用",121.434636,25.054612,"新北市","泰山區"
"路口交岔撞","2020",4,3,6,"陰","日間自然光線",50,"四岔路","交叉路口內","柏油","濕潤","良好","正常","無","未繪設快慢車道分隔線","有",57,"未使用",121.434636,25.054612,"新北市","泰山區"
"路口交岔撞","2020",4,3,6,"陰","日間自然光線",50,"四岔路","交叉路口內","柏油","濕潤","良好","正常","無","未繪設快慢車道分隔線","有",68,"未使用",121.434636,25.054612,"新北市","泰山區"
"路口交岔撞","2020",4,3,6,"陰","日間自然光線",50,"四岔路","交叉路口內","柏油","濕潤","良好","正常","無","未繪設快慢車道分隔線","有",50,"未使用",121.434636,25.054612,"新北市","泰山區"
"路口交岔撞","2020",4,3,6,"陰","日間自然光線",50,"四岔路","交叉路口內","柏油","濕潤","良好","正常","無","未繪設快慢車道分隔線","有",33,"未使用",121.434636,25.054612,"新北市","泰山區"
"路口交岔撞","2020",4,3,6,"陰","日間自然光線",50,"四岔路","交叉路口內","柏油","濕潤","良好","正常","無","未繪設快慢車道分隔線","有",31,"未使用",121.434636,25.054612,"新北市","泰山區"
"路口交岔撞","2020",4,3,6,"陰","日間自然光線",50,"四岔路","交叉路口內","柏油","濕潤","良好","正常","無","未繪設快慢車道分隔線","有",43,"未使用",121.434636,25.054612,"新北市","泰山區"
"路口交岔撞","2020",4,3,6,"陰","日間自然光線",50,"四岔路","交叉路口內","柏油","濕潤","良好","正常","無","未繪設快慢車道分隔線","有",36,"未使用",121.434636,25.054612,"新北市","泰山區"
"路口交岔撞","2020",4,3,6,"陰","日間自然光線",50,"四岔路","交叉路口內","柏油","濕潤","良好","正常","無","未繪設快慢車道分隔線","有",44,"未使用",121.434636,25.054612,"新北市","泰山區"
"對撞","2020",4,3,14,"陰","日間自然光線",60,"彎曲路及附近","一般車道(未劃分快慢車道)","柏油","乾燥","良好","無號誌","雙向禁止超車線","快慢車道分隔線","有",18,"未使用",120.945122,24.618257,"苗栗縣","三灣鄉"
"對撞","2020",4,3,14,"陰","日間自然光線",60,"彎曲路及附近","一般車道(未劃分快慢車道)","柏油","乾燥","良好","無號誌","雙向禁止超車線","快慢車道分隔線","有",50,"未使用",120.945122,24.618257,"苗栗縣","三灣鄉"
"撞路樹、電桿","2020",4,3,19,"雨","夜間(或隧道、地下道、涵洞)有照明",60,"直路","一般車道(未劃分快慢車道)","柏油","濕潤","良好","無號誌","中央分向島","快慢車道分隔線","有",23,"未使用",121.815788,24.76943,"宜蘭縣","壯圍鄉"
"撞路樹、電桿","2020",4,3,19,"雨","夜間(或隧道、地下道、涵洞)有照明",60,"直路","一般車道(未劃分快慢車道)","柏油","濕潤","良好","無號誌","中央分向島","快慢車道分隔線","有",25,"非汽(機)車駕駛人",121.815788,24.76943,"宜蘭縣","壯圍鄉"
"撞路樹、電桿","2020",4,3,19,"雨","夜間(或隧道、地下道、涵洞)有照明",60,"直路","一般車道(未劃分快慢車道)","柏油","濕潤","良好","無號誌","中央分向島","快慢車道分隔線","有",23,"非汽(機)車駕駛人",121.815788,24.76943,"宜蘭縣","壯圍鄉"
"穿越道路中","2020",4,3,23,"晴","夜間(或隧道、地下道、涵洞)有照明",50,"直路","快車道","柏油","乾燥","良好","無號誌","雙向禁止超車線","快慢車道分隔線","有",24,"未使用",120.676525,24.114896,"臺中市","大里區"
"穿越道路中","2020",4,3,23,"晴","夜間(或隧道、地下道、涵洞)有照明",50,"直路","快車道","柏油","乾燥","良好","無號誌","雙向禁止超車線","快慢車道分隔線","有",51,"非汽(機)車駕駛人",120.676525,24.114896,"臺中市","大里區"
"側撞","2020",4,4,5,"晴","晨或暮光",50,"四岔路","交叉路口內","柏油","乾燥","良好","正常","雙向禁止超車線","未繪設快慢車道分隔線","有",72,"未使用",120.964504,23.968554,"南投縣","埔里鎮"
"側撞","2020",4,4,5,"晴","晨或暮光",50,"四岔路","交叉路口內","柏油","乾燥","良好","正常","雙向禁止超車線","未繪設快慢車道分隔線","有",23,"未使用",120.964504,23.968554,"南投縣","埔里鎮"
"路上翻車、摔倒","2020",4,4,17,"晴","日間自然光線",40,"坡路","一般車道(未劃分快慢車道)","柏油","乾燥","良好","無號誌","雙向禁止超車線","未繪設快慢車道分隔線","有",75,"未使用",120.810083,24.096306,"臺中市","太平區"
"路上翻車、摔倒","2020",4,4,17,"晴","日間自然光線",40,"坡路","一般車道(未劃分快慢車道)","柏油","乾燥","良好","無號誌","雙向禁止超車線","未繪設快慢車道分隔線","有",43,"非汽(機)車駕駛人",120.810083,24.096306,"臺中市","太平區"
"路口交岔撞","2020",4,5,9,"晴","日間自然光線",50,"四岔路","交叉路口內","柏油","乾燥","良好","正常","無","未繪設快慢車道分隔線","無",60,"未使用",120.310683,22.635385,"高雄市","新興區"
"路口交岔撞","2020",4,5,9,"晴","日間自然光線",50,"四岔路","交叉路口內","柏油","乾燥","良好","正常","無","未繪設快慢車道分隔線","無",22,"未使用",120.310683,22.635385,"高雄市","新興區"
"追撞","2020",4,5,22,"晴","夜間(或隧道、地下道、涵洞)有照明",40,"橋樑","慢車道","柏油","乾燥","良好","無號誌","中央分向島","快慢車道分隔線","有",21,"不明",120.368657,22.634254,"高雄市","鳳山區"
"追撞","2020",4,5,22,"晴","夜間(或隧道、地下道、涵洞)有照明",40,"橋樑","慢車道","柏油","乾燥","良好","無號誌","中央分向島","快慢車道分隔線","有",34,"不明",120.368657,22.634254,"高雄市","鳳山區"
"撞非固定設施","2020",4,5,22,"晴","夜間(或隧道、地下道、涵洞)有照明",40,"直路","路肩、路緣","柏油","乾燥","良好","無號誌","無","未繪設快慢車道分隔線","有",18,"不明",120.293159,23.308042,"臺南市","新營區"
"其他","2020",4,6,8,"晴","日間自然光線",40,"高架道路","機車專用道","柏油","乾燥","良好","無號誌","中央分向島","未繪設快慢車道分隔線","無",41,"未使用",120.313771,22.63813,"高雄市","三民區"
"其他","2020",4,6,8,"晴","日間自然光線",40,"高架道路","機車專用道","柏油","乾燥","良好","無號誌","中央分向島","未繪設快慢車道分隔線","無",54,"未使用",120.313771,22.63813,"高雄市","三民區"
"側撞","2020",4,6,13,"陰","日間自然光線",50,"四岔路","交叉路口內","柏油","乾燥","不良","正常","無","未繪設快慢車道分隔線","無",60,"未使用",121.297006,25.010731,"桃園市","桃園區"
"側撞","2020",4,6,13,"陰","日間自然光線",50,"四岔路","交叉路口內","柏油","乾燥","不良","正常","無","未繪設快慢車道分隔線","無",27,"未使用",121.297006,25.010731,"桃園市","桃園區"
"側撞","2020",4,6,21,"雨","夜間(或隧道、地下道、涵洞)有照明",50,"三岔路","交叉路口內","柏油","濕潤","良好","正常","無","未繪設快慢車道分隔線","無",16,"未使用",120.294496,22.675669,"高雄市","左營區"
"側撞","2020",4,6,21,"雨","夜間(或隧道、地下道、涵洞)有照明",50,"三岔路","交叉路口內","柏油","濕潤","良好","正常","無","未繪設快慢車道分隔線","無",61,"未使用",120.294496,22.675669,"高雄市","左營區"
"側撞","2020",4,6,21,"雨","夜間(或隧道、地下道、涵洞)有照明",50,"三岔路","交叉路口內","柏油","濕潤","良好","正常","無","未繪設快慢車道分隔線","無",18,"非汽(機)車駕駛人",120.294496,22.675669,"高雄市","左營區"
"側撞","2020",4,6,21,"雨","夜間(或隧道、地下道、涵洞)有照明",60,"四岔路","交叉路口內","柏油","濕潤","良好","正常","無","未繪設快慢車道分隔線","無",43,"未使用",120.2503,22.8805,"高雄市","湖內區"
"側撞","2020",4,6,21,"雨","夜間(或隧道、地下道、涵洞)有照明",60,"四岔路","交叉路口內","柏油","濕潤","良好","正常","無","未繪設快慢車道分隔線","無",37,"非汽(機)車駕駛人",120.2503,22.8805,"高雄市","湖內區"
"側撞","2020",4,6,21,"雨","夜間(或隧道、地下道、涵洞)有照明",60,"四岔路","交叉路口內","柏油","濕潤","良好","正常","無","未繪設快慢車道分隔線","無",35,"未使用",120.2503,22.8805,"高雄市","湖內區"
"對撞","2020",4,6,21,"雨","夜間(或隧道、地下道、涵洞)有照明",50,"直路","一般車道(未劃分快慢車道)","柏油","濕潤","良好","無號誌","雙向禁止超車線","未繪設快慢車道分隔線","有",18,"不明",120.981795,24.909408,"新竹縣","新豐鄉"
"對撞","2020",4,6,21,"雨","夜間(或隧道、地下道、涵洞)有照明",50,"直路","一般車道(未劃分快慢車道)","柏油","濕潤","良好","無號誌","雙向禁止超車線","未繪設快慢車道分隔線","有",19,"不明",120.981795,24.909408,"新竹縣","新豐鄉"
"對撞","2020",4,6,21,"雨","夜間(或隧道、地下道、涵洞)有照明",50,"直路","一般車道(未劃分快慢車道)","柏油","濕潤","良好","無號誌","雙向禁止超車線","未繪設快慢車道分隔線","有",24,"未使用",120.981795,24.909408,"新竹縣","新豐鄉"
"對撞","2020",4,7,2,"雨","夜間(或隧道、地下道、涵洞)有照明",50,"直路","一般車道(未劃分快慢車道)","柏油","濕潤","良好","無號誌","行車分向線","未繪設快慢車道分隔線","有",27,"不明",120.305273,22.758562,"高雄市","橋頭區"
"對撞","2020",4,7,2,"雨","夜間(或隧道、地下道、涵洞)有照明",50,"直路","一般車道(未劃分快慢車道)","柏油","濕潤","良好","無號誌","行車分向線","未繪設快慢車道分隔線","有",32,"未使用",120.305273,22.758562,"高雄市","橋頭區"
"撞交通島","2020",4,8,6,"陰","日間自然光線",80,"彎曲路及附近","一般車道(未劃分快慢車道)","柏油","乾燥","不良","無號誌","中央分向島","未繪設快慢車道分隔線","有",42,"未使用",121.73455,25.104877,"基隆市","暖暖區"
"撞交通島","2020",4,8,6,"陰","日間自然光線",80,"彎曲路及附近","一般車道(未劃分快慢車道)","柏油","乾燥","不良","無號誌","中央分向島","未繪設快慢車道分隔線","有",23,"非汽(機)車駕駛人",121.73455,25.104877,"基隆市","暖暖區"
"撞交通島","2020",4,8,6,"陰","日間自然光線",80,"彎曲路及附近","一般車道(未劃分快慢車道)","柏油","乾燥","不良","無號誌","中央分向島","未繪設快慢車道分隔線","有",36,"非汽(機)車駕駛人",121.73455,25.104877,"基隆市","暖暖區"
"對撞","2020",4,8,8,"晴","日間自然光線",30,"三岔路","交叉路口內","柏油","乾燥","良好","無號誌","無","未繪設快慢車道分隔線","無",25,"未使用",120.339976,23.960546,"彰化縣","芳苑鄉"
"對撞","2020",4,8,8,"晴","日間自然光線",30,"三岔路","交叉路口內","柏油","乾燥","良好","無號誌","無","未繪設快慢車道分隔線","無",17,"非汽(機)車駕駛人",120.339976,23.960546,"彰化縣","芳苑鄉"
"對撞","2020",4,8,8,"晴","日間自然光線",30,"三岔路","交叉路口內","柏油","乾燥","良好","無號誌","無","未繪設快慢車道分隔線","無",71,"使用手持或有礙駕駛安全",120.339976,23.960546,"彰化縣","芳苑鄉"
"撞號誌、標誌桿","2020",4,8,13,"晴","日間自然光線",50,"直路","一般車道(未劃分快慢車道)","柏油","乾燥","良好","無號誌","行車分向線","未繪設快慢車道分隔線","有",35,"不明",120.559855,23.747103,"雲林縣","斗六市"
"倒車撞","2020",4,8,18,"晴","夜間(或隧道、地下道、涵洞)有照明",50,"直路","一般車道(未劃分快慢車道)","柏油","乾燥","良好","無號誌","行車分向線","未繪設快慢車道分隔線","有",46,"未使用",120.512992,22.777255,"屏東縣","里港鄉"
"倒車撞","2020",4,8,18,"晴","夜間(或隧道、地下道、涵洞)有照明",50,"直路","一般車道(未劃分快慢車道)","柏油","乾燥","良好","無號誌","行車分向線","未繪設快慢車道分隔線","有",45,"未使用",120.512992,22.777255,"屏東縣","里港鄉"
"側撞","2020",4,9,16,"晴","日間自然光線",50,"三岔路","交叉路口內","柏油","乾燥","良好","正常","無","未繪設快慢車道分隔線","無",53,"未使用",121.093084,24.736888,"新竹縣","竹東鎮"
"側撞","2020",4,9,16,"晴","日間自然光線",50,"三岔路","交叉路口內","柏油","乾燥","良好","正常","無","未繪設快慢車道分隔線","無",88,"未使用",121.093084,24.736888,"新竹縣","竹東鎮"
"路上翻車、摔倒","2020",4,9,23,"晴","夜間(或隧道、地下道、涵洞)有照明",50,"三岔路","交叉路口內","柏油","乾燥","良好","正常","雙向禁止超車線","快慢車道分隔線","有",109,"",120.282435,22.719871,"高雄市","楠梓區"
"路上翻車、摔倒","2020",4,9,23,"晴","夜間(或隧道、地下道、涵洞)有照明",50,"三岔路","交叉路口內","柏油","乾燥","良好","正常","雙向禁止超車線","快慢車道分隔線","有",54,"未使用",120.282435,22.719871,"高雄市","楠梓區"
"路上翻車、摔倒","2020",4,10,5,"晴","夜間(或隧道、地下道、涵洞)無照明",30,"直路","一般車道(未劃分快慢車道)","碎石","乾燥","良好","無號誌","無","未繪設快慢車道分隔線","無",43,"未使用",120.564708,22.404559,"屏東縣","佳冬鄉"
"側撞","2020",4,10,11,"晴","日間自然光線",50,"四岔路","交叉路口內","柏油","乾燥","良好","正常","無","未繪設快慢車道分隔線","無",73,"未使用",120.380561,23.267939,"臺南市","柳營區"
"側撞","2020",4,10,11,"晴","日間自然光線",50,"四岔路","交叉路口內","柏油","乾燥","良好","正常","無","未繪設快慢車道分隔線","無",61,"未使用",120.380561,23.267939,"臺南市","柳營區"
"路上翻車、摔倒","2020",4,10,15,"晴","日間自然光線",30,"坡路","慢車道","柏油","乾燥","不良","無號誌","雙向禁止超車線","快慢車道分隔線","有",43,"未使用",121.623635,25.021993,"臺北市","南港區"
"側撞","2020",4,10,15,"晴","日間自然光線",40,"直路","快車道","柏油","乾燥","良好","無號誌","中央分向島","未繪設快慢車道分隔線","有",47,"未使用",120.692578,24.102603,"臺中市","大里區"
"側撞","2020",4,10,15,"晴","日間自然光線",40,"直路","快車道","柏油","乾燥","良好","無號誌","中央分向島","未繪設快慢車道分隔線","有",61,"未使用",120.692578,24.102603,"臺中市","大里區"
"對向擦撞","2020",4,10,17,"陰","日間自然光線",30,"坡路","一般車道(未劃分快慢車道)","柏油","乾燥","良好","無號誌","雙向禁止超車線","未繪設快慢車道分隔線","有",30,"未使用",121.418597,25.029608,"新北市","新莊區"
"對向擦撞","2020",4,10,17,"陰","日間自然光線",30,"坡路","一般車道(未劃分快慢車道)","柏油","乾燥","良好","無號誌","雙向禁止超車線","未繪設快慢車道分隔線","有",49,"未使用",121.418597,25.029608,"新北市","新莊區"
"對向擦撞","2020",4,10,17,"陰","日間自然光線",30,"坡路","一般車道(未劃分快慢車道)","柏油","乾燥","良好","無號誌","雙向禁止超車線","未繪設快慢車道分隔線","有",35,"未使用",121.418597,25.029608,"新北市","新莊區"
"其他","2020",4,10,18,"晴","夜間(或隧道、地下道、涵洞)有照明",50,"直路","一般車道(未劃分快慢車道)","柏油","乾燥","良好","無號誌","行車分向線","未繪設快慢車道分隔線","有",27,"不明",120.238271,23.755716,"雲林縣","麥寮鄉"
"其他","2020",4,10,18,"晴","夜間(或隧道、地下道、涵洞)有照明",50,"直路","一般車道(未劃分快慢車道)","柏油","乾燥","良好","無號誌","行車分向線","未繪設快慢車道分隔線","有",56,"不明",120.238271,23.755716,"雲林縣","麥寮鄉"
"側撞","2020",4,10,20,"晴","夜間(或隧道、地下道、涵洞)有照明",50,"四岔路","交叉路口內","柏油","乾燥","良好","正常","無","未繪設快慢車道分隔線","無",41,"未使用",121.306744,24.964477,"桃園市","八德區"
"側撞","2020",4,10,20,"晴","夜間(或隧道、地下道、涵洞)有照明",50,"四岔路","交叉路口內","柏油","乾燥","良好","正常","無","未繪設快慢車道分隔線","無",38,"未使用",121.306744,24.964477,"桃園市","八德區"
"側撞","2020",4,10,20,"晴","夜間(或隧道、地下道、涵洞)有照明",50,"四岔路","交叉路口內","柏油","乾燥","良好","正常","無","未繪設快慢車道分隔線","無",27,"非汽(機)車駕駛人",121.306744,24.964477,"桃園市","八德區"
"其他","2020",4,11,4,"晴","夜間(或隧道、地下道、涵洞)有照明",50,"四岔路","交叉口附近","柏油","乾燥","良好","正常","中央分向島","快慢車道分隔線","無",22,"不明",120.195774,22.991675,"臺南市","西區"
"其他","2020",4,11,4,"晴","夜間(或隧道、地下道、涵洞)有照明",50,"四岔路","交叉口附近","柏油","乾燥","良好","正常","中央分向島","快慢車道分隔線","無",53,"未使用",120.195774,22.991675,"臺南市","西區"
"側撞","2020",4,11,8,"晴","日間自然光線",50,"直路","一般車道(未劃分快慢車道)","柏油","乾燥","良好","無號誌","無","未繪設快慢車道分隔線","有",32,"未使用",120.984222,24.836584,"新竹縣","竹北市"
"側撞","2020",4,11,8,"晴","日間自然光線",50,"直路","一般車道(未劃分快慢車道)","柏油","乾燥","良好","無號誌","無","未繪設快慢車道分隔線","有",41,"未使用",120.984222,24.836584,"新竹縣","竹北市"
"路上翻車、摔倒","2020",4,11,12,"晴","日間自然光線",40,"直路","一般車道(未劃分快慢車道)","柏油","乾燥","良好","無號誌","無","未繪設快慢車道分隔線","無",109,"",120.387762,22.747557,"高雄市","大社區"
"路上翻車、摔倒","2020",4,11,12,"晴","日間自然光線",40,"直路","一般車道(未劃分快慢車道)","柏油","乾燥","良好","無號誌","無","未繪設快慢車道分隔線","無",72,"未使用",120.387762,22.747557,"高雄市","大社區"
"追撞","2020",4,11,16,"晴","日間自然光線",50,"直路","慢車道","柏油","乾燥","良好","正常","雙向禁止超車線","未繪設快慢車道分隔線","無",75,"未使用",120.193275,22.993585,"臺南市","西區"
"追撞","2020",4,11,16,"晴","日間自然光線",50,"直路","慢車道","柏油","乾燥","良好","正常","雙向禁止超車線","未繪設快慢車道分隔線","無",83,"非汽(機)車駕駛人",120.193275,22.993585,"臺南市","西區"
"穿越道路中","2020",4,11,23,"雨","夜間(或隧道、地下道、涵洞)有照明",40,"直路","公車專用道","柏油","濕潤","良好","正常","中央分向島","未繪設快慢車道分隔線","無",44,"未使用",121.531626,25.017466,"臺北市","大安區"
"穿越道路中","2020",4,11,23,"雨","夜間(或隧道、地下道、涵洞)有照明",40,"直路","公車專用道","柏油","濕潤","良好","正常","中央分向島","未繪設快慢車道分隔線","無",64,"非汽(機)車駕駛人",121.531626,25.017466,"臺北市","大安區"
"撞交通島","2020",4,12,0,"晴","夜間(或隧道、地下道、涵洞)有照明",70,"直路","一般車道(未劃分快慢車道)","柏油","乾燥","良好","無號誌","中央分向島","未繪設快慢車道分隔線","有",31,"未使用",120.166829,23.335165,"嘉義縣","布袋鎮"
"路口交岔撞","2020",4,12,1,"陰","夜間(或隧道、地下道、涵洞)有照明",40,"四岔路","交叉路口內","柏油","乾燥","良好","正常","無","未繪設快慢車道分隔線","無",21,"未使用",121.770662,24.662713,"宜蘭縣","冬山鄉"
"路口交岔撞","2020",4,12,1,"陰","夜間(或隧道、地下道、涵洞)有照明",40,"四岔路","交叉路口內","柏油","乾燥","良好","正常","無","未繪設快慢車道分隔線","無",28,"未使用",121.770662,24.662713,"宜蘭縣","冬山鄉"
"撞路樹、電桿","2020",4,12,2,"雨","夜間(或隧道、地下道、涵洞)有照明",50,"直路","快車道","柏油","濕潤","良好","無號誌","中央分向島","快慢車道分隔線","無",25,"不明",120.3926,23.494608,"嘉義市","西區"
"撞路樹、電桿","2020",4,12,6,"晴","日間自然光線",40,"直路","慢車道","柏油","乾燥","良好","無號誌","中央分向島","寛式快慢車道分隔島(50公分以上)","有",58,"未使用",120.63403,24.0948,"臺中市","烏日區"
"撞路樹、電桿","2020",4,12,9,"雨","日間自然光線",50,"直路","路肩、路緣","柏油","濕潤","良好","無號誌","無","未繪設快慢車道分隔線","有",74,"未使用",121.512181,23.732001,"花蓮縣","鳳林鎮"
"撞路樹、電桿","2020",4,12,9,"雨","日間自然光線",50,"直路","路肩、路緣","柏油","濕潤","良好","無號誌","無","未繪設快慢車道分隔線","有",81,"未使用",121.512181,23.732001,"花蓮縣","鳳林鎮"
"撞路樹、電桿","2020",4,12,9,"雨","日間自然光線",50,"直路","路肩、路緣","柏油","濕潤","良好","無號誌","無","未繪設快慢車道分隔線","有",81,"未使用",121.512181,23.732001,"花蓮縣","鳳林鎮"
"衝過(或撞壞)遮斷器","2020",4,12,13,"晴","日間自然光線",15,"有遮斷器","其他","其他鋪裝","乾燥","良好","正常","無","未繪設快慢車道分隔線","無",34,"未使用",121.300584,24.986283,"桃園市","桃園區"
"衝過(或撞壞)遮斷器","2020",4,12,13,"晴","日間自然光線",15,"有遮斷器","其他","其他鋪裝","乾燥","良好","正常","無","未繪設快慢車道分隔線","無",84,"非汽(機)車駕駛人",121.300584,24.986283,"桃園市","桃園區"
"追撞","2020",4,12,20,"晴","夜間(或隧道、地下道、涵洞)有照明",50,"四岔路","交叉口附近","柏油","乾燥","良好","正常","中央分向島","未繪設快慢車道分隔線","無",61,"未使用",120.685338,24.169443,"臺中市","北屯區"
"追撞","2020",4,12,20,"晴","夜間(或隧道、地下道、涵洞)有照明",50,"四岔路","交叉口附近","柏油","乾燥","良好","正常","中央分向島","未繪設快慢車道分隔線","無",22,"未使用",120.685338,24.169443,"臺中市","北屯區"
"同向擦撞","2020",4,12,22,"晴","夜間(或隧道、地下道、涵洞)有照明",50,"直路","一般車道(未劃分快慢車道)","柏油","乾燥","良好","無號誌","行車分向線","未繪設快慢車道分隔線","有",64,"不明",120.487443,22.775695,"屏東縣","里港鄉"
"同向擦撞","2020",4,12,22,"晴","夜間(或隧道、地下道、涵洞)有照明",50,"直路","一般車道(未劃分快慢車道)","柏油","乾燥","良好","無號誌","行車分向線","未繪設快慢車道分隔線","有",50,"不明",120.487443,22.775695,"屏東縣","里港鄉"
"同向擦撞","2020",4,12,22,"晴","夜間(或隧道、地下道、涵洞)有照明",50,"直路","一般車道(未劃分快慢車道)","柏油","乾燥","良好","無號誌","行車分向線","未繪設快慢車道分隔線","有",42,"不明",120.487443,22.775695,"屏東縣","里港鄉"
"追撞","2020",4,13,7,"晴","日間自然光線",40,"直路","一般車道(未劃分快慢車道)","柏油","乾燥","良好","無號誌","無","未繪設快慢車道分隔線","有",39,"未使用",121.287175,24.898216,"桃園市","大溪區"
"追撞","2020",4,13,7,"晴","日間自然光線",40,"直路","一般車道(未劃分快慢車道)","柏油","乾燥","良好","無號誌","無","未繪設快慢車道分隔線","有",48,"未使用",121.287175,24.898216,"桃園市","大溪區"
"追撞","2020",4,13,7,"晴","日間自然光線",40,"直路","一般車道(未劃分快慢車道)","柏油","乾燥","良好","無號誌","無","未繪設快慢車道分隔線","有",57,"未使用",121.287175,24.898216,"桃園市","大溪區"
"撞路樹、電桿","2020",4,13,9,"晴","日間自然光線",40,"彎曲路及附近","一般車道(未劃分快慢車道)","柏油","乾燥","良好","無號誌","雙向禁止超車線","未繪設快慢車道分隔線","有",65,"未使用",120.461497,23.513809,"嘉義縣","民雄鄉"
"側撞","2020",4,13,10,"晴","日間自然光線",50,"四岔路","交叉口附近","柏油","乾燥","良好","正常","無","未繪設快慢車道分隔線","有",65,"未使用",120.260823,22.985193,"臺南市","仁德區"
"側撞","2020",4,13,10,"晴","日間自然光線",50,"四岔路","交叉口附近","柏油","乾燥","良好","正常","無","未繪設快慢車道分隔線","有",56,"未使用",120.260823,22.985193,"臺南市","仁德區"
"其他","2020",4,13,21,"陰","夜間(或隧道、地下道、涵洞)有照明",50,"直路","路肩、路緣","柏油","乾燥","良好","無號誌","無","未繪設快慢車道分隔線","有",46,"不明",121.424791,23.663703,"花蓮縣","光復鄉"
"其他","2020",4,13,21,"陰","夜間(或隧道、地下道、涵洞)有照明",50,"直路","路肩、路緣","柏油","乾燥","良好","無號誌","無","未繪設快慢車道分隔線","有",16,"不明",121.424791,23.663703,"花蓮縣","光復鄉"
"穿越道路中","2020",4,14,0,"晴","夜間(或隧道、地下道、涵洞)有照明",70,"直路","一般車道(未劃分快慢車道)","柏油","乾燥","良好","無號誌","中央分向島","快慢車道分隔線","有",52,"不明",120.616098,24.064966,"彰化縣","彰化市"
"穿越道路中","2020",4,14,0,"晴","夜間(或隧道、地下道、涵洞)有照明",70,"直路","一般車道(未劃分快慢車道)","柏油","乾燥","良好","無號誌","中央分向島","快慢車道分隔線","有",49,"非汽(機)車駕駛人",120.616098,24.064966,"彰化縣","彰化市"
"其他","2020",4,14,4,"晴","夜間(或隧道、地下道、涵洞)無照明",110,"直路","快車道","柏油","乾燥","不良","無號誌","中央分向島","未繪設快慢車道分隔線","有",23,"不明",120.673558,24.411309,"苗栗縣","苑裡鎮"
"其他","2020",4,14,4,"晴","夜間(或隧道、地下道、涵洞)無照明",110,"直路","快車道","柏油","乾燥","不良","無號誌","中央分向島","未繪設快慢車道分隔線","有",26,"未使用",120.673558,24.411309,"苗栗縣","苑裡鎮"