"事故類型及型態子類別名稱","發生年度","發生月份","發生日期","發生時間","天候名稱","光線名稱","速限.第1當事者","道路型態子類別名稱","事故位置子類別名稱","路面狀況.路面鋪裝名稱","路面狀況.路面狀態名稱","道路障礙.視距品質名稱","號誌.號誌動作名稱","車道劃分設施.分向設施大類別名稱","車道劃分設施.分道設施.快慢車道間名稱","車道劃分設施.分道設施.路面邊線名稱","當事者事故發生時年齡","行動電話或電腦或其他相類功能裝置名稱","經度","緯度","縣市","鄉鎮"
"其他","2020",4,14,4,"晴","夜間(或隧道、地下道、涵洞)無照明",110,"直路","快車道","柏油","乾燥","不良","無號誌","中央分向島","未繪設快慢車道分隔線","有",52,"未使用",120.673558,24.411309,"苗栗縣","苑裡鎮"
"其他","2020",4,14,4,"晴","夜間(或隧道、地下道、涵洞)無照明",110,"直路","快車道","柏油","乾燥","不良","無號誌","中央分向島","未繪設快慢車道分隔線","有",55,"未使用",120.673558,24.411309,"苗栗縣","苑裡鎮"
"其他","2020",4,14,4,"晴","夜間(或隧道、地下道、涵洞)無照明",110,"直路","快車道","柏油","乾燥","不良","無號誌","中央分向島","未繪設快慢車道分隔線","有",50,"未使用",120.673558,24.411309,"苗栗縣","苑裡鎮"
"其他","2020",4,14,4,"晴","夜間(或隧道、地下道、涵洞)無照明",110,"直路","快車道","柏油","乾燥","不良","無號誌","中央分向島","未繪設快慢車道分隔線","有",56,"未使用",120.673558,24.411309,"苗栗縣","苑裡鎮"
"路口交岔撞","2020",4,14,5,"晴","夜間(或隧道、地下道、涵洞)有照明",50,"四岔路","交叉路口內","柏油","乾燥","良好","正常","無","未繪設快慢車道分隔線","無",46,"不明",120.441033,23.717279,"雲林縣","虎尾鎮"
"路口交岔撞","2020",4,14,5,"晴","夜間(或隧道、地下道、涵洞)有照明",50,"四岔路","交叉路口內","柏油","乾燥","良好","正常","無","未繪設快慢車道分隔線","無",20,"不明",120.441033,23.717279,"雲林縣","虎尾鎮"
"撞路樹、電桿","2020",4,15,4,"晴","夜間(或隧道、地下道、涵洞)有照明",70,"直路","路肩、路緣","柏油","乾燥","良好","無號誌","中央分向島","快慢車道分隔線","有",20,"未使用",120.552898,22.625456,"屏東縣","內埔鄉"
"側撞","2020",4,15,8,"晴","日間自然光線",60,"四岔路","交叉路口內","柏油","乾燥","良好","正常","中央分向島","快慢車道分隔線","有",49,"不明",120.48772,23.684656,"雲林縣","斗南鎮"
"側撞","2020",4,15,8,"晴","日間自然光線",60,"四岔路","交叉路口內","柏油","乾燥","良好","正常","中央分向島","快慢車道分隔線","有",76,"未使用",120.48772,23.684656,"雲林縣","斗南鎮"
"側撞","2020",4,15,8,"晴","日間自然光線",60,"四岔路","交叉路口內","柏油","乾燥","良好","正常","中央分向島","快慢車道分隔線","有",75,"未使用",120.48772,23.684656,"雲林縣","斗南鎮"
"側撞","2020",4,15,8,"晴","日間自然光線",50,"三岔路","一般車道(未劃分快慢車道)","柏油","乾燥","良好","無號誌","雙向禁止超車線","未繪設快慢車道分隔線","有",83,"未使用",120.415548,23.355426,"臺南市","白河區"
"側撞","2020",4,15,8,"晴","日間自然光線",50,"三岔路","一般車道(未劃分快慢車道)","柏油","乾燥","良好","無號誌","雙向禁止超車線","未繪設快慢車道分隔線","有",36,"未使用",120.415548,23.355426,"臺南市","白河區"
"側撞","2020",4,15,8,"晴","日間自然光線",50,"三岔路","一般車道(未劃分快慢車道)","柏油","乾燥","良好","無號誌","雙向禁止超車線","未繪設快慢車道分隔線","有",19,"非汽(機)車駕駛人",120.415548,23.355426,"臺南市","白河區"
"路口交岔撞","2020",4,15,9,"晴","日間自然光線",30,"四岔路","交叉路口內","柏油","乾燥","良好","正常","無","未繪設快慢車道分隔線","無",64,"未使用",120.462196,24.136254,"彰化縣","線西鄉"
"路口交岔撞","2020",4,15,9,"晴","日間自然光線",30,"四岔路","交叉路口內","柏油","乾燥","良好","正常","無","未繪設快慢車道分隔線","無",48,"未使用",120.462196,24.136254,"彰化縣","線西鄉"
"側撞","2020",4,15,9,"晴","日間自然光線",50,"直路","一般車道(未劃分快慢車道)","柏油","乾燥","良好","無號誌","雙向禁止超車線","未繪設快慢車道分隔線","有",80,"非汽(機)車駕駛人",120.412738,24.028458,"彰化縣","福興鄉"
"側撞","2020",4,15,9,"晴","日間自然光線",50,"直路","一般車道(未劃分快慢車道)","柏油","乾燥","良好","無號誌","雙向禁止超車線","未繪設快慢車道分隔線","有",25,"未使用",120.412738,24.028458,"彰化縣","福興鄉"
"對撞","2020",4,15,11,"晴","日間自然光線",50,"彎曲路及附近","一般車道(未劃分快慢車道)","柏油","乾燥","良好","無號誌","雙向禁止超車線","未繪設快慢車道分隔線","有",38,"未使用",121.133707,22.807627,"臺東縣","卑南鄉"
"對撞","2020",4,15,11,"晴","日間自然光線",50,"彎曲路及附近","一般車道(未劃分快慢車道)","柏油","乾燥","良好","無號誌","雙向禁止超車線","未繪設快慢車道分隔線","有",30,"未使用",121.133707,22.807627,"臺東縣","卑南鄉"
"同向擦撞","2020",4,15,17,"晴","日間自然光線",50,"直路","一般車道(未劃分快慢車道)","柏油","乾燥","良好","無號誌","雙向禁止超車線","未繪設快慢車道分隔線","有",67,"未使用",120.622887,24.341802,"臺中市","大甲區"
"同向擦撞","2020",4,15,17,"晴","日間自然光線",50,"直路","一般車道(未劃分快慢車道)","柏油","乾燥","良好","無號誌","雙向禁止超車線","未繪設快慢車道分隔線","有",59,"未使用",120.622887,24.341802,"臺中市","大甲區"
"佇立路邊(外)","2020",4,16,10,"晴","日間自然光線",60,"直路","一般車道(未劃分快慢車道)","柏油","乾燥","良好","正常","中央分向島","未繪設快慢車道分隔線","有",72,"未使用",120.707817,23.774139,"南投縣","竹山鎮"
"佇立路邊(外)","2020",4,16,10,"晴","日間自然光線",60,"直路","一般車道(未劃分快慢車道)","柏油","乾燥","良好","正常","中央分向島","未繪設快慢車道分隔線","有",67,"非汽(機)車駕駛人",120.707817,23.774139,"南投縣","竹山鎮"
"佇立路邊(外)","2020",4,16,10,"晴","日間自然光線",60,"直路","一般車道(未劃分快慢車道)","柏油","乾燥","良好","正常","中央分向島","未繪設快慢車道分隔線","有",39,"未使用",120.707817,23.774139,"南投縣","竹山鎮"
"佇立路邊(外)","2020",4,16,10,"晴","日間自然光線",60,"直路","一般車道(未劃分快慢車道)","柏油","乾燥","良好","正常","中央分向島","未繪設快慢車道分隔線","有",41,"未使用",120.707817,23.774139,"南投縣","竹山鎮"
"追撞","2020",4,16,16,"晴","日間自然光線",50,"直路","一般車道(未劃分快慢車道)","柏油","乾燥","良好","正常","行車分向線","未繪設快慢車道分隔線","無",66,"未使用",120.963765,24.807062,"新竹市","北區"
"追撞","2020",4,16,16,"晴","日間自然光線",50,"直路","一般車道(未劃分快慢車道)","柏油","乾燥","良好","正常","行車分向線","未繪設快慢車道分隔線","無",67,"未使用",120.963765,24.807062,"新竹市","北區"
"追撞","2020",4,16,16,"晴","日間自然光線",50,"直路","一般車道(未劃分快慢車道)","柏油","乾燥","良好","正常","行車分向線","未繪設快慢車道分隔線","無",31,"未使用",120.963765,24.807062,"新竹市","北區"
"衝出路外","2020",4,16,16,"晴","日間自然光線",50,"直路","一般車道(未劃分快慢車道)","柏油","乾燥","良好","無號誌","無","未繪設快慢車道分隔線","有",79,"未使用",120.988184,24.836344,"新竹縣","竹北市"
"路上翻車、摔倒","2020",4,17,6,"晴","日間自然光線",40,"彎曲路及附近","路肩、路緣","柏油","乾燥","不良","無號誌","雙向禁止超車線","未繪設快慢車道分隔線","有",67,"未使用",121.374901,24.698782,"桃園市","復興區"
"路上翻車、摔倒","2020",4,17,6,"晴","日間自然光線",40,"彎曲路及附近","路肩、路緣","柏油","乾燥","不良","無號誌","雙向禁止超車線","未繪設快慢車道分隔線","有",41,"未使用",121.374901,24.698782,"桃園市","復興區"
"撞路樹、電桿","2020",4,17,8,"晴","夜間(或隧道、地下道、涵洞)有照明",50,"直路","一般車道(未劃分快慢車道)","柏油","乾燥","良好","無號誌","行車分向線","未繪設快慢車道分隔線","有",72,"未使用",120.652897,24.455207,"苗栗縣","苑裡鎮"
"側撞","2020",4,17,18,"晴","夜間(或隧道、地下道、涵洞)有照明",50,"三岔路","交叉口附近","柏油","乾燥","良好","無號誌","行車分向線","未繪設快慢車道分隔線","有",18,"未使用",120.58631,22.561298,"屏東縣","萬巒鄉"
"側撞","2020",4,17,18,"晴","夜間(或隧道、地下道、涵洞)有照明",50,"三岔路","交叉口附近","柏油","乾燥","良好","無號誌","行車分向線","未繪設快慢車道分隔線","有",61,"未使用",120.58631,22.561298,"屏東縣","萬巒鄉"
"側撞","2020",4,17,18,"晴","夜間(或隧道、地下道、涵洞)有照明",50,"三岔路","交叉口附近","柏油","乾燥","良好","無號誌","行車分向線","未繪設快慢車道分隔線","有",19,"非汽(機)車駕駛人",120.58631,22.561298,"屏東縣","萬巒鄉"
"路口交岔撞","2020",4,17,20,"晴","夜間(或隧道、地下道、涵洞)有照明",50,"四岔路","交叉路口內","柏油","乾燥","良好","正常","無","未繪設快慢車道分隔線","無",42,"不明",120.30761,22.877847,"高雄市","阿蓮區"
"路口交岔撞","2020",4,17,20,"晴","夜間(或隧道、地下道、涵洞)有照明",50,"四岔路","交叉路口內","柏油","乾燥","良好","正常","無","未繪設快慢車道分隔線","無",58,"未使用",120.30761,22.877847,"高雄市","阿蓮區"
"穿越道路中","2020",4,17,20,"陰","日間自然光線",50,"三岔路","交叉路口內","柏油","乾燥","良好","無號誌","中央分向島","未繪設快慢車道分隔線","有",26,"未使用",121.21206,25.031997,"桃園市","大園區"
"穿越道路中","2020",4,17,20,"陰","日間自然光線",50,"三岔路","交叉路口內","柏油","乾燥","良好","無號誌","中央分向島","未繪設快慢車道分隔線","有",73,"非汽(機)車駕駛人",121.21206,25.031997,"桃園市","大園區"
"路口交岔撞","2020",4,17,21,"晴","夜間(或隧道、地下道、涵洞)有照明",50,"四岔路","交叉路口內","柏油","乾燥","良好","無號誌","無","未繪設快慢車道分隔線","無",42,"未使用",120.673298,24.188574,"臺中市","北屯區"
"路口交岔撞","2020",4,17,21,"晴","夜間(或隧道、地下道、涵洞)有照明",50,"四岔路","交叉路口內","柏油","乾燥","良好","無號誌","無","未繪設快慢車道分隔線","無",47,"未使用",120.673298,24.188574,"臺中市","北屯區"
"側撞","2020",4,17,23,"晴","夜間(或隧道、地下道、涵洞)有照明",50,"多岔路","交叉路口內","柏油","乾燥","良好","正常","無","未繪設快慢車道分隔線","無",20,"不明",120.31269,22.78994,"高雄市","岡山區"
"側撞","2020",4,17,23,"晴","夜間(或隧道、地下道、涵洞)有照明",50,"多岔路","交叉路口內","柏油","乾燥","良好","正常","無","未繪設快慢車道分隔線","無",22,"非汽(機)車駕駛人",120.31269,22.78994,"高雄市","岡山區"
"側撞","2020",4,17,23,"晴","夜間(或隧道、地下道、涵洞)有照明",50,"多岔路","交叉路口內","柏油","乾燥","良好","正常","無","未繪設快慢車道分隔線","無",24,"未使用",120.31269,22.78994,"高雄市","岡山區"
"側撞","2020",4,18,10,"晴","日間自然光線",50,"三岔路","交叉路口內","柏油","乾燥","良好","正常","無","未繪設快慢車道分隔線","無",77,"未使用",120.680038,24.131724,"臺中市","南區"
"側撞","2020",4,18,10,"晴","日間自然光線",50,"三岔路","交叉路口內","柏油","乾燥","良好","正常","無","未繪設快慢車道分隔線","無",68,"未使用",120.680038,24.131724,"臺中市","南區"
"側撞","2020",4,18,16,"晴","日間自然光線",40,"四岔路","交叉路口內","柏油","乾燥","良好","正常","行車分向線","快慢車道分隔線","無",33,"未使用",120.302915,22.727338,"高雄市","楠梓區"
"側撞","2020",4,18,16,"晴","日間自然光線",40,"四岔路","交叉路口內","柏油","乾燥","良好","正常","行車分向線","快慢車道分隔線","無",20,"未使用",120.302915,22.727338,"高雄市","楠梓區"
"側撞","2020",4,18,16,"晴","日間自然光線",40,"四岔路","交叉路口內","柏油","乾燥","良好","正常","行車分向線","快慢車道分隔線","無",30,"未使用",120.302915,22.727338,"高雄市","楠梓區"
"撞橋樑、建築物","2020",4,19,7,"晴","日間自然光線",50,"直路","一般車道(未劃分快慢車道)","柏油","乾燥","良好","無號誌","雙向禁止超車線","未繪設快慢車道分隔線","有",78,"不明",120.427595,23.846672,"彰化縣","竹塘鄉"
"路口交岔撞","2020",4,19,16,"晴","日間自然光線",40,"四岔路","交叉路口內","柏油","乾燥","良好","無號誌","雙向禁止超車線","未繪設快慢車道分隔線","無",30,"不明",120.282367,23.198933,"臺南市","麻豆區"
"路口交岔撞","2020",4,19,16,"晴","日間自然光線",40,"四岔路","交叉路口內","柏油","乾燥","良好","無號誌","雙向禁止超車線","未繪設快慢車道分隔線","無",66,"未使用",120.282367,23.198933,"臺南市","麻豆區"
"側撞","2020",4,19,16,"晴","日間自然光線",50,"四岔路","交叉路口內","柏油","乾燥","良好","無號誌","雙向禁止超車線","快慢車道分隔線","無",48,"未使用",120.1928,22.87226,"高雄市","茄萣區"
"側撞","2020",4,19,16,"晴","日間自然光線",50,"四岔路","交叉路口內","柏油","乾燥","良好","無號誌","雙向禁止超車線","快慢車道分隔線","無",71,"未使用",120.1928,22.87226,"高雄市","茄萣區"
"路口交岔撞","2020",4,20,0,"晴","夜間(或隧道、地下道、涵洞)有照明",40,"四岔路","一般車道(未劃分快慢車道)","柏油","乾燥","良好","正常","雙向禁止超車線","快慢車道分隔線","有",19,"非汽(機)車駕駛人",121.782641,24.772426,"宜蘭縣","壯圍鄉"
"路口交岔撞","2020",4,20,0,"晴","夜間(或隧道、地下道、涵洞)有照明",40,"四岔路","一般車道(未劃分快慢車道)","柏油","乾燥","良好","正常","雙向禁止超車線","快慢車道分隔線","有",27,"非汽(機)車駕駛人",121.782641,24.772426,"宜蘭縣","壯圍鄉"
"路口交岔撞","2020",4,20,0,"晴","夜間(或隧道、地下道、涵洞)有照明",40,"四岔路","一般車道(未劃分快慢車道)","柏油","乾燥","良好","正常","雙向禁止超車線","快慢車道分隔線","有",22,"未使用",121.782641,24.772426,"宜蘭縣","壯圍鄉"
"路口交岔撞","2020",4,20,0,"晴","夜間(或隧道、地下道、涵洞)有照明",40,"四岔路","一般車道(未劃分快慢車道)","柏油","乾燥","良好","正常","雙向禁止超車線","快慢車道分隔線","有",64,"未使用",121.782641,24.772426,"宜蘭縣","壯圍鄉"
"側撞","2020",4,20,13,"晴","日間自然光線",40,"彎曲路及附近","一般車道(未劃分快慢車道)","柏油","乾燥","良好","無號誌","無","未繪設快慢車道分隔線","有",33,"未使用",121.257209,23.162418,"花蓮縣","富里鄉"
"側撞","2020",4,20,13,"晴","日間自然光線",40,"彎曲路及附近","一般車道(未劃分快慢車道)","柏油","乾燥","良好","無號誌","無","未繪設快慢車道分隔線","有",56,"未使用",121.257209,23.162418,"花蓮縣","富里鄉"
"側撞","2020",4,20,14,"晴","日間自然光線",50,"四岔路","交叉路口內","柏油","乾燥","良好","正常","無","未繪設快慢車道分隔線","有",24,"未使用",120.448991,23.792002,"雲林縣","西螺鎮"
"側撞","2020",4,20,14,"晴","日間自然光線",50,"四岔路","交叉路口內","柏油","乾燥","良好","正常","無","未繪設快慢車道分隔線","有",32,"未使用",120.448991,23.792002,"雲林縣","西螺鎮"
"路上翻車、摔倒","2020",4,21,7,"晴","日間自然光線",30,"直路","一般車道(未劃分快慢車道)","柏油","乾燥","良好","無號誌","無","未繪設快慢車道分隔線","有",65,"未使用",120.36461,23.576517,"嘉義縣","新港鄉"
"對撞","2020",4,21,7,"晴","日間自然光線",30,"直路","一般車道(未劃分快慢車道)","柏油","乾燥","良好","無號誌","無","未繪設快慢車道分隔線","無",42,"未使用",120.566245,23.710749,"雲林縣","斗六市"
"對撞","2020",4,21,7,"晴","日間自然光線",30,"直路","一般車道(未劃分快慢車道)","柏油","乾燥","良好","無號誌","無","未繪設快慢車道分隔線","無",37,"未使用",120.566245,23.710749,"雲林縣","斗六市"
"側撞","2020",4,21,8,"晴","日間自然光線",50,"四岔路","交叉路口內","柏油","乾燥","良好","正常","無","未繪設快慢車道分隔線","無",47,"未使用",120.412348,23.345406,"臺南市","白河區"
"側撞","2020",4,21,8,"晴","日間自然光線",50,"四岔路","交叉路口內","柏油","乾燥","良好","正常","無","未繪設快慢車道分隔線","無",70,"未使用",120.412348,23.345406,"臺南市","白河區"
"側撞","2020",4,21,8,"晴","日間自然光線",50,"三岔路","交叉路口內","柏油","乾燥","良好","正常","無","未繪設快慢車道分隔線","無",43,"不明",120.535083,23.698677,"雲林縣","斗六市"
"側撞","2020",4,21,8,"晴","日間自然光線",50,"三岔路","交叉路口內","柏油","乾燥","良好","正常","無","未繪設快慢車道分隔線","無",56,"不明",120.535083,23.698677,"雲林縣","斗六市"
"側撞","2020",4,21,8,"晴","日間自然光線",50,"三岔路","交叉路口內","柏油","乾燥","良好","正常","無","未繪設快慢車道分隔線","無",47,"不明",120.535083,23.698677,"雲林縣","斗六市"
"對撞","2020",4,21,17,"晴","日間自然光線",50,"彎曲路及附近","慢車道","柏油","乾燥","良好","無號誌","雙向禁止超車線","快慢車道分隔線","無",44,"",120.330753,22.658832,"高雄市","三民區"
"對撞","2020",4,21,17,"晴","日間自然光線",50,"彎曲路及附近","慢車道","柏油","乾燥","良好","無號誌","雙向禁止超車線","快慢車道分隔線","無",23,"未使用",120.330753,22.658832,"高雄市","三民區"
"對撞","2020",4,21,17,"晴","日間自然光線",50,"彎曲路及附近","慢車道","柏油","乾燥","良好","無號誌","雙向禁止超車線","快慢車道分隔線","無",46,"未使用",120.330753,22.658832,"高雄市","三民區"
"穿越道路中","2020",4,21,20,"晴","夜間(或隧道、地下道、涵洞)有照明",50,"直路","一般車道(未劃分快慢車道)","柏油","乾燥","良好","無號誌","雙向禁止超車線","未繪設快慢車道分隔線","有",63,"不明",120.238475,23.45872,"嘉義縣","朴子市"
"穿越道路中","2020",4,21,20,"晴","夜間(或隧道、地下道、涵洞)有照明",50,"直路","一般車道(未劃分快慢車道)","柏油","乾燥","良好","無號誌","雙向禁止超車線","未繪設快慢車道分隔線","有",25,"未使用",120.238475,23.45872,"嘉義縣","朴子市"
"穿越道路中","2020",4,21,20,"晴","夜間(或隧道、地下道、涵洞)有照明",50,"直路","一般車道(未劃分快慢車道)","柏油","乾燥","良好","無號誌","雙向禁止超車線","未繪設快慢車道分隔線","有",51,"非汽(機)車駕駛人",120.238475,23.45872,"嘉義縣","朴子市"
"路上翻車、摔倒","2020",4,21,23,"晴","夜間(或隧道、地下道、涵洞)有照明",10,"直路","慢車道","柏油","乾燥","良好","無號誌","行車分向線","未繪設快慢車道分隔線","有",60,"非汽(機)車駕駛人",120.824451,24.274089,"臺中市","東勢區"
"其他","2020",4,22,9,"晴","日間自然光線",30,"直路","一般車道(未劃分快慢車道)","柏油","乾燥","良好","無號誌","無","未繪設快慢車道分隔線","有",30,"未使用",120.425919,23.885131,"彰化縣","二林鎮"
"其他","2020",4,22,9,"晴","日間自然光線",30,"直路","一般車道(未劃分快慢車道)","柏油","乾燥","良好","無號誌","無","未繪設快慢車道分隔線","有",89,"非汽(機)車駕駛人",120.425919,23.885131,"彰化縣","二林鎮"
"其他","2020",4,22,9,"晴","日間自然光線",30,"直路","一般車道(未劃分快慢車道)","柏油","乾燥","良好","無號誌","無","未繪設快慢車道分隔線","有",35,"非汽(機)車駕駛人",120.425919,23.885131,"彰化縣","二林鎮"
"側撞","2020",4,22,11,"晴","日間自然光線",70,"直路","快車道","柏油","乾燥","良好","無號誌","行車分向線","快慢車道分隔線","有",87,"不明",120.505065,23.859912,"彰化縣","溪州鄉"
"側撞","2020",4,22,11,"晴","日間自然光線",70,"直路","快車道","柏油","乾燥","良好","無號誌","行車分向線","快慢車道分隔線","有",53,"不明",120.505065,23.859912,"彰化縣","溪州鄉"
"追撞","2020",4,22,12,"晴","日間自然光線",40,"直路","慢車道","柏油","乾燥","良好","無號誌","行車分向線","快慢車道分隔線","有",54,"未使用",120.237131,22.837014,"高雄市","永安區"
"追撞","2020",4,22,12,"晴","日間自然光線",40,"直路","慢車道","柏油","乾燥","良好","無號誌","行車分向線","快慢車道分隔線","有",59,"未使用",120.237131,22.837014,"高雄市","永安區"
"側撞","2020",4,23,5,"雨","日間自然光線",50,"四岔路","交叉路口內","柏油","濕潤","良好","正常","無","未繪設快慢車道分隔線","有",47,"未使用",120.689857,23.760674,"南投縣","竹山鎮"
"側撞","2020",4,23,5,"雨","日間自然光線",50,"四岔路","交叉路口內","柏油","濕潤","良好","正常","無","未繪設快慢車道分隔線","有",51,"未使用",120.689857,23.760674,"南投縣","竹山鎮"
"撞路樹、電桿","2020",4,23,6,"雨","日間自然光線",60,"直路","一般車道(未劃分快慢車道)","柏油","濕潤","良好","無號誌","中央分向島","未繪設快慢車道分隔線","有",19,"未使用",120.90463,24.723079,"苗栗縣","竹南鎮"
"穿越道路中","2020",4,23,14,"陰","日間自然光線",50,"四岔路","交叉路口內","柏油","乾燥","良好","正常","無","未繪設快慢車道分隔線","無",44,"非汽(機)車駕駛人",121.224489,24.96504,"桃園市","中壢區"
"穿越道路中","2020",4,23,14,"陰","日間自然光線",50,"四岔路","交叉路口內","柏油","乾燥","良好","正常","無","未繪設快慢車道分隔線","無",43,"未使用",121.224489,24.96504,"桃園市","中壢區"
"穿越道路中","2020",4,23,20,"雨","夜間(或隧道、地下道、涵洞)有照明",50,"直路","一般車道(未劃分快慢車道)","柏油","濕潤","良好","無號誌","雙向禁止超車線","快慢車道分隔線","有",27,"不明",121.275415,24.9709,"桃園市","八德區"
"穿越道路中","2020",4,23,20,"雨","夜間(或隧道、地下道、涵洞)有照明",50,"直路","一般車道(未劃分快慢車道)","柏油","濕潤","良好","無號誌","雙向禁止超車線","快慢車道分隔線","有",21,"不明",121.275415,24.9709,"桃園市","八德區"
"穿越道路中","2020",4,23,20,"雨","夜間(或隧道、地下道、涵洞)有照明",50,"直路","一般車道(未劃分快慢車道)","柏油","濕潤","良好","無號誌","雙向禁止超車線","快慢車道分隔線","有",75,"非汽(機)車駕駛人",121.275415,24.9709,"桃園市","八德區"
"路上翻車、摔倒","2020",4,23,22,"雨","夜間(或隧道、地下道、涵洞)有照明",50,"彎曲路及附近","一般車道(未劃分快慢車道)","柏油","濕潤","良好","無號誌","雙向禁止超車線","未繪設快慢車道分隔線","有",64,"未使用",121.54745,24.865743,"新北市","烏來區"
"其他","2020",4,24,0,"雨","夜間(或隧道、地下道、涵洞)有照明",50,"坡路","一般車道(未劃分快慢車道)","柏油","濕潤","良好","無號誌","行車分向線","未繪設快慢車道分隔線","有",50,"不明",121.34658,25.066022,"桃園市","蘆竹區"
"其他","2020",4,24,0,"雨","夜間(或隧道、地下道、涵洞)有照明",50,"坡路","一般車道(未劃分快慢車道)","柏油","濕潤","良好","無號誌","行車分向線","未繪設快慢車道分隔線","有",61,"未使用",121.34658,25.066022,"桃園市","蘆竹區"
"側撞","2020",4,24,7,"晴","日間自然光線",50,"四岔路","交叉路口內","柏油","乾燥","良好","正常","中央分向島","未繪設快慢車道分隔線","有",89,"未使用",120.484715,22.680159,"屏東縣","屏東市"
"側撞","2020",4,24,7,"晴","日間自然光線",50,"四岔路","交叉路口內","柏油","乾燥","良好","正常","中央分向島","未繪設快慢車道分隔線","有",49,"未使用",120.484715,22.680159,"屏東縣","屏東市"
"側撞","2020",4,24,7,"晴","日間自然光線",50,"三岔路","交叉路口內","柏油","乾燥","良好","無號誌","無","未繪設快慢車道分隔線","無",82,"未使用",120.5823,22.86952,"高雄市","美濃區"
"側撞","2020",4,24,7,"晴","日間自然光線",50,"三岔路","交叉路口內","柏油","乾燥","良好","無號誌","無","未繪設快慢車道分隔線","無",41,"未使用",120.5823,22.86952,"高雄市","美濃區"
"撞路樹、電桿","2020",4,24,7,"雨","日間自然光線",40,"坡路","一般車道(未劃分快慢車道)","柏油","濕潤","良好","無號誌","雙向禁止超車線","未繪設快慢車道分隔線","有",61,"不明",120.560651,24.18389,"臺中市","龍井區"
"追撞","2020",4,24,12,"晴","日間自然光線",60,"直路","路肩、路緣","柏油","乾燥","良好","無號誌","中央分向島","快慢車道分隔線","有",61,"不明",120.919074,24.721407,"新竹市","香山區"
"追撞","2020",4,24,12,"晴","日間自然光線",60,"直路","路肩、路緣","柏油","乾燥","良好","無號誌","中央分向島","快慢車道分隔線","有",40,"不明",120.919074,24.721407,"新竹市","香山區"
"側撞","2020",4,24,20,"晴","夜間(或隧道、地下道、涵洞)有照明",50,"四岔路","交叉路口內","柏油","乾燥","良好","正常","中央分向島","快慢車道分隔線","無",23,"未使用",121.513199,25.097785,"臺北市","士林區"
"側撞","2020",4,24,20,"晴","夜間(或隧道、地下道、涵洞)有照明",50,"四岔路","交叉路口內","柏油","乾燥","良好","正常","中央分向島","快慢車道分隔線","無",51,"未使用",121.513199,25.097785,"臺北市","士林區"
"路口交岔撞","2020",4,25,13,"陰","日間自然光線",50,"四岔路","交叉路口內","柏油","乾燥","良好","正常","無","未繪設快慢車道分隔線","無",23,"不明",120.719755,24.239356,"臺中市","豐原區"
"路口交岔撞","2020",4,25,13,"陰","日間自然光線",50,"四岔路","交叉路口內","柏油","乾燥","良好","正常","無","未繪設快慢車道分隔線","無",72,"不明",120.719755,24.239356,"臺中市","豐原區"
"側撞","2020",4,25,16,"晴","日間自然光線",50,"直路","快車道","柏油","乾燥","良好","無號誌","雙向禁止超車線","快慢車道分隔線","無",73,"未使用",120.3602,22.58489,"高雄市","小港區"
"側撞","2020",4,25,16,"晴","日間自然光線",50,"直路","快車道","柏油","乾燥","良好","無號誌","雙向禁止超車線","快慢車道分隔線","無",46,"未使用",120.3602,22.58489,"高雄市","小港區"
"側撞","2020",4,25,18,"晴","夜間(或隧道、地下道、涵洞)有照明",50,"三岔路","交叉口附近","柏油","乾燥","不良","正常","中央分向島","快慢車道分隔線","有",45,"未使用",120.539716,22.562941,"屏東縣","潮州鎮"
"側撞","2020",4,25,18,"晴","夜間(或隧道、地下道、涵洞)有照明",50,"三岔路","交叉口附近","柏油","乾燥","不良","正常","中央分向島","快慢車道分隔線","有",26,"未使用",120.539716,22.562941,"屏東縣","潮州鎮"
"穿越道路中","2020",4,25,20,"晴","夜間(或隧道、地下道、涵洞)有照明",40,"直路","一般車道(未劃分快慢車道)","柏油","乾燥","良好","無號誌","行車分向線","快慢車道分隔線","有",23,"不明",121.292361,24.930392,"桃園市","八德區"
"穿越道路中","2020",4,25,20,"晴","夜間(或隧道、地下道、涵洞)有照明",40,"直路","一般車道(未劃分快慢車道)","柏油","乾燥","良好","無號誌","行車分向線","快慢車道分隔線","有",64,"不明",121.292361,24.930392,"桃園市","八德區"
"穿越道路中","2020",4,25,20,"晴","夜間(或隧道、地下道、涵洞)有照明",40,"直路","一般車道(未劃分快慢車道)","柏油","乾燥","良好","無號誌","行車分向線","快慢車道分隔線","有",28,"非汽(機)車駕駛人",121.292361,24.930392,"桃園市","八德區"
"穿越道路中","2020",4,25,20,"晴","夜間(或隧道、地下道、涵洞)有照明",40,"直路","一般車道(未劃分快慢車道)","柏油","乾燥","良好","無號誌","行車分向線","快慢車道分隔線","有",59,"非汽(機)車駕駛人",121.292361,24.930392,"桃園市","八德區"
"撞路樹、電桿","2020",4,26,10,"晴","日間自然光線",60,"直路","一般車道(未劃分快慢車道)","柏油","乾燥","良好","無號誌","行車分向線","未繪設快慢車道分隔線","有",78,"未使用",120.458088,24.009158,"彰化縣","埔鹽鄉"
"路口交岔撞","2020",4,26,13,"晴","日間自然光線",30,"四岔路","交叉路口內","柏油","乾燥","不良","無號誌","無","未繪設快慢車道分隔線","無",26,"未使用",120.384186,23.500972,"嘉義縣","太保市"