"事故類型及型態子類別名稱","發生年度","發生月份","發生日期","發生時間","天候名稱","光線名稱","速限.第1當事者","道路型態子類別名稱","事故位置子類別名稱","路面狀況.路面鋪裝名稱","路面狀況.路面狀態名稱","道路障礙.視距品質名稱","號誌.號誌動作名稱","車道劃分設施.分向設施大類別名稱","車道劃分設施.分道設施.快慢車道間名稱","車道劃分設施.分道設施.路面邊線名稱","當事者事故發生時年齡","行動電話或電腦或其他相類功能裝置名稱","經度","緯度","縣市","鄉鎮"
"路口交岔撞","2020",4,26,13,"晴","日間自然光線",30,"四岔路","交叉路口內","柏油","乾燥","不良","無號誌","無","未繪設快慢車道分隔線","無",18,"未使用",120.384186,23.500972,"嘉義縣","太保市"
"路口交岔撞","2020",4,26,13,"晴","日間自然光線",30,"四岔路","交叉路口內","柏油","乾燥","不良","無號誌","無","未繪設快慢車道分隔線","無",17,"未使用",120.384186,23.500972,"嘉義縣","太保市"
"路口交岔撞","2020",4,26,16,"晴","日間自然光線",50,"四岔路","交叉路口內","柏油","乾燥","良好","正常","無","未繪設快慢車道分隔線","無",68,"未使用",120.461098,23.482294,"嘉義市","東區"
"路口交岔撞","2020",4,26,16,"晴","日間自然光線",50,"四岔路","交叉路口內","柏油","乾燥","良好","正常","無","未繪設快慢車道分隔線","無",29,"未使用",120.461098,23.482294,"嘉義市","東區"
"對撞","2020",4,26,16,"晴","日間自然光線",50,"直路","一般車道(未劃分快慢車道)","柏油","乾燥","良好","無號誌","雙向禁止超車線","未繪設快慢車道分隔線","有",20,"未使用",121.409422,25.071407,"新北市","泰山區"
"對撞","2020",4,26,16,"晴","日間自然光線",50,"直路","一般車道(未劃分快慢車道)","柏油","乾燥","良好","無號誌","雙向禁止超車線","未繪設快慢車道分隔線","有",39,"未使用",121.409422,25.071407,"新北市","泰山區"
"對撞","2020",4,26,16,"晴","日間自然光線",50,"直路","一般車道(未劃分快慢車道)","柏油","乾燥","良好","無號誌","雙向禁止超車線","未繪設快慢車道分隔線","有",33,"未使用",121.409422,25.071407,"新北市","泰山區"
"撞路樹、電桿","2020",4,26,20,"晴","夜間(或隧道、地下道、涵洞)有照明",50,"彎曲路及附近","路肩、路緣","柏油","乾燥","良好","無號誌","行車分向線","未繪設快慢車道分隔線","有",32,"未使用",120.995301,23.972249,"南投縣","埔里鎮"
"撞路樹、電桿","2020",4,26,21,"晴","夜間(或隧道、地下道、涵洞)有照明",50,"橋樑","路肩、路緣","柏油","乾燥","良好","無號誌","中央分向島","快慢車道分隔線","有",109,"",120.243256,22.799188,"高雄市","永安區"
"撞路樹、電桿","2020",4,26,21,"晴","夜間(或隧道、地下道、涵洞)有照明",50,"橋樑","路肩、路緣","柏油","乾燥","良好","無號誌","中央分向島","快慢車道分隔線","有",26,"未使用",120.243256,22.799188,"高雄市","永安區"
"撞路樹、電桿","2020",4,26,21,"晴","夜間(或隧道、地下道、涵洞)有照明",50,"橋樑","路肩、路緣","柏油","乾燥","良好","無號誌","中央分向島","快慢車道分隔線","有",51,"非汽(機)車駕駛人",120.243256,22.799188,"高雄市","永安區"
"撞護欄(樁)","2020",4,27,7,"晴","日間自然光線",50,"三岔路","交叉口附近","柏油","乾燥","良好","無號誌","無","未繪設快慢車道分隔線","無",19,"未使用",120.157265,23.10016,"臺南市","七股區"
"其他","2020",4,27,8,"晴","日間自然光線",30,"四岔路","交叉路口內","柏油","濕潤","良好","無號誌","無","未繪設快慢車道分隔線","無",46,"未使用",120.63952,24.21474,"臺中市","大雅區"
"其他","2020",4,27,8,"晴","日間自然光線",30,"四岔路","交叉路口內","柏油","濕潤","良好","無號誌","無","未繪設快慢車道分隔線","無",55,"未使用",120.63952,24.21474,"臺中市","大雅區"
"側撞","2020",4,28,8,"晴","日間自然光線",50,"四岔路","交叉路口內","柏油","乾燥","良好","無號誌","雙向禁止超車線","快慢車道分隔線","有",34,"未使用",120.508045,22.661789,"屏東縣","屏東市"
"側撞","2020",4,28,8,"晴","日間自然光線",50,"四岔路","交叉路口內","柏油","乾燥","良好","無號誌","雙向禁止超車線","快慢車道分隔線","有",81,"未使用",120.508045,22.661789,"屏東縣","屏東市"
"同向擦撞","2020",4,28,9,"晴","日間自然光線",50,"直路","快車道","柏油","乾燥","良好","無號誌","中央分向島","快慢車道分隔線","有",72,"未使用",120.198181,23.000559,"臺南市","西區"
"同向擦撞","2020",4,28,9,"晴","日間自然光線",50,"直路","快車道","柏油","乾燥","良好","無號誌","中央分向島","快慢車道分隔線","有",27,"未使用",120.198181,23.000559,"臺南市","西區"
"追撞","2020",4,28,12,"晴","日間自然光線",50,"直路","一般車道(未劃分快慢車道)","柏油","乾燥","良好","正常","雙向禁止超車線","快慢車道分隔線","無",54,"未使用",121.515481,24.997463,"新北市","永和區"
"追撞","2020",4,28,12,"晴","日間自然光線",50,"直路","一般車道(未劃分快慢車道)","柏油","乾燥","良好","正常","雙向禁止超車線","快慢車道分隔線","無",60,"未使用",121.515481,24.997463,"新北市","永和區"
"其他","2020",4,28,13,"晴","日間自然光線",60,"直路","一般車道(未劃分快慢車道)","柏油","乾燥","良好","無號誌","雙向禁止超車線","未繪設快慢車道分隔線","有",46,"不明",120.303832,23.59918,"雲林縣","北港鎮"
"其他","2020",4,28,13,"晴","日間自然光線",60,"直路","一般車道(未劃分快慢車道)","柏油","乾燥","良好","無號誌","雙向禁止超車線","未繪設快慢車道分隔線","有",74,"不明",120.303832,23.59918,"雲林縣","北港鎮"
"路口交岔撞","2020",4,28,18,"晴","晨或暮光",30,"四岔路","交叉路口內","柏油","乾燥","良好","無號誌","無","未繪設快慢車道分隔線","無",41,"未使用",120.539293,24.145165,"臺中市","大肚區"
"路口交岔撞","2020",4,28,18,"晴","晨或暮光",30,"四岔路","交叉路口內","柏油","乾燥","良好","無號誌","無","未繪設快慢車道分隔線","無",47,"未使用",120.539293,24.145165,"臺中市","大肚區"
"其他","2020",4,28,19,"晴","夜間(或隧道、地下道、涵洞)無照明",40,"直路","一般車道(未劃分快慢車道)","柏油","乾燥","良好","無號誌","無","未繪設快慢車道分隔線","有",44,"不明",120.99759,24.918368,"新竹縣","新豐鄉"
"其他","2020",4,28,19,"晴","夜間(或隧道、地下道、涵洞)無照明",40,"直路","一般車道(未劃分快慢車道)","柏油","乾燥","良好","無號誌","無","未繪設快慢車道分隔線","有",28,"未使用",120.99759,24.918368,"新竹縣","新豐鄉"
"撞護欄(樁)","2020",4,29,0,"晴","夜間(或隧道、地下道、涵洞)無照明",110,"直路","快車道","柏油","乾燥","良好","無號誌","中央分向島","未繪設快慢車道分隔線","有",42,"未使用",121.199764,24.845836,"桃園市","龍潭區"
"撞護欄(樁)","2020",4,29,0,"晴","夜間(或隧道、地下道、涵洞)無照明",110,"直路","快車道","柏油","乾燥","良好","無號誌","中央分向島","未繪設快慢車道分隔線","有",34,"非汽(機)車駕駛人",121.199764,24.845836,"桃園市","龍潭區"
"撞護欄(樁)","2020",4,29,0,"晴","夜間(或隧道、地下道、涵洞)無照明",110,"直路","快車道","柏油","乾燥","良好","無號誌","中央分向島","未繪設快慢車道分隔線","有",59,"未使用",121.199764,24.845836,"桃園市","龍潭區"
"撞護欄(樁)","2020",4,29,0,"晴","夜間(或隧道、地下道、涵洞)無照明",110,"直路","快車道","柏油","乾燥","良好","無號誌","中央分向島","未繪設快慢車道分隔線","有",44,"未使用",121.199764,24.845836,"桃園市","龍潭區"
"撞護欄(樁)","2020",4,29,0,"晴","夜間(或隧道、地下道、涵洞)無照明",110,"直路","快車道","柏油","乾燥","良好","無號誌","中央分向島","未繪設快慢車道分隔線","有",35,"未使用",121.199764,24.845836,"桃園市","龍潭區"
"追撞","2020",4,29,4,"晴","夜間(或隧道、地下道、涵洞)有照明",40,"多岔路","交叉口附近","柏油","乾燥","良好","正常","中央分向島","快慢車道分隔線","有",61,"未使用",120.497611,22.654778,"屏東縣","屏東市"
"追撞","2020",4,29,4,"晴","夜間(或隧道、地下道、涵洞)有照明",40,"多岔路","交叉口附近","柏油","乾燥","良好","正常","中央分向島","快慢車道分隔線","有",74,"未使用",120.497611,22.654778,"屏東縣","屏東市"
"追撞","2020",4,29,6,"晴","日間自然光線",30,"直路","一般車道(未劃分快慢車道)","柏油","乾燥","良好","無號誌","無","未繪設快慢車道分隔線","有",44,"未使用",120.418057,23.972238,"彰化縣","二林鎮"
"追撞","2020",4,29,6,"晴","日間自然光線",30,"直路","一般車道(未劃分快慢車道)","柏油","乾燥","良好","無號誌","無","未繪設快慢車道分隔線","有",78,"未使用",120.418057,23.972238,"彰化縣","二林鎮"
"同向擦撞","2020",4,29,6,"晴","日間自然光線",70,"直路","一般車道(未劃分快慢車道)","柏油","乾燥","良好","無號誌","中央分向島","未繪設快慢車道分隔線","有",23,"未使用",121.465383,25.034042,"新北市","板橋區"
"同向擦撞","2020",4,29,6,"晴","日間自然光線",70,"直路","一般車道(未劃分快慢車道)","柏油","乾燥","良好","無號誌","中央分向島","未繪設快慢車道分隔線","有",68,"未使用",121.465383,25.034042,"新北市","板橋區"
"正越過平交道中","2020",4,29,17,"晴","晨或暮光",15,"有遮斷器","其他","其他鋪裝","乾燥","不良","正常","無","未繪設快慢車道分隔線","無",53,"未使用",120.211903,22.991507,"臺南市","東區"
"正越過平交道中","2020",4,29,17,"晴","晨或暮光",15,"有遮斷器","其他","其他鋪裝","乾燥","不良","正常","無","未繪設快慢車道分隔線","無",88,"未使用",120.211903,22.991507,"臺南市","東區"
"側撞","2020",4,29,17,"晴","日間自然光線",50,"四岔路","交叉路口內","柏油","乾燥","良好","正常","雙向禁止超車線","未繪設快慢車道分隔線","有",24,"未使用",120.49453,22.669222,"屏東縣","屏東市"
"側撞","2020",4,29,17,"晴","日間自然光線",50,"四岔路","交叉路口內","柏油","乾燥","良好","正常","雙向禁止超車線","未繪設快慢車道分隔線","有",25,"未使用",120.49453,22.669222,"屏東縣","屏東市"
"衝進路中","2020",4,29,18,"晴","夜間(或隧道、地下道、涵洞)有照明",60,"多岔路","交叉口附近","柏油","乾燥","良好","正常","雙向禁止超車線","未繪設快慢車道分隔線","有",2,"未使用",120.867731,24.399263,"苗栗縣","大湖鄉"
"衝進路中","2020",4,29,18,"晴","夜間(或隧道、地下道、涵洞)有照明",60,"多岔路","交叉口附近","柏油","乾燥","良好","正常","雙向禁止超車線","未繪設快慢車道分隔線","有",23,"未使用",120.867731,24.399263,"苗栗縣","大湖鄉"
"路口交岔撞","2020",4,30,7,"晴","日間自然光線",30,"四岔路","交叉路口內","柏油","乾燥","良好","正常","無","未繪設快慢車道分隔線","有",19,"未使用",121.771186,24.652107,"宜蘭縣","冬山鄉"
"路口交岔撞","2020",4,30,7,"晴","日間自然光線",30,"四岔路","交叉路口內","柏油","乾燥","良好","正常","無","未繪設快慢車道分隔線","有",55,"未使用",121.771186,24.652107,"宜蘭縣","冬山鄉"
"路口交岔撞","2020",4,30,7,"晴","日間自然光線",30,"四岔路","交叉路口內","柏油","乾燥","良好","正常","無","未繪設快慢車道分隔線","有",61,"未使用",121.771186,24.652107,"宜蘭縣","冬山鄉"
"側撞","2020",4,30,15,"晴","日間自然光線",50,"四岔路","交叉路口內","柏油","乾燥","良好","正常","行車分向線","快慢車道分隔線","無",16,"未使用",120.365666,22.640531,"高雄市","鳳山區"
"側撞","2020",4,30,15,"晴","日間自然光線",50,"四岔路","交叉路口內","柏油","乾燥","良好","正常","行車分向線","快慢車道分隔線","無",50,"未使用",120.365666,22.640531,"高雄市","鳳山區"
"側撞","2020",4,30,17,"晴","日間自然光線",30,"四岔路","交叉路口內","柏油","乾燥","良好","無號誌","無","未繪設快慢車道分隔線","無",33,"不明",120.395778,23.529553,"嘉義縣","新港鄉"
"側撞","2020",4,30,17,"晴","日間自然光線",30,"四岔路","交叉路口內","柏油","乾燥","良好","無號誌","無","未繪設快慢車道分隔線","無",20,"不明",120.395778,23.529553,"嘉義縣","新港鄉"
"撞號誌、標誌桿","2020",4,30,21,"晴","夜間(或隧道、地下道、涵洞)有照明",50,"直路","其他","柏油","乾燥","良好","無號誌","中央分向島","寛式快慢車道分隔島(50公分以上)","無",18,"未使用",120.658491,24.127568,"臺中市","南區"
"穿越道路中","2020",5,1,0,"雨","夜間(或隧道、地下道、涵洞)有照明",50,"四岔路","交叉路口內","柏油","濕潤","良好","正常","無","未繪設快慢車道分隔線","無",45,"未使用",121.422664,23.669363,"花蓮縣","光復鄉"
"穿越道路中","2020",5,1,0,"雨","夜間(或隧道、地下道、涵洞)有照明",50,"四岔路","交叉路口內","柏油","濕潤","良好","正常","無","未繪設快慢車道分隔線","無",66,"非汽(機)車駕駛人",121.422664,23.669363,"花蓮縣","光復鄉"
"路口交岔撞","2020",5,1,16,"晴","日間自然光線",30,"四岔路","交叉路口內","柏油","乾燥","良好","無號誌","無","未繪設快慢車道分隔線","無",49,"不明",120.54353,24.229724,"臺中市","梧棲區"
"路口交岔撞","2020",5,1,16,"晴","日間自然光線",30,"四岔路","交叉路口內","柏油","乾燥","良好","無號誌","無","未繪設快慢車道分隔線","無",28,"不明",120.54353,24.229724,"臺中市","梧棲區"
"同向擦撞","2020",5,1,17,"晴","日間自然光線",50,"直路","一般車道(未劃分快慢車道)","柏油","乾燥","良好","無號誌","雙向禁止超車線","未繪設快慢車道分隔線","有",38,"未使用",121.46423,25.01152,"新北市","板橋區"
"同向擦撞","2020",5,1,17,"晴","日間自然光線",50,"直路","一般車道(未劃分快慢車道)","柏油","乾燥","良好","無號誌","雙向禁止超車線","未繪設快慢車道分隔線","有",70,"未使用",121.46423,25.01152,"新北市","板橋區"
"撞號誌、標誌桿","2020",5,2,19,"晴","夜間(或隧道、地下道、涵洞)有照明",70,"三岔路","交叉路口內","柏油","乾燥","良好","正常","無","未繪設快慢車道分隔線","無",61,"未使用",120.300835,23.050828,"臺南市","新化區"
"穿越道路中","2020",5,2,19,"晴","夜間(或隧道、地下道、涵洞)有照明",50,"直路","一般車道(未劃分快慢車道)","柏油","乾燥","良好","無號誌","雙向禁止超車線","未繪設快慢車道分隔線","有",39,"未使用",120.213221,23.197424,"臺南市","麻豆區"
"穿越道路中","2020",5,2,19,"晴","夜間(或隧道、地下道、涵洞)有照明",50,"直路","一般車道(未劃分快慢車道)","柏油","乾燥","良好","無號誌","雙向禁止超車線","未繪設快慢車道分隔線","有",59,"非汽(機)車駕駛人",120.213221,23.197424,"臺南市","麻豆區"
"追撞","2020",5,3,4,"晴","夜間(或隧道、地下道、涵洞)有照明",50,"三岔路","交叉路口內","柏油","乾燥","良好","無號誌","中央分向島","快慢車道分隔線","有",23,"不明",120.522253,23.88153,"彰化縣","北斗鎮"
"追撞","2020",5,3,4,"晴","夜間(或隧道、地下道、涵洞)有照明",50,"三岔路","交叉路口內","柏油","乾燥","良好","無號誌","中央分向島","快慢車道分隔線","有",84,"非汽(機)車駕駛人",120.522253,23.88153,"彰化縣","北斗鎮"
"穿越道路中","2020",5,3,8,"晴","日間自然光線",50,"四岔路","穿越道附近","柏油","乾燥","良好","正常","無","未繪設快慢車道分隔線","無",29,"未使用",121.217684,24.955267,"桃園市","中壢區"
"穿越道路中","2020",5,3,8,"晴","日間自然光線",50,"四岔路","穿越道附近","柏油","乾燥","良好","正常","無","未繪設快慢車道分隔線","無",65,"非汽(機)車駕駛人",121.217684,24.955267,"桃園市","中壢區"
"撞路樹、電桿","2020",5,3,13,"晴","日間自然光線",50,"直路","一般車道(未劃分快慢車道)","柏油","乾燥","良好","無號誌","行車分向線","未繪設快慢車道分隔線","無",60,"未使用",120.560894,22.69464,"屏東縣","長治鄉"
"撞路樹、電桿","2020",5,3,13,"晴","日間自然光線",50,"直路","一般車道(未劃分快慢車道)","柏油","乾燥","良好","無號誌","行車分向線","未繪設快慢車道分隔線","無",59,"非汽(機)車駕駛人",120.560894,22.69464,"屏東縣","長治鄉"
"撞路樹、電桿","2020",5,3,16,"晴","日間自然光線",60,"直路","路肩、路緣","柏油","乾燥","良好","無號誌","雙向禁止超車線","未繪設快慢車道分隔線","有",20,"未使用",120.678546,24.364503,"臺中市","大甲區"
"路上翻車、摔倒","2020",5,3,16,"晴","日間自然光線",40,"彎曲路及附近","一般車道(未劃分快慢車道)","柏油","乾燥","不良","無號誌","雙向禁止超車線","未繪設快慢車道分隔線","有",49,"未使用",120.542543,23.218539,"臺南市","西區"
"側撞","2020",5,3,16,"晴","日間自然光線",50,"四岔路","交叉口附近","柏油","乾燥","良好","正常","雙向禁止超車線","未繪設快慢車道分隔線","有",43,"未使用",120.444655,23.837391,"彰化縣","竹塘鄉"
"側撞","2020",5,3,16,"晴","日間自然光線",50,"四岔路","交叉口附近","柏油","乾燥","良好","正常","雙向禁止超車線","未繪設快慢車道分隔線","有",63,"未使用",120.444655,23.837391,"彰化縣","竹塘鄉"
"撞交通島","2020",5,3,19,"晴","夜間(或隧道、地下道、涵洞)有照明",40,"彎曲路及附近","路肩、路緣","柏油","乾燥","良好","無號誌","雙向禁止超車線","快慢車道分隔線","無",109,"",120.305793,22.70803,"高雄市","楠梓區"
"撞交通島","2020",5,3,19,"晴","夜間(或隧道、地下道、涵洞)有照明",40,"彎曲路及附近","路肩、路緣","柏油","乾燥","良好","無號誌","雙向禁止超車線","快慢車道分隔線","無",74,"未使用",120.305793,22.70803,"高雄市","楠梓區"
"同向擦撞","2020",5,3,20,"晴","夜間(或隧道、地下道、涵洞)有照明",50,"直路","一般車道(未劃分快慢車道)","柏油","乾燥","良好","無號誌","行車分向線","未繪設快慢車道分隔線","有",72,"不明",120.193248,23.118165,"臺南市","西港區"
"同向擦撞","2020",5,3,20,"晴","夜間(或隧道、地下道、涵洞)有照明",50,"直路","一般車道(未劃分快慢車道)","柏油","乾燥","良好","無號誌","行車分向線","未繪設快慢車道分隔線","有",49,"未使用",120.193248,23.118165,"臺南市","西港區"
"側撞","2020",5,3,21,"陰","夜間(或隧道、地下道、涵洞)有照明",50,"三岔路","交叉路口內","柏油","乾燥","良好","正常","中央分向島","快慢車道分隔線","有",34,"未使用",120.999533,24.872431,"新竹縣","新豐鄉"
"側撞","2020",5,3,21,"陰","夜間(或隧道、地下道、涵洞)有照明",50,"三岔路","交叉路口內","柏油","乾燥","良好","正常","中央分向島","快慢車道分隔線","有",19,"未使用",120.999533,24.872431,"新竹縣","新豐鄉"
"側撞","2020",5,3,21,"陰","夜間(或隧道、地下道、涵洞)有照明",50,"三岔路","交叉路口內","柏油","乾燥","良好","正常","中央分向島","快慢車道分隔線","有",19,"未使用",120.999533,24.872431,"新竹縣","新豐鄉"
"側撞","2020",5,3,21,"陰","夜間(或隧道、地下道、涵洞)有照明",50,"三岔路","交叉路口內","柏油","乾燥","良好","正常","中央分向島","快慢車道分隔線","有",58,"未使用",120.999533,24.872431,"新竹縣","新豐鄉"
"撞路樹、電桿","2020",5,3,23,"晴","夜間(或隧道、地下道、涵洞)有照明",50,"直路","一般車道(未劃分快慢車道)","柏油","乾燥","良好","無號誌","雙向禁止超車線","未繪設快慢車道分隔線","有",37,"未使用",120.172227,23.46839,"嘉義縣","東石鄉"
"其他","2020",5,4,3,"晴","夜間(或隧道、地下道、涵洞)無照明",100,"直路","路肩、路緣","柏油","乾燥","不良","無號誌","中央分向島","未繪設快慢車道分隔線","有",56,"不明",120.159994,23.272663,"臺南市","學甲區"
"其他","2020",5,4,3,"晴","夜間(或隧道、地下道、涵洞)無照明",100,"直路","路肩、路緣","柏油","乾燥","不良","無號誌","中央分向島","未繪設快慢車道分隔線","有",51,"未使用",120.159994,23.272663,"臺南市","學甲區"
"其他","2020",5,4,3,"晴","夜間(或隧道、地下道、涵洞)無照明",100,"直路","路肩、路緣","柏油","乾燥","不良","無號誌","中央分向島","未繪設快慢車道分隔線","有",53,"未使用",120.159994,23.272663,"臺南市","學甲區"
"對向通行中","2020",5,4,9,"晴","日間自然光線",50,"四岔路","交叉路口內","柏油","乾燥","良好","正常","雙向禁止超車線","未繪設快慢車道分隔線","無",34,"未使用",121.525705,25.066719,"臺北市","中山區"
"對向通行中","2020",5,4,9,"晴","日間自然光線",50,"四岔路","交叉路口內","柏油","乾燥","良好","正常","雙向禁止超車線","未繪設快慢車道分隔線","無",53,"非汽(機)車駕駛人",121.525705,25.066719,"臺北市","中山區"
"對向通行中","2020",5,4,9,"晴","日間自然光線",50,"四岔路","交叉路口內","柏油","乾燥","良好","正常","雙向禁止超車線","未繪設快慢車道分隔線","無",94,"非汽(機)車駕駛人",121.525705,25.066719,"臺北市","中山區"
"撞路樹、電桿","2020",5,4,13,"晴","日間自然光線",50,"直路","路肩、路緣","柏油","乾燥","良好","無號誌","行車分向線","未繪設快慢車道分隔線","有",39,"未使用",120.518371,23.838859,"彰化縣","溪州鄉"
"側撞","2020",5,4,18,"晴","晨或暮光",50,"四岔路","交叉口附近","柏油","乾燥","良好","正常","中央分向島","未繪設快慢車道分隔線","有",37,"未使用",121.433784,24.965382,"新北市","土城區"
"側撞","2020",5,4,18,"晴","晨或暮光",50,"四岔路","交叉口附近","柏油","乾燥","良好","正常","中央分向島","未繪設快慢車道分隔線","有",71,"未使用",121.433784,24.965382,"新北市","土城區"
"衝出路外","2020",5,4,18,"陰","晨或暮光",50,"四岔路","交叉口附近","柏油","乾燥","良好","正常","無","未繪設快慢車道分隔線","有",35,"未使用",120.53011,23.89353,"彰化縣","田尾鄉"
"衝出路外","2020",5,4,20,"晴","夜間(或隧道、地下道、涵洞)有照明",50,"直路","一般車道(未劃分快慢車道)","柏油","乾燥","良好","無號誌","雙向禁止超車線","未繪設快慢車道分隔線","無",59,"非汽(機)車駕駛人",120.408326,23.640085,"雲林縣","大埤鄉"
"穿越道路中","2020",5,5,4,"晴","晨或暮光",60,"三岔路","交叉路口內","柏油","乾燥","良好","無動作","中央分向島","未繪設快慢車道分隔線","有",44,"未使用",121.848642,24.887691,"宜蘭縣","頭城鎮"
"穿越道路中","2020",5,5,4,"晴","晨或暮光",60,"三岔路","交叉路口內","柏油","乾燥","良好","無動作","中央分向島","未繪設快慢車道分隔線","有",73,"非汽(機)車駕駛人",121.848642,24.887691,"宜蘭縣","頭城鎮"
"撞路樹、電桿","2020",5,5,17,"晴","日間自然光線",50,"三岔路","交叉路口內","柏油","乾燥","良好","無號誌","雙向禁止超車線","未繪設快慢車道分隔線","有",71,"不明",121.555295,25.121142,"臺北市","士林區"
"同向擦撞","2020",5,5,21,"晴","夜間(或隧道、地下道、涵洞)有照明",40,"直路","機車專用道","柏油","乾燥","良好","無號誌","雙向禁止超車線","未繪設快慢車道分隔線","無",41,"未使用",121.46982,25.036062,"新北市","板橋區"
"同向擦撞","2020",5,5,21,"晴","夜間(或隧道、地下道、涵洞)有照明",40,"直路","機車專用道","柏油","乾燥","良好","無號誌","雙向禁止超車線","未繪設快慢車道分隔線","無",56,"未使用",121.46982,25.036062,"新北市","板橋區"
"同向擦撞","2020",5,5,21,"晴","夜間(或隧道、地下道、涵洞)有照明",40,"直路","機車專用道","柏油","乾燥","良好","無號誌","雙向禁止超車線","未繪設快慢車道分隔線","無",67,"未使用",121.46982,25.036062,"新北市","板橋區"
"穿越道路中","2020",5,6,10,"晴","日間自然光線",50,"三岔路","交叉口附近","柏油","乾燥","良好","無號誌","雙向禁止超車線","快慢車道分隔線","有",38,"未使用",120.301648,23.559632,"嘉義縣","六腳鄉"
"穿越道路中","2020",5,6,10,"晴","日間自然光線",50,"三岔路","交叉口附近","柏油","乾燥","良好","無號誌","雙向禁止超車線","快慢車道分隔線","有",85,"非汽(機)車駕駛人",120.301648,23.559632,"嘉義縣","六腳鄉"
"追撞","2020",5,7,4,"雨","夜間(或隧道、地下道、涵洞)有照明",50,"直路","一般車道(未劃分快慢車道)","柏油","濕潤","不良","無號誌","行車分向線","未繪設快慢車道分隔線","有",23,"未使用",121.214813,24.863045,"桃園市","龍潭區"
"追撞","2020",5,7,4,"雨","夜間(或隧道、地下道、涵洞)有照明",50,"直路","一般車道(未劃分快慢車道)","柏油","濕潤","不良","無號誌","行車分向線","未繪設快慢車道分隔線","有",53,"未使用",121.214813,24.863045,"桃園市","龍潭區"
"側撞","2020",5,7,15,"晴","晨或暮光",30,"四岔路","交叉路口內","柏油","乾燥","不良","無號誌","無","未繪設快慢車道分隔線","有",78,"不明",120.5401,22.87476,"高雄市","美濃區"
"側撞","2020",5,7,15,"晴","晨或暮光",30,"四岔路","交叉路口內","柏油","乾燥","不良","無號誌","無","未繪設快慢車道分隔線","有",63,"未使用",120.5401,22.87476,"高雄市","美濃區"
"對撞","2020",5,7,16,"晴","日間自然光線",30,"彎曲路及附近","一般車道(未劃分快慢車道)","柏油","乾燥","不良","無號誌","雙向禁止超車線","未繪設快慢車道分隔線","有",42,"未使用",120.685424,23.460363,"嘉義縣","竹崎鄉"
"對撞","2020",5,7,16,"晴","日間自然光線",30,"彎曲路及附近","一般車道(未劃分快慢車道)","柏油","乾燥","不良","無號誌","雙向禁止超車線","未繪設快慢車道分隔線","有",41,"未使用",120.685424,23.460363,"嘉義縣","竹崎鄉"
"對撞","2020",5,7,17,"晴","日間自然光線",50,"四岔路","交叉路口內","柏油","乾燥","良好","無動作","雙向禁止超車線","未繪設快慢車道分隔線","有",48,"不明",120.451709,22.522108,"屏東縣","新園鄉"
"對撞","2020",5,7,17,"晴","日間自然光線",50,"四岔路","交叉路口內","柏油","乾燥","良好","無動作","雙向禁止超車線","未繪設快慢車道分隔線","有",60,"未使用",120.451709,22.522108,"屏東縣","新園鄉"
"對向擦撞","2020",5,8,0,"晴","夜間(或隧道、地下道、涵洞)有照明",70,"直路","快車道","柏油","乾燥","良好","無號誌","中央分向島","快慢車道分隔線","有",19,"未使用",120.605554,24.317934,"臺中市","清水區"
"對向擦撞","2020",5,8,0,"晴","夜間(或隧道、地下道、涵洞)有照明",70,"直路","快車道","柏油","乾燥","良好","無號誌","中央分向島","快慢車道分隔線","有",52,"未使用",120.605554,24.317934,"臺中市","清水區"
"對向擦撞","2020",5,8,0,"晴","夜間(或隧道、地下道、涵洞)有照明",70,"直路","快車道","柏油","乾燥","良好","無號誌","中央分向島","快慢車道分隔線","有",16,"非汽(機)車駕駛人",120.605554,24.317934,"臺中市","清水區"
"側撞","2020",5,8,7,"晴","日間自然光線",60,"四岔路","交叉路口內","柏油","乾燥","良好","正常","雙向禁止超車線","未繪設快慢車道分隔線","有",32,"未使用",120.448241,23.956372,"彰化縣","溪湖鎮"
"側撞","2020",5,8,7,"晴","日間自然光線",60,"四岔路","交叉路口內","柏油","乾燥","良好","正常","雙向禁止超車線","未繪設快慢車道分隔線","有",21,"未使用",120.448241,23.956372,"彰化縣","溪湖鎮"
"側撞","2020",5,8,8,"晴","日間自然光線",60,"三岔路","交叉路口內","柏油","乾燥","良好","正常","中央分向島","未繪設快慢車道分隔線","有",73,"未使用",120.502137,24.036996,"彰化縣","秀水鄉"
"側撞","2020",5,8,8,"晴","日間自然光線",60,"三岔路","交叉路口內","柏油","乾燥","良好","正常","中央分向島","未繪設快慢車道分隔線","有",24,"未使用",120.502137,24.036996,"彰化縣","秀水鄉"
"追撞","2020",5,8,10,"晴","日間自然光線",50,"三岔路","交叉路口內","柏油","乾燥","良好","正常","無","未繪設快慢車道分隔線","無",37,"未使用",120.697769,24.133168,"臺中市","東區"
"追撞","2020",5,8,10,"晴","日間自然光線",50,"三岔路","交叉路口內","柏油","乾燥","良好","正常","無","未繪設快慢車道分隔線","無",61,"非汽(機)車駕駛人",120.697769,24.133168,"臺中市","東區"
"追撞","2020",5,8,10,"晴","日間自然光線",50,"三岔路","交叉路口內","柏油","乾燥","良好","正常","無","未繪設快慢車道分隔線","無",65,"未使用",120.697769,24.133168,"臺中市","東區"