"事故類型及型態子類別名稱","發生年度","發生月份","發生日期","發生時間","天候名稱","光線名稱","速限.第1當事者","道路型態子類別名稱","事故位置子類別名稱","路面狀況.路面鋪裝名稱","路面狀況.路面狀態名稱","道路障礙.視距品質名稱","號誌.號誌動作名稱","車道劃分設施.分向設施大類別名稱","車道劃分設施.分道設施.快慢車道間名稱","車道劃分設施.分道設施.路面邊線名稱","當事者事故發生時年齡","行動電話或電腦或其他相類功能裝置名稱","經度","緯度","縣市","鄉鎮"
"追撞","2020",5,8,11,"晴","日間自然光線",50,"直路","慢車道","柏油","乾燥","良好","無號誌","雙向禁止超車線","快慢車道分隔線","有",78,"未使用",120.492749,22.773038,"屏東縣","里港鄉"
"追撞","2020",5,8,11,"晴","日間自然光線",50,"直路","慢車道","柏油","乾燥","良好","無號誌","雙向禁止超車線","快慢車道分隔線","有",44,"未使用",120.492749,22.773038,"屏東縣","里港鄉"
"側撞","2020",5,8,16,"晴","日間自然光線",50,"直路","一般車道(未劃分快慢車道)","柏油","乾燥","良好","無號誌","行車分向線","未繪設快慢車道分隔線","有",69,"未使用",121.099222,25.000221,"桃園市","觀音區"
"側撞","2020",5,8,16,"晴","日間自然光線",50,"直路","一般車道(未劃分快慢車道)","柏油","乾燥","良好","無號誌","行車分向線","未繪設快慢車道分隔線","有",39,"未使用",121.099222,25.000221,"桃園市","觀音區"
"側撞","2020",5,8,16,"晴","日間自然光線",40,"直路","慢車道","柏油","乾燥","良好","無號誌","中央分向島","快慢車道分隔線","無",33,"未使用",120.36654,22.590142,"高雄市","鳳山區"
"側撞","2020",5,8,16,"晴","日間自然光線",40,"直路","慢車道","柏油","乾燥","良好","無號誌","中央分向島","快慢車道分隔線","無",45,"未使用",120.36654,22.590142,"高雄市","鳳山區"
"側撞","2020",5,8,16,"晴","日間自然光線",40,"直路","慢車道","柏油","乾燥","良好","無號誌","中央分向島","快慢車道分隔線","無",37,"未使用",120.36654,22.590142,"高雄市","鳳山區"
"其他","2020",5,8,19,"晴","夜間(或隧道、地下道、涵洞)有照明",30,"三岔路","交叉路口內","柏油","乾燥","良好","無號誌","無","未繪設快慢車道分隔線","無",18,"不明",120.864803,24.670192,"苗栗縣","竹南鎮"
"其他","2020",5,8,19,"晴","夜間(或隧道、地下道、涵洞)有照明",30,"三岔路","交叉路口內","柏油","乾燥","良好","無號誌","無","未繪設快慢車道分隔線","無",48,"不明",120.864803,24.670192,"苗栗縣","竹南鎮"
"側撞","2020",5,8,19,"晴","夜間(或隧道、地下道、涵洞)有照明",60,"四岔路","交叉路口內","柏油","乾燥","良好","正常","無","未繪設快慢車道分隔線","有",25,"未使用",120.648754,24.44457,"苗栗縣","苑裡鎮"
"側撞","2020",5,8,19,"晴","夜間(或隧道、地下道、涵洞)有照明",60,"四岔路","交叉路口內","柏油","乾燥","良好","正常","無","未繪設快慢車道分隔線","有",25,"未使用",120.648754,24.44457,"苗栗縣","苑裡鎮"
"側撞","2020",5,8,19,"晴","夜間(或隧道、地下道、涵洞)有照明",60,"四岔路","交叉路口內","柏油","乾燥","良好","正常","無","未繪設快慢車道分隔線","有",20,"未使用",120.648754,24.44457,"苗栗縣","苑裡鎮"
"側撞","2020",5,8,19,"晴","夜間(或隧道、地下道、涵洞)有照明",60,"四岔路","交叉路口內","柏油","乾燥","良好","正常","無","未繪設快慢車道分隔線","有",19,"未使用",120.648754,24.44457,"苗栗縣","苑裡鎮"
"側撞","2020",5,8,19,"晴","夜間(或隧道、地下道、涵洞)有照明",60,"四岔路","交叉路口內","柏油","乾燥","良好","正常","無","未繪設快慢車道分隔線","有",23,"未使用",120.648754,24.44457,"苗栗縣","苑裡鎮"
"側撞","2020",5,8,19,"晴","夜間(或隧道、地下道、涵洞)有照明",60,"四岔路","交叉路口內","柏油","乾燥","良好","正常","無","未繪設快慢車道分隔線","有",35,"未使用",120.648754,24.44457,"苗栗縣","苑裡鎮"
"側撞","2020",5,8,19,"晴","夜間(或隧道、地下道、涵洞)有照明",60,"四岔路","交叉路口內","柏油","乾燥","良好","正常","無","未繪設快慢車道分隔線","有",30,"未使用",120.648754,24.44457,"苗栗縣","苑裡鎮"
"穿越道路中","2020",5,9,4,"晴","夜間(或隧道、地下道、涵洞)有照明",50,"直路","快車道","柏油","乾燥","良好","無號誌","中央分向島","快慢車道分隔線","有",23,"未使用",120.485641,22.646798,"屏東縣","屏東市"
"穿越道路中","2020",5,9,4,"晴","夜間(或隧道、地下道、涵洞)有照明",50,"直路","快車道","柏油","乾燥","良好","無號誌","中央分向島","快慢車道分隔線","有",22,"非汽(機)車駕駛人",120.485641,22.646798,"屏東縣","屏東市"
"側撞","2020",5,9,5,"晴","日間自然光線",50,"三岔路","交叉路口內","柏油","乾燥","良好","正常","無","未繪設快慢車道分隔線","無",36,"未使用",121.244385,24.967026,"桃園市","中壢區"
"側撞","2020",5,9,5,"晴","日間自然光線",50,"三岔路","交叉路口內","柏油","乾燥","良好","正常","無","未繪設快慢車道分隔線","無",68,"未使用",121.244385,24.967026,"桃園市","中壢區"
"其他","2020",5,9,5,"晴","日間自然光線",30,"直路","一般車道(未劃分快慢車道)","柏油","乾燥","良好","無號誌","無","未繪設快慢車道分隔線","有",62,"未使用",120.471268,22.464436,"屏東縣","東港鎮"
"其他","2020",5,9,5,"晴","日間自然光線",30,"直路","一般車道(未劃分快慢車道)","柏油","乾燥","良好","無號誌","無","未繪設快慢車道分隔線","有",79,"非汽(機)車駕駛人",120.471268,22.464436,"屏東縣","東港鎮"
"撞路樹、電桿","2020",5,9,14,"晴","日間自然光線",50,"直路","一般車道(未劃分快慢車道)","柏油","乾燥","良好","無號誌","雙向禁止超車線","未繪設快慢車道分隔線","有",38,"未使用",120.873182,23.881072,"南投縣","水里鄉"
"側撞","2020",5,9,15,"晴","日間自然光線",50,"多岔路","交叉路口內","柏油","乾燥","良好","正常","無","未繪設快慢車道分隔線","無",18,"未使用",120.693539,24.132951,"臺中市","東區"
"側撞","2020",5,9,15,"晴","日間自然光線",50,"多岔路","交叉路口內","柏油","乾燥","良好","正常","無","未繪設快慢車道分隔線","無",62,"未使用",120.693539,24.132951,"臺中市","東區"
"衝出路外","2020",5,9,16,"晴","日間自然光線",50,"三岔路","交叉口附近","柏油","乾燥","良好","正常","雙向禁止超車線","未繪設快慢車道分隔線","有",62,"未使用",119.613281,23.591432,"澎湖縣","湖西鄉"
"其他","2020",5,9,17,"晴","日間自然光線",40,"直路","慢車道","柏油","乾燥","良好","無號誌","雙向禁止超車線","快慢車道分隔線","無",52,"未使用",120.706878,24.137896,"臺中市","東區"
"其他","2020",5,9,17,"晴","日間自然光線",40,"直路","慢車道","柏油","乾燥","良好","無號誌","雙向禁止超車線","快慢車道分隔線","無",58,"未使用",120.706878,24.137896,"臺中市","東區"
"側撞","2020",5,9,18,"晴","日間自然光線",60,"三岔路","交叉口附近","柏油","乾燥","良好","無號誌","雙向禁止超車線","未繪設快慢車道分隔線","有",21,"未使用",121.944716,25.01589,"新北市","貢寮區"
"側撞","2020",5,9,18,"晴","日間自然光線",60,"三岔路","交叉口附近","柏油","乾燥","良好","無號誌","雙向禁止超車線","未繪設快慢車道分隔線","有",57,"未使用",121.944716,25.01589,"新北市","貢寮區"
"側撞","2020",5,9,18,"晴","日間自然光線",60,"三岔路","交叉口附近","柏油","乾燥","良好","無號誌","雙向禁止超車線","未繪設快慢車道分隔線","有",20,"未使用",121.944716,25.01589,"新北市","貢寮區"
"側撞","2020",5,9,18,"晴","日間自然光線",60,"三岔路","交叉口附近","柏油","乾燥","良好","無號誌","雙向禁止超車線","未繪設快慢車道分隔線","有",25,"未使用",121.944716,25.01589,"新北市","貢寮區"
"側撞","2020",5,10,1,"晴","夜間(或隧道、地下道、涵洞)有照明",50,"三岔路","交叉路口內","柏油","乾燥","良好","正常","中央分向島","未繪設快慢車道分隔線","有",44,"不明",121.483225,25.054263,"新北市","三重區"
"側撞","2020",5,10,1,"晴","夜間(或隧道、地下道、涵洞)有照明",50,"三岔路","交叉路口內","柏油","乾燥","良好","正常","中央分向島","未繪設快慢車道分隔線","有",20,"不明",121.483225,25.054263,"新北市","三重區"
"側撞","2020",5,10,1,"晴","夜間(或隧道、地下道、涵洞)有照明",50,"三岔路","交叉路口內","柏油","乾燥","良好","正常","中央分向島","未繪設快慢車道分隔線","有",35,"非汽(機)車駕駛人",121.483225,25.054263,"新北市","三重區"
"撞護欄(樁)","2020",5,10,4,"晴","晨或暮光",30,"三岔路","一般車道(未劃分快慢車道)","柏油","乾燥","良好","無號誌","無","未繪設快慢車道分隔線","無",37,"不明",121.763737,24.739362,"宜蘭縣","宜蘭市"
"穿越道路中","2020",5,10,4,"晴","夜間(或隧道、地下道、涵洞)有照明",50,"四岔路","交叉口附近","柏油","乾燥","良好","正常","中央分向島","未繪設快慢車道分隔線","有",51,"未使用",120.134747,23.283005,"臺南市","北門區"
"穿越道路中","2020",5,10,4,"晴","夜間(或隧道、地下道、涵洞)有照明",50,"四岔路","交叉口附近","柏油","乾燥","良好","正常","中央分向島","未繪設快慢車道分隔線","有",75,"未使用",120.134747,23.283005,"臺南市","北門區"
"路上翻車、摔倒","2020",5,10,7,"晴","日間自然光線",30,"三岔路","交叉口附近","柏油","乾燥","良好","無號誌","無","未繪設快慢車道分隔線","有",9,"非汽(機)車駕駛人",120.196676,23.337161,"嘉義縣","義竹鄉"
"路上翻車、摔倒","2020",5,10,7,"晴","日間自然光線",30,"三岔路","交叉口附近","柏油","乾燥","良好","無號誌","無","未繪設快慢車道分隔線","有",56,"未使用",120.196676,23.337161,"嘉義縣","義竹鄉"
"追撞","2020",5,10,12,"晴","日間自然光線",100,"直路","快車道","柏油","乾燥","良好","無號誌","中央分向島","未繪設快慢車道分隔線","有",45,"不明",121.289599,25.032191,"桃園市","蘆竹區"
"追撞","2020",5,10,12,"晴","日間自然光線",100,"直路","快車道","柏油","乾燥","良好","無號誌","中央分向島","未繪設快慢車道分隔線","有",41,"未使用",121.289599,25.032191,"桃園市","蘆竹區"
"側撞","2020",5,10,18,"晴","夜間(或隧道、地下道、涵洞)有照明",30,"三岔路","交叉口附近","柏油","乾燥","良好","正常","無","未繪設快慢車道分隔線","有",18,"不明",121.494979,25.110051,"臺北市","士林區"
"側撞","2020",5,10,18,"晴","夜間(或隧道、地下道、涵洞)有照明",30,"三岔路","交叉口附近","柏油","乾燥","良好","正常","無","未繪設快慢車道分隔線","有",72,"不明",121.494979,25.110051,"臺北市","士林區"
"撞路樹、電桿","2020",5,10,21,"陰","夜間(或隧道、地下道、涵洞)有照明",40,"直路","一般車道(未劃分快慢車道)","柏油","濕潤","良好","無號誌","無","未繪設快慢車道分隔線","有",66,"未使用",120.606891,23.724521,"雲林縣","斗六市"
"穿越道路中","2020",5,11,16,"晴","日間自然光線",50,"多岔路","交叉路口內","柏油","乾燥","良好","正常","無","未繪設快慢車道分隔線","無",45,"未使用",120.196619,23.067881,"臺南市","南區"
"穿越道路中","2020",5,11,16,"晴","日間自然光線",50,"多岔路","交叉路口內","柏油","乾燥","良好","正常","無","未繪設快慢車道分隔線","無",89,"非汽(機)車駕駛人",120.196619,23.067881,"臺南市","南區"
"同向擦撞","2020",5,11,17,"晴","晨或暮光",40,"直路","慢車道","柏油","乾燥","良好","正常","雙向禁止超車線","快慢車道分隔線","無",18,"未使用",120.338572,22.656819,"高雄市","鳥松區"
"同向擦撞","2020",5,11,17,"晴","晨或暮光",40,"直路","慢車道","柏油","乾燥","良好","正常","雙向禁止超車線","快慢車道分隔線","無",17,"非汽(機)車駕駛人",120.338572,22.656819,"高雄市","鳥松區"
"同向擦撞","2020",5,11,17,"晴","晨或暮光",40,"直路","慢車道","柏油","乾燥","良好","正常","雙向禁止超車線","快慢車道分隔線","無",30,"未使用",120.338572,22.656819,"高雄市","鳥松區"
"同向擦撞","2020",5,11,17,"晴","晨或暮光",40,"直路","慢車道","柏油","乾燥","良好","正常","雙向禁止超車線","快慢車道分隔線","無",59,"未使用",120.338572,22.656819,"高雄市","鳥松區"
"其他","2020",5,11,20,"晴","夜間(或隧道、地下道、涵洞)有照明",50,"多岔路","交叉路口內","柏油","乾燥","良好","正常","無","未繪設快慢車道分隔線","無",19,"未使用",120.435572,23.507519,"嘉義市","西區"
"其他","2020",5,11,20,"晴","夜間(或隧道、地下道、涵洞)有照明",50,"多岔路","交叉路口內","柏油","乾燥","良好","正常","無","未繪設快慢車道分隔線","無",17,"未使用",120.435572,23.507519,"嘉義市","西區"
"其他","2020",5,11,20,"晴","夜間(或隧道、地下道、涵洞)有照明",50,"多岔路","交叉路口內","柏油","乾燥","良好","正常","無","未繪設快慢車道分隔線","無",42,"未使用",120.435572,23.507519,"嘉義市","西區"
"其他","2020",5,11,20,"晴","夜間(或隧道、地下道、涵洞)有照明",50,"多岔路","交叉路口內","柏油","乾燥","良好","正常","無","未繪設快慢車道分隔線","無",72,"非汽(機)車駕駛人",120.435572,23.507519,"嘉義市","西區"
"路上翻車、摔倒","2020",5,12,6,"陰","日間自然光線",50,"直路","一般車道(未劃分快慢車道)","柏油","乾燥","良好","無號誌","中央分向島","未繪設快慢車道分隔線","有",68,"未使用",121.363081,25.058668,"桃園市","龜山區"
"側撞","2020",5,12,7,"晴","日間自然光線",60,"三岔路","交叉路口內","柏油","乾燥","良好","無號誌","無","未繪設快慢車道分隔線","無",56,"未使用",121.265306,23.194832,"花蓮縣","富里鄉"
"側撞","2020",5,12,7,"晴","日間自然光線",60,"三岔路","交叉路口內","柏油","乾燥","良好","無號誌","無","未繪設快慢車道分隔線","無",24,"未使用",121.265306,23.194832,"花蓮縣","富里鄉"
"側撞","2020",5,12,10,"雨","日間自然光線",50,"四岔路","交叉路口內","柏油","濕潤","良好","正常","無","未繪設快慢車道分隔線","無",38,"未使用",121.199137,24.972951,"桃園市","中壢區"
"側撞","2020",5,12,10,"雨","日間自然光線",50,"四岔路","交叉路口內","柏油","濕潤","良好","正常","無","未繪設快慢車道分隔線","無",57,"未使用",121.199137,24.972951,"桃園市","中壢區"
"側撞","2020",5,12,10,"雨","日間自然光線",50,"四岔路","交叉路口內","柏油","濕潤","良好","正常","無","未繪設快慢車道分隔線","無",52,"非汽(機)車駕駛人",121.199137,24.972951,"桃園市","中壢區"
"撞路樹、電桿","2020",5,12,14,"晴","日間自然光線",30,"直路","一般車道(未劃分快慢車道)","柏油","乾燥","良好","無號誌","無","未繪設快慢車道分隔線","有",41,"不明",120.600917,23.917021,"彰化縣","社頭鄉"
"其他","2020",5,13,10,"晴","日間自然光線",40,"直路","一般車道(未劃分快慢車道)","柏油","乾燥","良好","無號誌","行車分向線","未繪設快慢車道分隔線","有",33,"未使用",120.956509,24.00024,"南投縣","埔里鎮"
"其他","2020",5,13,10,"晴","日間自然光線",40,"直路","一般車道(未劃分快慢車道)","柏油","乾燥","良好","無號誌","行車分向線","未繪設快慢車道分隔線","有",86,"未使用",120.956509,24.00024,"南投縣","埔里鎮"
"其他","2020",5,13,10,"晴","日間自然光線",40,"直路","一般車道(未劃分快慢車道)","柏油","乾燥","良好","無號誌","行車分向線","未繪設快慢車道分隔線","有",86,"非汽(機)車駕駛人",120.956509,24.00024,"南投縣","埔里鎮"
"其他","2020",5,13,10,"晴","日間自然光線",40,"直路","一般車道(未劃分快慢車道)","柏油","乾燥","良好","無號誌","行車分向線","未繪設快慢車道分隔線","有",27,"未使用",120.956509,24.00024,"南投縣","埔里鎮"
"其他","2020",5,13,10,"晴","日間自然光線",40,"直路","一般車道(未劃分快慢車道)","柏油","乾燥","良好","無號誌","行車分向線","未繪設快慢車道分隔線","有",37,"未使用",120.956509,24.00024,"南投縣","埔里鎮"
"撞護欄(樁)","2020",5,13,14,"晴","日間自然光線",50,"直路","一般車道(未劃分快慢車道)","柏油","乾燥","良好","無號誌","中央分向島","未繪設快慢車道分隔線","有",19,"未使用",121.408391,24.950458,"新北市","土城區"
"路口交岔撞","2020",5,13,23,"晴","夜間(或隧道、地下道、涵洞)有照明",60,"三岔路","交叉路口內","柏油","乾燥","不良","正常","雙向禁止超車線","未繪設快慢車道分隔線","有",19,"未使用",120.457714,22.916957,"高雄市","內門區"
"路口交岔撞","2020",5,13,23,"晴","夜間(或隧道、地下道、涵洞)有照明",60,"三岔路","交叉路口內","柏油","乾燥","不良","正常","雙向禁止超車線","未繪設快慢車道分隔線","有",42,"未使用",120.457714,22.916957,"高雄市","內門區"
"路口交岔撞","2020",5,14,5,"晴","日間自然光線",30,"四岔路","交叉路口內","柏油","乾燥","良好","正常","雙向禁止超車線","快慢車道分隔線","無",45,"未使用",121.504168,25.030051,"臺北市","中正區"
"路口交岔撞","2020",5,14,5,"晴","日間自然光線",30,"四岔路","交叉路口內","柏油","乾燥","良好","正常","雙向禁止超車線","快慢車道分隔線","無",63,"未使用",121.504168,25.030051,"臺北市","中正區"
"側撞","2020",5,14,9,"晴","日間自然光線",50,"直路","一般車道(未劃分快慢車道)","柏油","乾燥","良好","無號誌","行車分向線","未繪設快慢車道分隔線","有",51,"未使用",120.717656,24.306485,"臺中市","后里區"
"側撞","2020",5,14,9,"晴","日間自然光線",50,"直路","一般車道(未劃分快慢車道)","柏油","乾燥","良好","無號誌","行車分向線","未繪設快慢車道分隔線","有",73,"未使用",120.717656,24.306485,"臺中市","后里區"
"側撞","2020",5,14,9,"晴","日間自然光線",50,"直路","一般車道(未劃分快慢車道)","柏油","乾燥","良好","無號誌","行車分向線","未繪設快慢車道分隔線","有",72,"未使用",120.717656,24.306485,"臺中市","后里區"
"其他","2020",5,14,9,"晴","日間自然光線",50,"三岔路","交叉路口內","柏油","乾燥","良好","無號誌","無","快慢車道分隔線","有",70,"未使用",120.750813,24.338424,"苗栗縣","三義鄉"
"其他","2020",5,14,9,"晴","日間自然光線",50,"三岔路","交叉路口內","柏油","乾燥","良好","無號誌","無","快慢車道分隔線","有",65,"非汽(機)車駕駛人",120.750813,24.338424,"苗栗縣","三義鄉"
"其他","2020",5,14,9,"晴","日間自然光線",50,"三岔路","交叉路口內","柏油","乾燥","良好","無號誌","無","快慢車道分隔線","有",57,"未使用",120.750813,24.338424,"苗栗縣","三義鄉"
"其他","2020",5,14,9,"晴","日間自然光線",50,"三岔路","交叉路口內","柏油","乾燥","良好","無號誌","無","快慢車道分隔線","有",41,"未使用",120.750813,24.338424,"苗栗縣","三義鄉"
"側撞","2020",5,14,10,"晴","日間自然光線",30,"三岔路","交叉路口內","柏油","乾燥","良好","無號誌","無","快慢車道分隔線","無",18,"未使用",120.608227,24.286121,"臺中市","清水區"
"側撞","2020",5,14,10,"晴","日間自然光線",30,"三岔路","交叉路口內","柏油","乾燥","良好","無號誌","無","快慢車道分隔線","無",32,"未使用",120.608227,24.286121,"臺中市","清水區"
"穿越道路中","2020",5,14,12,"晴","日間自然光線",30,"直路","一般車道(未劃分快慢車道)","柏油","乾燥","良好","正常","無","未繪設快慢車道分隔線","有",19,"不明",121.499558,25.022974,"臺北市","萬華區"
"穿越道路中","2020",5,14,12,"晴","日間自然光線",30,"直路","一般車道(未劃分快慢車道)","柏油","乾燥","良好","正常","無","未繪設快慢車道分隔線","有",71,"非汽(機)車駕駛人",121.499558,25.022974,"臺北市","萬華區"
"同向擦撞","2020",5,14,15,"晴","日間自然光線",50,"三岔路","交叉口附近","柏油","乾燥","良好","無號誌","雙向禁止超車線","快慢車道分隔線","有",51,"未使用",121.140476,22.763799,"臺東縣","臺東市"
"同向擦撞","2020",5,14,15,"晴","日間自然光線",50,"三岔路","交叉口附近","柏油","乾燥","良好","無號誌","雙向禁止超車線","快慢車道分隔線","有",70,"未使用",121.140476,22.763799,"臺東縣","臺東市"
"同向擦撞","2020",5,14,15,"晴","日間自然光線",50,"三岔路","交叉口附近","柏油","乾燥","良好","無號誌","雙向禁止超車線","快慢車道分隔線","有",68,"未使用",121.140476,22.763799,"臺東縣","臺東市"
"同向擦撞","2020",5,14,16,"晴","日間自然光線",50,"直路","一般車道(未劃分快慢車道)","柏油","乾燥","良好","無號誌","中央分向島","未繪設快慢車道分隔線","有",53,"不明",121.316338,25.00131,"桃園市","桃園區"
"同向擦撞","2020",5,14,16,"晴","日間自然光線",50,"直路","一般車道(未劃分快慢車道)","柏油","乾燥","良好","無號誌","中央分向島","未繪設快慢車道分隔線","有",57,"未使用",121.316338,25.00131,"桃園市","桃園區"
"撞路樹、電桿","2020",5,14,17,"晴","日間自然光線",60,"直路","一般車道(未劃分快慢車道)","柏油","乾燥","良好","無號誌","雙向禁止超車線","未繪設快慢車道分隔線","有",77,"不明",120.964309,24.681721,"苗栗縣","頭份市"
"側撞","2020",5,15,5,"晴","日間自然光線",50,"三岔路","交叉路口內","柏油","乾燥","良好","無號誌","無","未繪設快慢車道分隔線","無",35,"未使用",121.230282,24.941453,"桃園市","中壢區"
"側撞","2020",5,15,5,"晴","日間自然光線",50,"三岔路","交叉路口內","柏油","乾燥","良好","無號誌","無","未繪設快慢車道分隔線","無",74,"未使用",121.230282,24.941453,"桃園市","中壢區"
"側撞","2020",5,15,5,"晴","日間自然光線",50,"三岔路","交叉路口內","柏油","乾燥","良好","無號誌","無","未繪設快慢車道分隔線","無",55,"未使用",121.230282,24.941453,"桃園市","中壢區"
"側撞","2020",5,15,5,"晴","日間自然光線",50,"三岔路","交叉路口內","柏油","乾燥","良好","無號誌","無","未繪設快慢車道分隔線","無",40,"未使用",121.230282,24.941453,"桃園市","中壢區"
"正越過平交道中","2020",5,16,6,"晴","日間自然光線",15,"有遮斷器","其他","無鋪裝","乾燥","良好","正常","無","未繪設快慢車道分隔線","無",28,"未使用",120.253713,22.888582,"高雄市","湖內區"
"正越過平交道中","2020",5,16,6,"晴","日間自然光線",15,"有遮斷器","其他","無鋪裝","乾燥","良好","正常","無","未繪設快慢車道分隔線","無",67,"未使用",120.253713,22.888582,"高雄市","湖內區"
"撞路樹、電桿","2020",5,16,8,"晴","日間自然光線",50,"直路","路肩、路緣","柏油","乾燥","良好","無號誌","單向禁止超車線","未繪設快慢車道分隔線","有",42,"未使用",120.350009,23.308304,"臺南市","東山區"
"穿越道路中","2020",5,16,10,"晴","日間自然光線",50,"三岔路","穿越道附近","柏油","乾燥","良好","正常","無","未繪設快慢車道分隔線","有",54,"未使用",121.362143,25.060387,"桃園市","龜山區"
"穿越道路中","2020",5,16,10,"晴","日間自然光線",50,"三岔路","穿越道附近","柏油","乾燥","良好","正常","無","未繪設快慢車道分隔線","有",64,"非汽(機)車駕駛人",121.362143,25.060387,"桃園市","龜山區"
"其他","2020",5,16,12,"晴","日間自然光線",40,"直路","慢車道","柏油","乾燥","良好","無號誌","雙向禁止超車線","快慢車道分隔線","無",44,"未使用",120.832178,24.242468,"臺中市","東勢區"
"其他","2020",5,16,12,"晴","日間自然光線",40,"直路","慢車道","柏油","乾燥","良好","無號誌","雙向禁止超車線","快慢車道分隔線","無",23,"未使用",120.832178,24.242468,"臺中市","東勢區"
"同向擦撞","2020",5,16,12,"晴","日間自然光線",40,"三岔路","交叉路口內","柏油","乾燥","良好","無號誌","中央分向島","未繪設快慢車道分隔線","有",61,"未使用",120.442275,24.142693,"彰化縣","線西鄉"
"同向擦撞","2020",5,16,12,"晴","日間自然光線",40,"三岔路","交叉路口內","柏油","乾燥","良好","無號誌","中央分向島","未繪設快慢車道分隔線","有",42,"未使用",120.442275,24.142693,"彰化縣","線西鄉"
"撞路樹、電桿","2020",5,16,23,"晴","夜間(或隧道、地下道、涵洞)有照明",40,"直路","一般車道(未劃分快慢車道)","柏油","乾燥","良好","無號誌","無","未繪設快慢車道分隔線","無",45,"未使用",120.591531,22.366612,"屏東縣","枋寮鄉"
"對向擦撞","2020",5,17,6,"晴","日間自然光線",60,"四岔路","交叉路口內","柏油","乾燥","良好","正常","雙向禁止超車線","快慢車道分隔線","有",51,"不明",120.364106,22.659154,"高雄市","鳥松區"
"對向擦撞","2020",5,17,6,"晴","日間自然光線",60,"四岔路","交叉路口內","柏油","乾燥","良好","正常","雙向禁止超車線","快慢車道分隔線","有",30,"未使用",120.364106,22.659154,"高雄市","鳥松區"
"對向擦撞","2020",5,17,6,"晴","日間自然光線",60,"四岔路","交叉路口內","柏油","乾燥","良好","正常","雙向禁止超車線","快慢車道分隔線","有",42,"非汽(機)車駕駛人",120.364106,22.659154,"高雄市","鳥松區"
"對向擦撞","2020",5,17,6,"晴","日間自然光線",60,"四岔路","交叉路口內","柏油","乾燥","良好","正常","雙向禁止超車線","快慢車道分隔線","有",47,"非汽(機)車駕駛人",120.364106,22.659154,"高雄市","鳥松區"
"對向擦撞","2020",5,17,6,"晴","日間自然光線",60,"四岔路","交叉路口內","柏油","乾燥","良好","正常","雙向禁止超車線","快慢車道分隔線","有",62,"非汽(機)車駕駛人",120.364106,22.659154,"高雄市","鳥松區"
"對向擦撞","2020",5,17,6,"晴","日間自然光線",60,"四岔路","交叉路口內","柏油","乾燥","良好","正常","雙向禁止超車線","快慢車道分隔線","有",48,"未使用",120.364106,22.659154,"高雄市","鳥松區"
"對向擦撞","2020",5,17,6,"晴","日間自然光線",60,"四岔路","交叉路口內","柏油","乾燥","良好","正常","雙向禁止超車線","快慢車道分隔線","有",47,"未使用",120.364106,22.659154,"高雄市","鳥松區"
"側撞","2020",5,17,9,"晴","日間自然光線",70,"三岔路","交叉口附近","柏油","乾燥","良好","無號誌","中央分向島","未繪設快慢車道分隔線","無",47,"未使用",121.574948,25.297552,"新北市","石門區"
"側撞","2020",5,17,9,"晴","日間自然光線",70,"三岔路","交叉口附近","柏油","乾燥","良好","無號誌","中央分向島","未繪設快慢車道分隔線","無",67,"未使用",121.574948,25.297552,"新北市","石門區"
"衝出路外","2020",5,17,13,"晴","日間自然光線",60,"直路","路肩、路緣","柏油","乾燥","良好","無號誌","雙向禁止超車線","未繪設快慢車道分隔線","有",57,"未使用",120.563373,22.698864,"屏東縣","長治鄉"
"側撞","2020",5,17,22,"晴","夜間(或隧道、地下道、涵洞)有照明",50,"直路","快車道","柏油","乾燥","良好","無號誌","雙向禁止超車線","快慢車道分隔線","有",19,"未使用",120.22957,22.97264,"臺南市","東區"
"側撞","2020",5,17,22,"晴","夜間(或隧道、地下道、涵洞)有照明",50,"直路","快車道","柏油","乾燥","良好","無號誌","雙向禁止超車線","快慢車道分隔線","有",29,"未使用",120.22957,22.97264,"臺南市","東區"
"側撞","2020",5,17,22,"晴","夜間(或隧道、地下道、涵洞)有照明",50,"直路","快車道","柏油","乾燥","良好","無號誌","雙向禁止超車線","快慢車道分隔線","有",58,"未使用",120.22957,22.97264,"臺南市","東區"
"路口交岔撞","2020",5,18,1,"晴","夜間(或隧道、地下道、涵洞)有照明",60,"四岔路","交叉路口內","柏油","乾燥","良好","正常","無","未繪設快慢車道分隔線","無",36,"不明",120.186557,22.997939,"臺南市","西區"
"路口交岔撞","2020",5,18,1,"晴","夜間(或隧道、地下道、涵洞)有照明",60,"四岔路","交叉路口內","柏油","乾燥","良好","正常","無","未繪設快慢車道分隔線","無",39,"未使用",120.186557,22.997939,"臺南市","西區"
"側撞","2020",5,18,7,"雨","日間自然光線",50,"四岔路","交叉路口內","柏油","濕潤","良好","正常","無","未繪設快慢車道分隔線","無",5,"非汽(機)車駕駛人",120.300363,23.587549,"雲林縣","北港鎮"