"事故類型及型態子類別名稱","發生年度","發生月份","發生日期","發生時間","天候名稱","光線名稱","速限.第1當事者","道路型態子類別名稱","事故位置子類別名稱","路面狀況.路面鋪裝名稱","路面狀況.路面狀態名稱","道路障礙.視距品質名稱","號誌.號誌動作名稱","車道劃分設施.分向設施大類別名稱","車道劃分設施.分道設施.快慢車道間名稱","車道劃分設施.分道設施.路面邊線名稱","當事者事故發生時年齡","行動電話或電腦或其他相類功能裝置名稱","經度","緯度","縣市","鄉鎮"
"側撞","2020",5,18,7,"雨","日間自然光線",50,"四岔路","交叉路口內","柏油","濕潤","良好","正常","無","未繪設快慢車道分隔線","無",42,"未使用",120.300363,23.587549,"雲林縣","北港鎮"
"側撞","2020",5,18,7,"雨","日間自然光線",50,"四岔路","交叉路口內","柏油","濕潤","良好","正常","無","未繪設快慢車道分隔線","無",23,"未使用",120.300363,23.587549,"雲林縣","北港鎮"
"穿越道路中","2020",5,18,9,"晴","日間自然光線",50,"四岔路","交叉口附近","柏油","乾燥","良好","正常","雙向禁止超車線","快慢車道分隔線","有",48,"未使用",120.3273,22.88281,"高雄市","阿蓮區"
"穿越道路中","2020",5,18,9,"晴","日間自然光線",50,"四岔路","交叉口附近","柏油","乾燥","良好","正常","雙向禁止超車線","快慢車道分隔線","有",84,"非汽(機)車駕駛人",120.3273,22.88281,"高雄市","阿蓮區"
"追撞","2020",5,18,16,"雨","日間自然光線",50,"直路","一般車道(未劃分快慢車道)","柏油","濕潤","良好","無號誌","行車分向線","未繪設快慢車道分隔線","有",57,"不明",121.264509,24.93328,"桃園市","八德區"
"追撞","2020",5,18,16,"雨","日間自然光線",50,"直路","一般車道(未劃分快慢車道)","柏油","濕潤","良好","無號誌","行車分向線","未繪設快慢車道分隔線","有",44,"未使用",121.264509,24.93328,"桃園市","八德區"
"追撞","2020",5,18,16,"雨","日間自然光線",50,"直路","一般車道(未劃分快慢車道)","柏油","濕潤","良好","無號誌","行車分向線","未繪設快慢車道分隔線","有",64,"未使用",121.264509,24.93328,"桃園市","八德區"
"路上翻車、摔倒","2020",5,19,15,"晴","晨或暮光",30,"直路","一般車道(未劃分快慢車道)","柏油","乾燥","良好","無號誌","行車分向線","未繪設快慢車道分隔線","無",22,"未使用",120.28822,23.098605,"臺南市","新市區"
"穿越道路中","2020",5,20,13,"晴","日間自然光線",50,"三岔路","交叉口附近","柏油","乾燥","良好","正常","雙向禁止超車線","未繪設快慢車道分隔線","有",23,"不明",121.49608,25.136549,"臺北市","北投區"
"穿越道路中","2020",5,20,13,"晴","日間自然光線",50,"三岔路","交叉口附近","柏油","乾燥","良好","正常","雙向禁止超車線","未繪設快慢車道分隔線","有",83,"非汽(機)車駕駛人",121.49608,25.136549,"臺北市","北投區"
"對向擦撞","2020",5,21,6,"晴","日間自然光線",50,"彎曲路及附近","快車道","柏油","乾燥","良好","無號誌","雙向禁止超車線","快慢車道分隔線","有",64,"不明",120.579285,24.053393,"彰化縣","花壇鄉"
"對向擦撞","2020",5,21,6,"晴","日間自然光線",50,"彎曲路及附近","快車道","柏油","乾燥","良好","無號誌","雙向禁止超車線","快慢車道分隔線","有",48,"不明",120.579285,24.053393,"彰化縣","花壇鄉"
"對向擦撞","2020",5,21,6,"晴","日間自然光線",50,"彎曲路及附近","快車道","柏油","乾燥","良好","無號誌","雙向禁止超車線","快慢車道分隔線","有",62,"不明",120.579285,24.053393,"彰化縣","花壇鄉"
"側撞","2020",5,21,9,"雨","日間自然光線",50,"三岔路","交叉路口內","柏油","濕潤","良好","正常","無","未繪設快慢車道分隔線","無",56,"",120.581282,24.209711,"臺中市","沙鹿區"
"側撞","2020",5,21,9,"雨","日間自然光線",50,"三岔路","交叉路口內","柏油","濕潤","良好","正常","無","未繪設快慢車道分隔線","無",60,"未使用",120.581282,24.209711,"臺中市","沙鹿區"
"側撞","2020",5,21,9,"雨","日間自然光線",50,"三岔路","交叉路口內","柏油","濕潤","良好","正常","無","未繪設快慢車道分隔線","無",38,"未使用",120.581282,24.209711,"臺中市","沙鹿區"
"對向通行中","2020",5,21,14,"陰","日間自然光線",50,"直路","一般車道(未劃分快慢車道)","柏油","乾燥","良好","無號誌","行車分向線","未繪設快慢車道分隔線","無",18,"不明",121.502173,25.133805,"臺北市","北投區"
"對向通行中","2020",5,21,14,"陰","日間自然光線",50,"直路","一般車道(未劃分快慢車道)","柏油","乾燥","良好","無號誌","行車分向線","未繪設快慢車道分隔線","無",42,"不明",121.502173,25.133805,"臺北市","北投區"
"對向通行中","2020",5,21,14,"陰","日間自然光線",50,"直路","一般車道(未劃分快慢車道)","柏油","乾燥","良好","無號誌","行車分向線","未繪設快慢車道分隔線","無",70,"非汽(機)車駕駛人",121.502173,25.133805,"臺北市","北投區"
"其他","2020",5,21,21,"雨","夜間(或隧道、地下道、涵洞)有照明",80,"高架道路","快車道","柏油","濕潤","良好","無號誌","中央分向島","未繪設快慢車道分隔線","無",25,"不明",120.660436,24.200973,"臺中市","西屯區"
"其他","2020",5,21,21,"雨","夜間(或隧道、地下道、涵洞)有照明",80,"高架道路","快車道","柏油","濕潤","良好","無號誌","中央分向島","未繪設快慢車道分隔線","無",51,"不明",120.660436,24.200973,"臺中市","西屯區"
"其他","2020",5,21,21,"雨","夜間(或隧道、地下道、涵洞)有照明",80,"高架道路","快車道","柏油","濕潤","良好","無號誌","中央分向島","未繪設快慢車道分隔線","無",44,"不明",120.660436,24.200973,"臺中市","西屯區"
"其他","2020",5,21,21,"雨","夜間(或隧道、地下道、涵洞)有照明",80,"高架道路","快車道","柏油","濕潤","良好","無號誌","中央分向島","未繪設快慢車道分隔線","無",27,"非汽(機)車駕駛人",120.660436,24.200973,"臺中市","西屯區"
"撞護欄(樁)","2020",5,22,4,"雨","夜間(或隧道、地下道、涵洞)有照明",60,"直路","路肩、路緣","柏油","濕潤","良好","無號誌","雙向禁止超車線","未繪設快慢車道分隔線","有",26,"不明",120.363212,23.088335,"臺南市","山上區"
"路口交岔撞","2020",5,22,6,"雨","日間自然光線",50,"四岔路","交叉路口內","柏油","濕潤","良好","無號誌","雙向禁止超車線","未繪設快慢車道分隔線","有",64,"未使用",120.482525,22.674826,"屏東縣","屏東市"
"路口交岔撞","2020",5,22,6,"雨","日間自然光線",50,"四岔路","交叉路口內","柏油","濕潤","良好","無號誌","雙向禁止超車線","未繪設快慢車道分隔線","有",36,"未使用",120.482525,22.674826,"屏東縣","屏東市"
"路口交岔撞","2020",5,23,5,"雨","晨或暮光",50,"四岔路","交叉路口內","柏油","濕潤","良好","正常","無","未繪設快慢車道分隔線","無",82,"非汽(機)車駕駛人",120.357708,23.331908,"臺南市","後壁區"
"路口交岔撞","2020",5,23,5,"雨","晨或暮光",50,"四岔路","交叉路口內","柏油","濕潤","良好","正常","無","未繪設快慢車道分隔線","無",72,"未使用",120.357708,23.331908,"臺南市","後壁區"
"撞路樹、電桿","2020",5,23,11,"陰","日間自然光線",60,"直路","一般車道(未劃分快慢車道)","柏油","濕潤","良好","無號誌","雙向禁止超車線","未繪設快慢車道分隔線","有",56,"不明",120.917217,24.53026,"苗栗縣","獅潭鄉"
"撞橋樑、建築物","2020",5,23,12,"雨","日間自然光線",60,"直路","路肩、路緣","柏油","濕潤","良好","無號誌","雙向禁止超車線","快慢車道分隔線","有",46,"未使用",121.178472,22.780226,"臺東縣","臺東市"
"對向擦撞","2020",5,23,15,"晴","日間自然光線",50,"彎曲路及附近","一般車道(未劃分快慢車道)","柏油","乾燥","良好","無號誌","雙向禁止超車線","未繪設快慢車道分隔線","有",63,"不明",120.677271,24.331285,"臺中市","外埔區"
"對向擦撞","2020",5,23,15,"晴","日間自然光線",50,"彎曲路及附近","一般車道(未劃分快慢車道)","柏油","乾燥","良好","無號誌","雙向禁止超車線","未繪設快慢車道分隔線","有",41,"未使用",120.677271,24.331285,"臺中市","外埔區"
"追撞","2020",5,23,22,"晴","夜間(或隧道、地下道、涵洞)有照明",40,"直路","慢車道","柏油","乾燥","良好","無號誌","中央分向島","寛式快慢車道分隔島(50公分以上)","有",18,"未使用",120.581629,24.206158,"臺中市","沙鹿區"
"追撞","2020",5,23,22,"晴","夜間(或隧道、地下道、涵洞)有照明",40,"直路","慢車道","柏油","乾燥","良好","無號誌","中央分向島","寛式快慢車道分隔島(50公分以上)","有",20,"未使用",120.581629,24.206158,"臺中市","沙鹿區"
"追撞","2020",5,23,22,"晴","夜間(或隧道、地下道、涵洞)有照明",40,"直路","慢車道","柏油","乾燥","良好","無號誌","中央分向島","寛式快慢車道分隔島(50公分以上)","有",19,"未使用",120.581629,24.206158,"臺中市","沙鹿區"
"追撞","2020",5,23,22,"晴","夜間(或隧道、地下道、涵洞)有照明",40,"直路","慢車道","柏油","乾燥","良好","無號誌","中央分向島","寛式快慢車道分隔島(50公分以上)","有",16,"非汽(機)車駕駛人",120.581629,24.206158,"臺中市","沙鹿區"
"追撞","2020",5,23,22,"晴","夜間(或隧道、地下道、涵洞)有照明",40,"直路","慢車道","柏油","乾燥","良好","無號誌","中央分向島","寛式快慢車道分隔島(50公分以上)","有",29,"未使用",120.581629,24.206158,"臺中市","沙鹿區"
"對撞","2020",5,24,12,"陰","日間自然光線",50,"彎曲路及附近","快車道","柏油","乾燥","不良","無號誌","雙向禁止超車線","快慢車道分隔線","有",24,"未使用",121.318013,23.000372,"臺東縣","成功鎮"
"對撞","2020",5,24,12,"陰","日間自然光線",50,"彎曲路及附近","快車道","柏油","乾燥","不良","無號誌","雙向禁止超車線","快慢車道分隔線","有",22,"非汽(機)車駕駛人",121.318013,23.000372,"臺東縣","成功鎮"
"對撞","2020",5,24,12,"陰","日間自然光線",50,"彎曲路及附近","快車道","柏油","乾燥","不良","無號誌","雙向禁止超車線","快慢車道分隔線","有",56,"未使用",121.318013,23.000372,"臺東縣","成功鎮"
"路口交岔撞","2020",5,24,13,"晴","日間自然光線",50,"四岔路","交叉路口內","柏油","乾燥","良好","正常","中央分向島","寛式快慢車道分隔島(50公分以上)","有",27,"未使用",120.566005,23.728928,"雲林縣","斗六市"
"路口交岔撞","2020",5,24,13,"晴","日間自然光線",50,"四岔路","交叉路口內","柏油","乾燥","良好","正常","中央分向島","寛式快慢車道分隔島(50公分以上)","有",23,"未使用",120.566005,23.728928,"雲林縣","斗六市"
"路口交岔撞","2020",5,24,13,"晴","日間自然光線",50,"四岔路","交叉路口內","柏油","乾燥","良好","正常","中央分向島","寛式快慢車道分隔島(50公分以上)","有",28,"非汽(機)車駕駛人",120.566005,23.728928,"雲林縣","斗六市"
"路口交岔撞","2020",5,24,13,"晴","日間自然光線",50,"四岔路","交叉路口內","柏油","乾燥","良好","正常","中央分向島","寛式快慢車道分隔島(50公分以上)","有",27,"非汽(機)車駕駛人",120.566005,23.728928,"雲林縣","斗六市"
"撞號誌、標誌桿","2020",5,25,5,"晴","日間自然光線",50,"直路","直線匝道","柏油","乾燥","良好","無號誌","行車分向線","未繪設快慢車道分隔線","有",67,"未使用",120.295381,23.860375,"彰化縣","大城鄉"
"側撞","2020",5,25,8,"晴","日間自然光線",60,"四岔路","交叉路口內","柏油","乾燥","良好","正常","無","未繪設快慢車道分隔線","無",55,"未使用",120.428649,22.589862,"高雄市","大寮區"
"側撞","2020",5,25,8,"晴","日間自然光線",60,"四岔路","交叉路口內","柏油","乾燥","良好","正常","無","未繪設快慢車道分隔線","無",35,"未使用",120.428649,22.589862,"高雄市","大寮區"
"同向通行中","2020",5,25,8,"晴","日間自然光線",70,"直路","慢車道","柏油","乾燥","良好","無號誌","中央分向島","快慢車道分隔線","有",37,"未使用",120.48969,22.60068,"屏東縣","萬丹鄉"
"同向通行中","2020",5,25,8,"晴","日間自然光線",70,"直路","慢車道","柏油","乾燥","良好","無號誌","中央分向島","快慢車道分隔線","有",78,"非汽(機)車駕駛人",120.48969,22.60068,"屏東縣","萬丹鄉"
"側撞","2020",5,25,8,"晴","日間自然光線",30,"四岔路","交叉路口內","柏油","乾燥","良好","正常","中央分向島","快慢車道分隔線","有",41,"不明",120.441707,23.95328,"彰化縣","二林鎮"
"側撞","2020",5,25,8,"晴","日間自然光線",30,"四岔路","交叉路口內","柏油","乾燥","良好","正常","中央分向島","快慢車道分隔線","有",50,"未使用",120.441707,23.95328,"彰化縣","二林鎮"
"佇立路邊(外)","2020",5,25,9,"晴","日間自然光線",50,"直路","一般車道(未劃分快慢車道)","柏油","乾燥","良好","無號誌","無","未繪設快慢車道分隔線","無",36,"未使用",121.279427,24.991546,"桃園市","桃園區"
"佇立路邊(外)","2020",5,25,9,"晴","日間自然光線",50,"直路","一般車道(未劃分快慢車道)","柏油","乾燥","良好","無號誌","無","未繪設快慢車道分隔線","無",70,"非汽(機)車駕駛人",121.279427,24.991546,"桃園市","桃園區"
"撞號誌、標誌桿","2020",5,25,22,"晴","夜間(或隧道、地下道、涵洞)有照明",60,"彎曲路及附近","一般車道(未劃分快慢車道)","柏油","乾燥","良好","無號誌","雙向禁止超車線","未繪設快慢車道分隔線","有",30,"未使用",121.234236,25.045229,"桃園市","大園區"
"撞號誌、標誌桿","2020",5,25,22,"晴","夜間(或隧道、地下道、涵洞)有照明",60,"彎曲路及附近","一般車道(未劃分快慢車道)","柏油","乾燥","良好","無號誌","雙向禁止超車線","未繪設快慢車道分隔線","有",20,"未使用",121.234236,25.045229,"桃園市","大園區"
"撞號誌、標誌桿","2020",5,25,22,"晴","夜間(或隧道、地下道、涵洞)有照明",60,"彎曲路及附近","一般車道(未劃分快慢車道)","柏油","乾燥","良好","無號誌","雙向禁止超車線","未繪設快慢車道分隔線","有",24,"未使用",121.234236,25.045229,"桃園市","大園區"
"路口交岔撞","2020",5,26,5,"晴","日間自然光線",50,"四岔路","交叉路口內","柏油","濕潤","良好","正常","雙向禁止超車線","快慢車道分隔線","有",69,"未使用",120.475691,22.669132,"屏東縣","屏東市"
"路口交岔撞","2020",5,26,5,"晴","日間自然光線",50,"四岔路","交叉路口內","柏油","濕潤","良好","正常","雙向禁止超車線","快慢車道分隔線","有",26,"未使用",120.475691,22.669132,"屏東縣","屏東市"
"側撞","2020",5,26,7,"晴","日間自然光線",50,"三岔路","交叉路口內","柏油","乾燥","良好","無號誌","雙向禁止超車線","未繪設快慢車道分隔線","有",37,"未使用",120.60284,24.308202,"臺中市","清水區"
"側撞","2020",5,26,7,"晴","日間自然光線",50,"三岔路","交叉路口內","柏油","乾燥","良好","無號誌","雙向禁止超車線","未繪設快慢車道分隔線","有",20,"未使用",120.60284,24.308202,"臺中市","清水區"
"側撞","2020",5,26,7,"晴","日間自然光線",50,"三岔路","交叉路口內","柏油","乾燥","良好","無號誌","雙向禁止超車線","未繪設快慢車道分隔線","有",20,"未使用",120.60284,24.308202,"臺中市","清水區"
"路口交岔撞","2020",5,26,9,"晴","日間自然光線",50,"四岔路","交叉路口內","柏油","乾燥","良好","正常","無","未繪設快慢車道分隔線","無",72,"未使用",121.218108,24.86084,"桃園市","龍潭區"
"路口交岔撞","2020",5,26,9,"晴","日間自然光線",50,"四岔路","交叉路口內","柏油","乾燥","良好","正常","無","未繪設快慢車道分隔線","無",78,"未使用",121.218108,24.86084,"桃園市","龍潭區"
"撞路樹、電桿","2020",5,26,10,"晴","日間自然光線",50,"直路","慢車道","柏油","乾燥","良好","無號誌","雙向禁止超車線","快慢車道分隔線","有",71,"不明",119.610116,23.587548,"澎湖縣","湖西鄉"
"其他","2020",5,26,10,"陰","日間自然光線",50,"三岔路","交叉口附近","柏油","乾燥","良好","正常","中央分向島","快慢車道分隔線","有",41,"未使用",120.18615,23.208068,"臺南市","學甲區"
"其他","2020",5,26,10,"陰","日間自然光線",50,"三岔路","交叉口附近","柏油","乾燥","良好","正常","中央分向島","快慢車道分隔線","有",65,"未使用",120.18615,23.208068,"臺南市","學甲區"
"撞護欄(樁)","2020",5,26,22,"雨","晨或暮光",50,"多岔路","交叉口附近","柏油","濕潤","不良","正常","雙向禁止超車線","未繪設快慢車道分隔線","有",50,"不明",120.484779,22.882211,"高雄市","旗山區"
"撞護欄(樁)","2020",5,26,22,"雨","晨或暮光",50,"多岔路","交叉口附近","柏油","濕潤","不良","正常","雙向禁止超車線","未繪設快慢車道分隔線","有",46,"非汽(機)車駕駛人",120.484779,22.882211,"高雄市","旗山區"
"對撞","2020",5,27,13,"陰","日間自然光線",30,"三岔路","交叉口附近","柏油","濕潤","良好","無號誌","無","未繪設快慢車道分隔線","無",18,"未使用",120.37375,23.966535,"彰化縣","芳苑鄉"
"對撞","2020",5,27,13,"陰","日間自然光線",30,"三岔路","交叉口附近","柏油","濕潤","良好","無號誌","無","未繪設快慢車道分隔線","無",47,"未使用",120.37375,23.966535,"彰化縣","芳苑鄉"
"對撞","2020",5,27,13,"陰","日間自然光線",30,"三岔路","交叉口附近","柏油","濕潤","良好","無號誌","無","未繪設快慢車道分隔線","無",20,"未使用",120.37375,23.966535,"彰化縣","芳苑鄉"
"穿越道路中","2020",5,27,17,"雨","日間自然光線",50,"三岔路","交叉路口內","柏油","濕潤","良好","無號誌","行車分向線","未繪設快慢車道分隔線","有",59,"不明",120.221908,23.757362,"雲林縣","臺西鄉"
"穿越道路中","2020",5,27,17,"雨","日間自然光線",50,"三岔路","交叉路口內","柏油","濕潤","良好","無號誌","行車分向線","未繪設快慢車道分隔線","有",78,"非汽(機)車駕駛人",120.221908,23.757362,"雲林縣","臺西鄉"
"追撞","2020",5,27,18,"晴","夜間(或隧道、地下道、涵洞)有照明",50,"直路","一般車道(未劃分快慢車道)","柏油","乾燥","良好","無號誌","無","未繪設快慢車道分隔線","有",34,"未使用",120.237531,23.057758,"臺南市","南區"
"追撞","2020",5,27,18,"晴","夜間(或隧道、地下道、涵洞)有照明",50,"直路","一般車道(未劃分快慢車道)","柏油","乾燥","良好","無號誌","無","未繪設快慢車道分隔線","有",36,"未使用",120.237531,23.057758,"臺南市","南區"
"側撞","2020",5,27,19,"陰","夜間(或隧道、地下道、涵洞)有照明",50,"直路","一般車道(未劃分快慢車道)","柏油","乾燥","良好","無號誌","行車分向線","未繪設快慢車道分隔線","有",19,"未使用",120.298495,23.033309,"臺南市","新化區"
"側撞","2020",5,27,19,"陰","夜間(或隧道、地下道、涵洞)有照明",50,"直路","一般車道(未劃分快慢車道)","柏油","乾燥","良好","無號誌","行車分向線","未繪設快慢車道分隔線","有",23,"未使用",120.298495,23.033309,"臺南市","新化區"
"側撞","2020",5,27,19,"陰","夜間(或隧道、地下道、涵洞)有照明",50,"直路","一般車道(未劃分快慢車道)","柏油","乾燥","良好","無號誌","行車分向線","未繪設快慢車道分隔線","有",83,"非汽(機)車駕駛人",120.298495,23.033309,"臺南市","新化區"
"撞路樹、電桿","2020",5,28,17,"雨","晨或暮光",50,"直路","慢車道","柏油","濕潤","良好","無號誌","中央分向島","寛式快慢車道分隔島(50公分以上)","有",20,"不明",120.655453,24.087991,"臺中市","大里區"
"側撞","2020",5,28,19,"晴","夜間(或隧道、地下道、涵洞)有照明",50,"直路","一般車道(未劃分快慢車道)","柏油","乾燥","良好","無號誌","行車分向線","未繪設快慢車道分隔線","有",36,"不明",120.48916,23.652138,"雲林縣","斗南鎮"
"側撞","2020",5,28,19,"晴","夜間(或隧道、地下道、涵洞)有照明",50,"直路","一般車道(未劃分快慢車道)","柏油","乾燥","良好","無號誌","行車分向線","未繪設快慢車道分隔線","有",56,"不明",120.48916,23.652138,"雲林縣","斗南鎮"
"側撞","2020",5,29,5,"晴","日間自然光線",60,"四岔路","交叉路口內","柏油","乾燥","良好","正常","雙向禁止超車線","未繪設快慢車道分隔線","有",70,"不明",120.526766,23.950574,"彰化縣","溪湖鎮"
"側撞","2020",5,29,5,"晴","日間自然光線",60,"四岔路","交叉路口內","柏油","乾燥","良好","正常","雙向禁止超車線","未繪設快慢車道分隔線","有",48,"不明",120.526766,23.950574,"彰化縣","溪湖鎮"
"追撞","2020",5,29,9,"晴","日間自然光線",50,"四岔路","機車停等區","柏油","乾燥","良好","正常","雙向禁止超車線","未繪設快慢車道分隔線","無",56,"不明",120.77672,24.198698,"臺中市","北屯區"
"追撞","2020",5,29,9,"晴","日間自然光線",50,"四岔路","機車停等區","柏油","乾燥","良好","正常","雙向禁止超車線","未繪設快慢車道分隔線","無",23,"不明",120.77672,24.198698,"臺中市","北屯區"
"側撞","2020",5,29,10,"晴","日間自然光線",50,"直路","一般車道(未劃分快慢車道)","柏油","乾燥","良好","無號誌","行車分向線","未繪設快慢車道分隔線","有",44,"不明",121.495223,25.031322,"臺北市","萬華區"
"側撞","2020",5,29,10,"晴","日間自然光線",50,"直路","一般車道(未劃分快慢車道)","柏油","乾燥","良好","無號誌","行車分向線","未繪設快慢車道分隔線","有",73,"非汽(機)車駕駛人",121.495223,25.031322,"臺北市","萬華區"
"衝出路外","2020",5,29,11,"陰","日間自然光線",30,"彎曲路及附近","一般車道(未劃分快慢車道)","柏油","乾燥","良好","無號誌","無","未繪設快慢車道分隔線","無",70,"未使用",120.632869,24.237084,"臺中市","大雅區"
"衝出路外","2020",5,29,11,"陰","日間自然光線",30,"彎曲路及附近","一般車道(未劃分快慢車道)","柏油","乾燥","良好","無號誌","無","未繪設快慢車道分隔線","無",39,"非汽(機)車駕駛人",120.632869,24.237084,"臺中市","大雅區"
"同向擦撞","2020",5,29,13,"晴","日間自然光線",50,"直路","一般車道(未劃分快慢車道)","柏油","乾燥","良好","無號誌","中央分向島","快慢車道分隔線","有",53,"未使用",121.295516,25.041601,"桃園市","蘆竹區"
"同向擦撞","2020",5,29,13,"晴","日間自然光線",50,"直路","一般車道(未劃分快慢車道)","柏油","乾燥","良好","無號誌","中央分向島","快慢車道分隔線","有",61,"未使用",121.295516,25.041601,"桃園市","蘆竹區"
"穿越道路中","2020",5,29,17,"晴","日間自然光線",50,"四岔路","穿越道附近","柏油","乾燥","良好","正常","雙向禁止超車線","未繪設快慢車道分隔線","有",45,"未使用",120.984558,24.902412,"新竹縣","新豐鄉"
"穿越道路中","2020",5,29,17,"晴","日間自然光線",50,"四岔路","穿越道附近","柏油","乾燥","良好","正常","雙向禁止超車線","未繪設快慢車道分隔線","有",83,"非汽(機)車駕駛人",120.984558,24.902412,"新竹縣","新豐鄉"
"追撞","2020",5,29,22,"晴","夜間(或隧道、地下道、涵洞)有照明",50,"直路","一般車道(未劃分快慢車道)","柏油","乾燥","良好","正常","中央分向島","未繪設快慢車道分隔線","有",30,"不明",120.990304,24.81326,"新竹市","東區"
"追撞","2020",5,29,22,"晴","夜間(或隧道、地下道、涵洞)有照明",50,"直路","一般車道(未劃分快慢車道)","柏油","乾燥","良好","正常","中央分向島","未繪設快慢車道分隔線","有",66,"不明",120.990304,24.81326,"新竹市","東區"
"穿越道路中","2020",5,30,4,"晴","夜間(或隧道、地下道、涵洞)有照明",50,"三岔路","交叉路口內","柏油","濕潤","不良","正常","無","未繪設快慢車道分隔線","無",70,"未使用",120.758207,23.740225,"南投縣","鹿谷鄉"
"穿越道路中","2020",5,30,4,"晴","夜間(或隧道、地下道、涵洞)有照明",50,"三岔路","交叉路口內","柏油","濕潤","不良","正常","無","未繪設快慢車道分隔線","無",90,"非汽(機)車駕駛人",120.758207,23.740225,"南投縣","鹿谷鄉"
"其他","2020",5,30,17,"晴","日間自然光線",30,"直路","一般車道(未劃分快慢車道)","柏油","乾燥","良好","無號誌","雙向禁止超車線","未繪設快慢車道分隔線","有",46,"未使用",121.022995,24.852591,"新竹縣","新埔鎮"
"其他","2020",5,30,17,"晴","日間自然光線",30,"直路","一般車道(未劃分快慢車道)","柏油","乾燥","良好","無號誌","雙向禁止超車線","未繪設快慢車道分隔線","有",23,"未使用",121.022995,24.852591,"新竹縣","新埔鎮"
"其他","2020",5,30,17,"晴","日間自然光線",30,"直路","一般車道(未劃分快慢車道)","柏油","乾燥","良好","無號誌","雙向禁止超車線","未繪設快慢車道分隔線","有",41,"未使用",121.022995,24.852591,"新竹縣","新埔鎮"
"路上翻車、摔倒","2020",5,30,22,"晴","夜間(或隧道、地下道、涵洞)有照明",40,"直路","一般車道(未劃分快慢車道)","柏油","乾燥","良好","無號誌","雙向禁止超車線","未繪設快慢車道分隔線","有",27,"不明",121.15507,24.027743,"南投縣","仁愛鄉"
"路口交岔撞","2020",5,30,22,"晴","夜間(或隧道、地下道、涵洞)有照明",30,"四岔路","交叉路口內","柏油","乾燥","良好","正常","無","未繪設快慢車道分隔線","有",33,"不明",120.465265,23.788,"雲林縣","西螺鎮"
"路口交岔撞","2020",5,30,22,"晴","夜間(或隧道、地下道、涵洞)有照明",30,"四岔路","交叉路口內","柏油","乾燥","良好","正常","無","未繪設快慢車道分隔線","有",18,"不明",120.465265,23.788,"雲林縣","西螺鎮"
"路口交岔撞","2020",5,30,22,"晴","夜間(或隧道、地下道、涵洞)有照明",30,"四岔路","交叉路口內","柏油","乾燥","良好","正常","無","未繪設快慢車道分隔線","有",33,"不明",120.465265,23.788,"雲林縣","西螺鎮"
"追撞","2020",5,31,1,"晴","夜間(或隧道、地下道、涵洞)有照明",50,"直路","一般車道(未劃分快慢車道)","柏油","乾燥","良好","無號誌","中央分向島","快慢車道分隔線","有",26,"不明",120.645961,24.224425,"臺中市","大雅區"
"追撞","2020",5,31,1,"晴","夜間(或隧道、地下道、涵洞)有照明",50,"直路","一般車道(未劃分快慢車道)","柏油","乾燥","良好","無號誌","中央分向島","快慢車道分隔線","有",50,"不明",120.645961,24.224425,"臺中市","大雅區"
"追撞","2020",5,31,1,"晴","夜間(或隧道、地下道、涵洞)有照明",50,"直路","一般車道(未劃分快慢車道)","柏油","乾燥","良好","無號誌","中央分向島","快慢車道分隔線","有",32,"未使用",120.645961,24.224425,"臺中市","大雅區"
"追撞","2020",5,31,1,"晴","夜間(或隧道、地下道、涵洞)有照明",50,"直路","一般車道(未劃分快慢車道)","柏油","乾燥","良好","無號誌","中央分向島","快慢車道分隔線","有",59,"未使用",120.645961,24.224425,"臺中市","大雅區"
"追撞","2020",5,31,1,"晴","夜間(或隧道、地下道、涵洞)有照明",50,"直路","一般車道(未劃分快慢車道)","柏油","乾燥","良好","無號誌","中央分向島","快慢車道分隔線","有",49,"未使用",120.645961,24.224425,"臺中市","大雅區"
"追撞","2020",5,31,1,"晴","夜間(或隧道、地下道、涵洞)有照明",50,"直路","一般車道(未劃分快慢車道)","柏油","乾燥","良好","無號誌","中央分向島","快慢車道分隔線","有",22,"非汽(機)車駕駛人",120.645961,24.224425,"臺中市","大雅區"
"追撞","2020",5,31,1,"晴","夜間(或隧道、地下道、涵洞)有照明",50,"直路","一般車道(未劃分快慢車道)","柏油","乾燥","良好","無號誌","中央分向島","快慢車道分隔線","有",22,"非汽(機)車駕駛人",120.645961,24.224425,"臺中市","大雅區"
"撞交通島","2020",5,31,4,"晴","夜間(或隧道、地下道、涵洞)有照明",50,"彎曲路及附近","一般車道(未劃分快慢車道)","柏油","乾燥","不良","無號誌","中央分向島","未繪設快慢車道分隔線","有",24,"未使用",121.283589,24.895431,"桃園市","大溪區"
"撞護欄(樁)","2020",5,31,5,"晴","日間自然光線",50,"彎曲路及附近","一般車道(未劃分快慢車道)","柏油","乾燥","不良","無號誌","雙向禁止超車線","未繪設快慢車道分隔線","有",73,"未使用",121.776212,25.040389,"新北市","瑞芳區"
"路口交岔撞","2020",5,31,5,"晴","晨或暮光",60,"四岔路","交叉路口內","柏油","乾燥","良好","正常","無","未繪設快慢車道分隔線","有",71,"未使用",120.437011,24.061094,"彰化縣","鹿港鎮"
"路口交岔撞","2020",5,31,5,"晴","晨或暮光",60,"四岔路","交叉路口內","柏油","乾燥","良好","正常","無","未繪設快慢車道分隔線","有",47,"未使用",120.437011,24.061094,"彰化縣","鹿港鎮"