"事故類型及型態子類別名稱","發生年度","發生月份","發生日期","發生時間","天候名稱","光線名稱","速限.第1當事者","道路型態子類別名稱","事故位置子類別名稱","路面狀況.路面鋪裝名稱","路面狀況.路面狀態名稱","道路障礙.視距品質名稱","號誌.號誌動作名稱","車道劃分設施.分向設施大類別名稱","車道劃分設施.分道設施.快慢車道間名稱","車道劃分設施.分道設施.路面邊線名稱","當事者事故發生時年齡","行動電話或電腦或其他相類功能裝置名稱","經度","緯度","縣市","鄉鎮"
"對向擦撞","2020",5,31,10,"晴","日間自然光線",50,"直路","一般車道(未劃分快慢車道)","柏油","乾燥","良好","無號誌","雙向禁止超車線","未繪設快慢車道分隔線","有",52,"未使用",121.367118,24.921226,"新北市","三峽區"
"對向擦撞","2020",5,31,10,"晴","日間自然光線",50,"直路","一般車道(未劃分快慢車道)","柏油","乾燥","良好","無號誌","雙向禁止超車線","未繪設快慢車道分隔線","有",16,"未使用",121.367118,24.921226,"新北市","三峽區"
"對向擦撞","2020",5,31,10,"晴","日間自然光線",50,"直路","一般車道(未劃分快慢車道)","柏油","乾燥","良好","無號誌","雙向禁止超車線","未繪設快慢車道分隔線","有",46,"未使用",121.367118,24.921226,"新北市","三峽區"
"對向擦撞","2020",5,31,10,"晴","日間自然光線",50,"直路","一般車道(未劃分快慢車道)","柏油","乾燥","良好","無號誌","雙向禁止超車線","未繪設快慢車道分隔線","有",78,"非汽(機)車駕駛人",121.367118,24.921226,"新北市","三峽區"
"對向擦撞","2020",5,31,23,"陰","夜間(或隧道、地下道、涵洞)有照明",50,"四岔路","交叉路口內","柏油","乾燥","良好","正常","中央分向島","未繪設快慢車道分隔線","無",18,"未使用",121.55524,25.058236,"臺北市","松山區"
"對向擦撞","2020",5,31,23,"陰","夜間(或隧道、地下道、涵洞)有照明",50,"四岔路","交叉路口內","柏油","乾燥","良好","正常","中央分向島","未繪設快慢車道分隔線","無",52,"未使用",121.55524,25.058236,"臺北市","松山區"
"追撞","2020",6,1,7,"晴","日間自然光線",50,"直路","快車道","柏油","乾燥","良好","無號誌","中央分向島","快慢車道分隔線","無",61,"未使用",120.306254,22.676471,"高雄市","左營區"
"追撞","2020",6,1,7,"晴","日間自然光線",50,"直路","快車道","柏油","乾燥","良好","無號誌","中央分向島","快慢車道分隔線","無",54,"未使用",120.306254,22.676471,"高雄市","左營區"
"同向擦撞","2020",6,1,8,"晴","日間自然光線",50,"多岔路","交叉路口內","柏油","乾燥","良好","正常","無","未繪設快慢車道分隔線","無",66,"未使用",120.309128,22.649813,"高雄市","三民區"
"同向擦撞","2020",6,1,8,"晴","日間自然光線",50,"多岔路","交叉路口內","柏油","乾燥","良好","正常","無","未繪設快慢車道分隔線","無",51,"未使用",120.309128,22.649813,"高雄市","三民區"
"同向擦撞","2020",6,1,8,"晴","日間自然光線",50,"多岔路","交叉路口內","柏油","乾燥","良好","正常","無","未繪設快慢車道分隔線","無",59,"未使用",120.309128,22.649813,"高雄市","三民區"
"同向擦撞","2020",6,1,8,"晴","日間自然光線",50,"多岔路","交叉路口內","柏油","乾燥","良好","正常","無","未繪設快慢車道分隔線","無",26,"未使用",120.309128,22.649813,"高雄市","三民區"
"側撞","2020",6,1,11,"晴","日間自然光線",50,"三岔路","交叉路口內","柏油","乾燥","良好","正常","中央分向島","未繪設快慢車道分隔線","無",59,"不明",121.485541,25.022253,"新北市","板橋區"
"側撞","2020",6,1,11,"晴","日間自然光線",50,"三岔路","交叉路口內","柏油","乾燥","良好","正常","中央分向島","未繪設快慢車道分隔線","無",21,"未使用",121.485541,25.022253,"新北市","板橋區"
"側撞","2020",6,1,11,"晴","日間自然光線",50,"三岔路","交叉路口內","柏油","乾燥","良好","正常","中央分向島","未繪設快慢車道分隔線","無",20,"未使用",121.485541,25.022253,"新北市","板橋區"
"側撞","2020",6,1,16,"晴","日間自然光線",40,"多岔路","交叉路口內","柏油","乾燥","良好","無號誌","無","未繪設快慢車道分隔線","無",76,"未使用",120.374668,23.644045,"雲林縣","元長鄉"
"側撞","2020",6,1,16,"晴","日間自然光線",40,"多岔路","交叉路口內","柏油","乾燥","良好","無號誌","無","未繪設快慢車道分隔線","無",40,"使用手持或有礙駕駛安全",120.374668,23.644045,"雲林縣","元長鄉"
"撞橋樑、建築物","2020",6,2,3,"晴","夜間(或隧道、地下道、涵洞)有照明",40,"橋樑","路肩、路緣","柏油","乾燥","良好","正常","行車分向線","快慢車道分隔線","有",15,"不明",120.209148,23.022292,"臺南市","北區"
"撞橋樑、建築物","2020",6,2,3,"晴","夜間(或隧道、地下道、涵洞)有照明",40,"橋樑","路肩、路緣","柏油","乾燥","良好","正常","行車分向線","快慢車道分隔線","有",14,"非汽(機)車駕駛人",120.209148,23.022292,"臺南市","北區"
"路口交岔撞","2020",6,2,5,"晴","日間自然光線",50,"四岔路","交叉路口內","柏油","乾燥","良好","正常","無","未繪設快慢車道分隔線","無",69,"未使用",121.598357,23.976738,"花蓮縣","花蓮市"
"路口交岔撞","2020",6,2,5,"晴","日間自然光線",50,"四岔路","交叉路口內","柏油","乾燥","良好","正常","無","未繪設快慢車道分隔線","無",59,"未使用",121.598357,23.976738,"花蓮縣","花蓮市"
"撞護欄(樁)","2020",6,2,6,"晴","日間自然光線",110,"直路","快車道","柏油","乾燥","良好","無號誌","中央分向島","未繪設快慢車道分隔線","有",26,"不明",120.566336,24.105133,"彰化縣","彰化市"
"其他","2020",6,2,7,"晴","日間自然光線",60,"四岔路","交叉路口內","柏油","乾燥","良好","正常","雙向禁止超車線","未繪設快慢車道分隔線","有",57,"未使用",120.559305,22.697525,"屏東縣","長治鄉"
"其他","2020",6,2,7,"晴","日間自然光線",60,"四岔路","交叉路口內","柏油","乾燥","良好","正常","雙向禁止超車線","未繪設快慢車道分隔線","有",19,"未使用",120.559305,22.697525,"屏東縣","長治鄉"
"其他","2020",6,2,7,"晴","日間自然光線",60,"四岔路","交叉路口內","柏油","乾燥","良好","正常","雙向禁止超車線","未繪設快慢車道分隔線","有",32,"未使用",120.559305,22.697525,"屏東縣","長治鄉"
"其他","2020",6,2,7,"晴","日間自然光線",60,"四岔路","交叉路口內","柏油","乾燥","良好","正常","雙向禁止超車線","未繪設快慢車道分隔線","有",27,"未使用",120.559305,22.697525,"屏東縣","長治鄉"
"側撞","2020",6,2,10,"晴","日間自然光線",50,"直路","一般車道(未劃分快慢車道)","柏油","乾燥","良好","無號誌","雙向禁止超車線","快慢車道分隔線","有",36,"未使用",120.187948,23.427264,"嘉義縣","東石鄉"
"側撞","2020",6,2,10,"晴","日間自然光線",50,"直路","一般車道(未劃分快慢車道)","柏油","乾燥","良好","無號誌","雙向禁止超車線","快慢車道分隔線","有",88,"未使用",120.187948,23.427264,"嘉義縣","東石鄉"
"路口交岔撞","2020",6,2,10,"晴","日間自然光線",50,"四岔路","交叉路口內","柏油","乾燥","良好","正常","無","未繪設快慢車道分隔線","無",67,"未使用",121.564657,23.965853,"花蓮縣","吉安鄉"
"路口交岔撞","2020",6,2,10,"晴","日間自然光線",50,"四岔路","交叉路口內","柏油","乾燥","良好","正常","無","未繪設快慢車道分隔線","無",65,"未使用",121.564657,23.965853,"花蓮縣","吉安鄉"
"其他","2020",6,2,14,"晴","日間自然光線",50,"直路","快車道","柏油","乾燥","良好","無號誌","行車分向線","快慢車道分隔線","有",78,"未使用",120.549874,22.470188,"屏東縣","新埤鄉"
"其他","2020",6,2,14,"晴","日間自然光線",50,"直路","快車道","柏油","乾燥","良好","無號誌","行車分向線","快慢車道分隔線","有",75,"未使用",120.549874,22.470188,"屏東縣","新埤鄉"
"其他","2020",6,2,14,"晴","日間自然光線",50,"直路","快車道","柏油","乾燥","良好","無號誌","行車分向線","快慢車道分隔線","有",24,"非汽(機)車駕駛人",120.549874,22.470188,"屏東縣","新埤鄉"
"其他","2020",6,2,14,"晴","日間自然光線",50,"直路","快車道","柏油","乾燥","良好","無號誌","行車分向線","快慢車道分隔線","有",51,"未使用",120.549874,22.470188,"屏東縣","新埤鄉"
"撞路樹、電桿","2020",6,2,16,"陰","日間自然光線",70,"直路","路肩、路緣","柏油","乾燥","良好","無號誌","中央分向島","快慢車道分隔線","有",59,"未使用",121.548421,23.890258,"花蓮縣","壽豐鄉"
"撞路樹、電桿","2020",6,2,16,"陰","日間自然光線",70,"直路","路肩、路緣","柏油","乾燥","良好","無號誌","中央分向島","快慢車道分隔線","有",56,"非汽(機)車駕駛人",121.548421,23.890258,"花蓮縣","壽豐鄉"
"側撞","2020",6,2,18,"晴","晨或暮光",30,"三岔路","交叉路口內","柏油","乾燥","良好","正常","無","未繪設快慢車道分隔線","無",81,"非汽(機)車駕駛人",120.24767,23.189999,"臺南市","麻豆區"
"側撞","2020",6,2,18,"晴","晨或暮光",30,"三岔路","交叉路口內","柏油","乾燥","良好","正常","無","未繪設快慢車道分隔線","無",37,"未使用",120.24767,23.189999,"臺南市","麻豆區"
"穿越道路中","2020",6,2,20,"晴","夜間(或隧道、地下道、涵洞)有照明",50,"直路","快車道","柏油","乾燥","良好","無號誌","雙向禁止超車線","快慢車道分隔線","無",24,"未使用",120.618199,24.162588,"臺中市","西屯區"
"穿越道路中","2020",6,2,20,"晴","夜間(或隧道、地下道、涵洞)有照明",50,"直路","快車道","柏油","乾燥","良好","無號誌","雙向禁止超車線","快慢車道分隔線","無",88,"非汽(機)車駕駛人",120.618199,24.162588,"臺中市","西屯區"
"追撞","2020",6,2,22,"晴","夜間(或隧道、地下道、涵洞)有照明",50,"直路","路肩、路緣","柏油","乾燥","良好","無號誌","雙向禁止超車線","未繪設快慢車道分隔線","有",61,"未使用",121.337994,24.948643,"新北市","鶯歌區"
"追撞","2020",6,2,22,"晴","夜間(或隧道、地下道、涵洞)有照明",50,"直路","路肩、路緣","柏油","乾燥","良好","無號誌","雙向禁止超車線","未繪設快慢車道分隔線","有",45,"未使用",121.337994,24.948643,"新北市","鶯歌區"
"側撞","2020",6,3,6,"晴","日間自然光線",50,"多岔路","交叉路口內","柏油","乾燥","良好","正常","無","未繪設快慢車道分隔線","無",30,"未使用",121.766752,24.751684,"宜蘭縣","宜蘭市"
"側撞","2020",6,3,6,"晴","日間自然光線",50,"多岔路","交叉路口內","柏油","乾燥","良好","正常","無","未繪設快慢車道分隔線","無",74,"未使用",121.766752,24.751684,"宜蘭縣","宜蘭市"
"側撞","2020",6,3,6,"晴","日間自然光線",70,"四岔路","交叉路口內","柏油","乾燥","良好","正常","無","未繪設快慢車道分隔線","無",72,"未使用",120.466787,23.620679,"嘉義縣","大林鎮"
"側撞","2020",6,3,6,"晴","日間自然光線",70,"四岔路","交叉路口內","柏油","乾燥","良好","正常","無","未繪設快慢車道分隔線","無",39,"未使用",120.466787,23.620679,"嘉義縣","大林鎮"
"側撞","2020",6,3,7,"晴","日間自然光線",50,"四岔路","交叉路口內","柏油","乾燥","良好","正常","中央分向島","快慢車道分隔線","有",77,"未使用",120.893404,24.669967,"苗栗縣","頭份市"
"側撞","2020",6,3,7,"晴","日間自然光線",50,"四岔路","交叉路口內","柏油","乾燥","良好","正常","中央分向島","快慢車道分隔線","有",72,"未使用",120.893404,24.669967,"苗栗縣","頭份市"
"側撞","2020",6,3,10,"晴","日間自然光線",40,"直路","一般車道(未劃分快慢車道)","柏油","乾燥","良好","無號誌","行車分向線","未繪設快慢車道分隔線","無",46,"未使用",120.663789,23.949555,"南投縣","草屯鎮"
"側撞","2020",6,3,10,"晴","日間自然光線",40,"直路","一般車道(未劃分快慢車道)","柏油","乾燥","良好","無號誌","行車分向線","未繪設快慢車道分隔線","無",86,"未使用",120.663789,23.949555,"南投縣","草屯鎮"
"同向通行中","2020",6,3,19,"晴","夜間(或隧道、地下道、涵洞)有照明",30,"直路","一般車道(未劃分快慢車道)","柏油","乾燥","良好","無號誌","無","未繪設快慢車道分隔線","無",19,"未使用",120.2704,23.03221,"臺南市","永康區"
"同向通行中","2020",6,3,19,"晴","夜間(或隧道、地下道、涵洞)有照明",30,"直路","一般車道(未劃分快慢車道)","柏油","乾燥","良好","無號誌","無","未繪設快慢車道分隔線","無",76,"非汽(機)車駕駛人",120.2704,23.03221,"臺南市","永康區"
"穿越道路中","2020",6,4,2,"晴","夜間(或隧道、地下道、涵洞)有照明",50,"四岔路","交叉口附近","柏油","乾燥","良好","正常","無","快慢車道分隔線","有",33,"未使用",120.988921,24.815498,"新竹市","東區"
"穿越道路中","2020",6,4,2,"晴","夜間(或隧道、地下道、涵洞)有照明",50,"四岔路","交叉口附近","柏油","乾燥","良好","正常","無","快慢車道分隔線","有",71,"未使用",120.988921,24.815498,"新竹市","東區"
"同向擦撞","2020",6,4,7,"晴","日間自然光線",50,"直路","路肩、路緣","柏油","乾燥","良好","無號誌","雙向禁止超車線","未繪設快慢車道分隔線","有",34,"未使用",120.280982,23.326924,"臺南市","鹽水區"
"同向擦撞","2020",6,4,7,"晴","日間自然光線",50,"直路","路肩、路緣","柏油","乾燥","良好","無號誌","雙向禁止超車線","未繪設快慢車道分隔線","有",36,"未使用",120.280982,23.326924,"臺南市","鹽水區"
"穿越道路中","2020",6,4,8,"晴","日間自然光線",70,"直路","一般車道(未劃分快慢車道)","柏油","乾燥","良好","無號誌","中央分向島","未繪設快慢車道分隔線","有",103,"未使用",121.571389,25.268611,"新北市","石門區"
"穿越道路中","2020",6,4,8,"晴","日間自然光線",70,"直路","一般車道(未劃分快慢車道)","柏油","乾燥","良好","無號誌","中央分向島","未繪設快慢車道分隔線","有",85,"非汽(機)車駕駛人",121.571389,25.268611,"新北市","石門區"
"路口交岔撞","2020",6,4,8,"晴","日間自然光線",30,"四岔路","交叉路口內","柏油","乾燥","良好","無號誌","無","未繪設快慢車道分隔線","無",53,"不明",120.267744,23.750658,"雲林縣","麥寮鄉"
"路口交岔撞","2020",6,4,8,"晴","日間自然光線",30,"四岔路","交叉路口內","柏油","乾燥","良好","無號誌","無","未繪設快慢車道分隔線","無",79,"不明",120.267744,23.750658,"雲林縣","麥寮鄉"
"路口交岔撞","2020",6,4,8,"晴","日間自然光線",30,"四岔路","交叉路口內","柏油","乾燥","良好","無號誌","無","未繪設快慢車道分隔線","無",75,"非汽(機)車駕駛人",120.267744,23.750658,"雲林縣","麥寮鄉"
"路口交岔撞","2020",6,4,9,"晴","日間自然光線",50,"三岔路","交叉路口內","柏油","乾燥","良好","正常","無","未繪設快慢車道分隔線","無",57,"未使用",120.33216,22.561835,"高雄市","小港區"
"路口交岔撞","2020",6,4,9,"晴","日間自然光線",50,"三岔路","交叉路口內","柏油","乾燥","良好","正常","無","未繪設快慢車道分隔線","無",24,"未使用",120.33216,22.561835,"高雄市","小港區"
"路上翻車、摔倒","2020",6,4,9,"晴","日間自然光線",30,"直路","一般車道(未劃分快慢車道)","柏油","乾燥","良好","無號誌","行車分向線","未繪設快慢車道分隔線","有",81,"未使用",121.146315,24.940409,"桃園市","楊梅區"
"路口交岔撞","2020",6,4,9,"晴","日間自然光線",30,"四岔路","交叉路口內","柏油","乾燥","良好","無號誌","無","未繪設快慢車道分隔線","無",66,"未使用",121.233692,24.938352,"桃園市","中壢區"
"路口交岔撞","2020",6,4,9,"晴","日間自然光線",30,"四岔路","交叉路口內","柏油","乾燥","良好","無號誌","無","未繪設快慢車道分隔線","無",22,"未使用",121.233692,24.938352,"桃園市","中壢區"
"追撞","2020",6,4,12,"晴","日間自然光線",50,"彎曲路及附近","一般車道(未劃分快慢車道)","柏油","乾燥","不良","無號誌","中央分向島","未繪設快慢車道分隔線","有",25,"不明",120.73903,24.360817,"苗栗縣","三義鄉"
"追撞","2020",6,4,12,"晴","日間自然光線",50,"彎曲路及附近","一般車道(未劃分快慢車道)","柏油","乾燥","不良","無號誌","中央分向島","未繪設快慢車道分隔線","有",26,"非汽(機)車駕駛人",120.73903,24.360817,"苗栗縣","三義鄉"
"追撞","2020",6,4,12,"晴","日間自然光線",50,"彎曲路及附近","一般車道(未劃分快慢車道)","柏油","乾燥","不良","無號誌","中央分向島","未繪設快慢車道分隔線","有",27,"非汽(機)車駕駛人",120.73903,24.360817,"苗栗縣","三義鄉"
"追撞","2020",6,4,12,"晴","日間自然光線",50,"彎曲路及附近","一般車道(未劃分快慢車道)","柏油","乾燥","不良","無號誌","中央分向島","未繪設快慢車道分隔線","有",36,"非汽(機)車駕駛人",120.73903,24.360817,"苗栗縣","三義鄉"
"追撞","2020",6,4,12,"晴","日間自然光線",50,"彎曲路及附近","一般車道(未劃分快慢車道)","柏油","乾燥","不良","無號誌","中央分向島","未繪設快慢車道分隔線","有",37,"非汽(機)車駕駛人",120.73903,24.360817,"苗栗縣","三義鄉"
"追撞","2020",6,4,12,"晴","日間自然光線",50,"彎曲路及附近","一般車道(未劃分快慢車道)","柏油","乾燥","不良","無號誌","中央分向島","未繪設快慢車道分隔線","有",53,"未使用",120.73903,24.360817,"苗栗縣","三義鄉"
"側撞","2020",6,4,14,"晴","日間自然光線",60,"三岔路","交叉路口內","柏油","乾燥","良好","無號誌","無","未繪設快慢車道分隔線","無",74,"未使用",120.369653,23.786427,"雲林縣","二崙鄉"
"側撞","2020",6,4,14,"晴","日間自然光線",60,"三岔路","交叉路口內","柏油","乾燥","良好","無號誌","無","未繪設快慢車道分隔線","無",48,"未使用",120.369653,23.786427,"雲林縣","二崙鄉"
"側撞","2020",6,4,22,"晴","夜間(或隧道、地下道、涵洞)有照明",50,"三岔路","交叉路口內","柏油","乾燥","良好","無號誌","無","未繪設快慢車道分隔線","無",47,"未使用",121.379582,23.099954,"臺東縣","成功鎮"
"側撞","2020",6,4,22,"晴","夜間(或隧道、地下道、涵洞)有照明",50,"三岔路","交叉路口內","柏油","乾燥","良好","無號誌","無","未繪設快慢車道分隔線","無",46,"未使用",121.379582,23.099954,"臺東縣","成功鎮"
"側撞","2020",6,5,4,"晴","夜間(或隧道、地下道、涵洞)有照明",60,"四岔路","交叉路口內","柏油","乾燥","良好","正常","中央分向島","寛式快慢車道分隔島(50公分以上)","無",74,"未使用",120.351564,22.617443,"高雄市","鳳山區"
"側撞","2020",6,5,4,"晴","夜間(或隧道、地下道、涵洞)有照明",60,"四岔路","交叉路口內","柏油","乾燥","良好","正常","中央分向島","寛式快慢車道分隔島(50公分以上)","無",27,"未使用",120.351564,22.617443,"高雄市","鳳山區"
"側撞","2020",6,5,6,"晴","日間自然光線",50,"直路","一般車道(未劃分快慢車道)","柏油","乾燥","良好","無號誌","雙向禁止超車線","未繪設快慢車道分隔線","有",21,"未使用",120.573514,22.702064,"屏東縣","長治鄉"
"側撞","2020",6,5,6,"晴","日間自然光線",50,"直路","一般車道(未劃分快慢車道)","柏油","乾燥","良好","無號誌","雙向禁止超車線","未繪設快慢車道分隔線","有",66,"未使用",120.573514,22.702064,"屏東縣","長治鄉"
"穿越道路中","2020",6,5,9,"晴","日間自然光線",50,"三岔路","交叉路口內","柏油","乾燥","良好","無號誌","中央分向島","未繪設快慢車道分隔線","無",70,"非汽(機)車駕駛人",120.333387,22.607201,"高雄市","前鎮區"
"穿越道路中","2020",6,5,9,"晴","日間自然光線",50,"三岔路","交叉路口內","柏油","乾燥","良好","無號誌","中央分向島","未繪設快慢車道分隔線","無",50,"未使用",120.333387,22.607201,"高雄市","前鎮區"
"同向擦撞","2020",6,5,11,"晴","日間自然光線",50,"其他","一般車道(未劃分快慢車道)","柏油","乾燥","良好","無號誌","無","寛式快慢車道分隔島(50公分以上)","有",49,"未使用",121.296171,24.998398,"桃園市","桃園區"
"同向擦撞","2020",6,5,11,"晴","日間自然光線",50,"其他","一般車道(未劃分快慢車道)","柏油","乾燥","良好","無號誌","無","寛式快慢車道分隔島(50公分以上)","有",67,"未使用",121.296171,24.998398,"桃園市","桃園區"
"對撞","2020",6,5,12,"晴","日間自然光線",50,"橋樑","一般車道(未劃分快慢車道)","柏油","乾燥","良好","無號誌","雙向禁止超車線","未繪設快慢車道分隔線","有",61,"未使用",120.763051,23.816841,"南投縣","竹山鎮"
"對撞","2020",6,5,12,"晴","日間自然光線",50,"橋樑","一般車道(未劃分快慢車道)","柏油","乾燥","良好","無號誌","雙向禁止超車線","未繪設快慢車道分隔線","有",37,"未使用",120.763051,23.816841,"南投縣","竹山鎮"
"側撞","2020",6,5,16,"晴","日間自然光線",60,"四岔路","交叉路口內","柏油","乾燥","良好","正常","無","未繪設快慢車道分隔線","無",64,"未使用",120.186946,22.992602,"臺南市","西區"
"側撞","2020",6,5,16,"晴","日間自然光線",60,"四岔路","交叉路口內","柏油","乾燥","良好","正常","無","未繪設快慢車道分隔線","無",66,"未使用",120.186946,22.992602,"臺南市","西區"
"撞交通島","2020",6,5,21,"晴","夜間(或隧道、地下道、涵洞)有照明",70,"彎曲路及附近","快車道","柏油","乾燥","良好","無號誌","中央分向島","快慢車道分隔線","有",30,"不明",120.551169,23.922017,"彰化縣","永靖鄉"
"撞交通島","2020",6,5,23,"晴","夜間(或隧道、地下道、涵洞)有照明",50,"彎曲路及附近","一般車道(未劃分快慢車道)","柏油","乾燥","良好","無號誌","行車分向線","未繪設快慢車道分隔線","有",22,"未使用",121.249577,24.880503,"桃園市","龍潭區"
"衝出路外","2020",6,6,3,"晴","夜間(或隧道、地下道、涵洞)無照明",50,"直路","一般車道(未劃分快慢車道)","柏油","乾燥","良好","無號誌","行車分向線","未繪設快慢車道分隔線","有",42,"不明",120.57715,22.713204,"屏東縣","長治鄉"
"側撞","2020",6,6,7,"晴","日間自然光線",50,"多岔路","交叉口附近","柏油","乾燥","良好","無號誌","雙向禁止超車線","未繪設快慢車道分隔線","無",85,"未使用",121.457766,25.097622,"新北市","淡水區"
"側撞","2020",6,6,7,"晴","日間自然光線",50,"多岔路","交叉口附近","柏油","乾燥","良好","無號誌","雙向禁止超車線","未繪設快慢車道分隔線","無",24,"未使用",121.457766,25.097622,"新北市","淡水區"
"側撞","2020",6,6,7,"晴","日間自然光線",50,"多岔路","交叉口附近","柏油","乾燥","良好","無號誌","雙向禁止超車線","未繪設快慢車道分隔線","無",58,"未使用",121.457766,25.097622,"新北市","淡水區"
"對撞","2020",6,6,13,"雨","日間自然光線",40,"三岔路","交叉路口內","柏油","濕潤","良好","無號誌","無","未繪設快慢車道分隔線","有",25,"未使用",120.935034,23.898908,"南投縣","魚池鄉"
"對撞","2020",6,6,13,"雨","日間自然光線",40,"三岔路","交叉路口內","柏油","濕潤","良好","無號誌","無","未繪設快慢車道分隔線","有",32,"未使用",120.935034,23.898908,"南投縣","魚池鄉"
"撞交通島","2020",6,6,15,"陰","日間自然光線",60,"直路","快車道","柏油","乾燥","良好","無號誌","中央分向島","未繪設快慢車道分隔線","有",63,"不明",120.562941,22.410186,"屏東縣","佳冬鄉"
"其他","2020",6,7,3,"陰","夜間(或隧道、地下道、涵洞)有照明",70,"三岔路","行人穿越道","柏油","乾燥","良好","正常","單向禁止超車線","窄式快慢車道分隔島(無柵欄)","有",51,"非汽(機)車駕駛人",121.633343,24.113575,"花蓮縣","新城鄉"
"其他","2020",6,7,3,"陰","夜間(或隧道、地下道、涵洞)有照明",70,"三岔路","行人穿越道","柏油","乾燥","良好","正常","單向禁止超車線","窄式快慢車道分隔島(無柵欄)","有",22,"未使用",121.633343,24.113575,"花蓮縣","新城鄉"
"撞路樹、電桿","2020",6,7,16,"晴","日間自然光線",40,"直路","一般車道(未劃分快慢車道)","柏油","乾燥","良好","無號誌","行車分向線","未繪設快慢車道分隔線","有",58,"不明",120.528334,22.4626,"屏東縣","林邊鄉"
"撞護欄(樁)","2020",6,8,3,"晴","夜間(或隧道、地下道、涵洞)有照明",40,"彎曲路及附近","一般車道(未劃分快慢車道)","柏油","乾燥","良好","無號誌","中央分向島","未繪設快慢車道分隔線","無",25,"不明",121.524805,25.073884,"臺北市","中山區"
"對向擦撞","2020",6,8,10,"陰","日間自然光線",30,"直路","一般車道(未劃分快慢車道)","柏油","濕潤","不良","無號誌","雙向禁止超車線","未繪設快慢車道分隔線","有",82,"不明",121.418597,25.029608,"新北市","新莊區"
"對向擦撞","2020",6,8,10,"陰","日間自然光線",30,"直路","一般車道(未劃分快慢車道)","柏油","濕潤","不良","無號誌","雙向禁止超車線","未繪設快慢車道分隔線","有",51,"未使用",121.418597,25.029608,"新北市","新莊區"
"對向擦撞","2020",6,8,10,"陰","日間自然光線",30,"直路","一般車道(未劃分快慢車道)","柏油","濕潤","不良","無號誌","雙向禁止超車線","未繪設快慢車道分隔線","有",49,"未使用",121.418597,25.029608,"新北市","新莊區"
"對向擦撞","2020",6,8,10,"陰","日間自然光線",30,"直路","一般車道(未劃分快慢車道)","柏油","濕潤","不良","無號誌","雙向禁止超車線","未繪設快慢車道分隔線","有",82,"未使用",121.418597,25.029608,"新北市","新莊區"
"對向擦撞","2020",6,8,10,"陰","日間自然光線",30,"直路","一般車道(未劃分快慢車道)","柏油","濕潤","不良","無號誌","雙向禁止超車線","未繪設快慢車道分隔線","有",40,"未使用",121.418597,25.029608,"新北市","新莊區"
"對向擦撞","2020",6,8,10,"陰","日間自然光線",30,"直路","一般車道(未劃分快慢車道)","柏油","濕潤","不良","無號誌","雙向禁止超車線","未繪設快慢車道分隔線","有",53,"未使用",121.418597,25.029608,"新北市","新莊區"
"對向擦撞","2020",6,8,10,"陰","日間自然光線",30,"直路","一般車道(未劃分快慢車道)","柏油","濕潤","不良","無號誌","雙向禁止超車線","未繪設快慢車道分隔線","有",51,"未使用",121.418597,25.029608,"新北市","新莊區"
"側撞","2020",6,8,11,"晴","日間自然光線",50,"直路","一般車道(未劃分快慢車道)","柏油","乾燥","良好","無號誌","雙向禁止超車線","未繪設快慢車道分隔線","有",79,"未使用",120.572107,22.701891,"屏東縣","長治鄉"
"側撞","2020",6,8,11,"晴","日間自然光線",50,"直路","一般車道(未劃分快慢車道)","柏油","乾燥","良好","無號誌","雙向禁止超車線","未繪設快慢車道分隔線","有",21,"未使用",120.572107,22.701891,"屏東縣","長治鄉"
"側撞","2020",6,8,11,"晴","日間自然光線",50,"直路","一般車道(未劃分快慢車道)","柏油","乾燥","良好","無號誌","雙向禁止超車線","未繪設快慢車道分隔線","有",85,"未使用",120.572107,22.701891,"屏東縣","長治鄉"
"側撞","2020",6,8,11,"晴","日間自然光線",50,"直路","一般車道(未劃分快慢車道)","柏油","乾燥","良好","無號誌","雙向禁止超車線","未繪設快慢車道分隔線","有",77,"未使用",120.572107,22.701891,"屏東縣","長治鄉"
"撞路樹、電桿","2020",6,8,17,"陰","日間自然光線",50,"直路","一般車道(未劃分快慢車道)","柏油","濕潤","良好","無號誌","行車分向線","未繪設快慢車道分隔線","有",48,"未使用",120.496377,22.598178,"屏東縣","萬丹鄉"
"撞路樹、電桿","2020",6,8,19,"陰","夜間(或隧道、地下道、涵洞)有照明",30,"直路","一般車道(未劃分快慢車道)","柏油","乾燥","良好","無號誌","無","未繪設快慢車道分隔線","無",65,"未使用",120.191459,22.925201,"臺南市","南區"
"撞路樹、電桿","2020",6,8,19,"陰","夜間(或隧道、地下道、涵洞)有照明",30,"直路","一般車道(未劃分快慢車道)","柏油","乾燥","良好","無號誌","無","未繪設快慢車道分隔線","無",22,"未使用",120.191459,22.925201,"臺南市","南區"
"撞路樹、電桿","2020",6,8,19,"陰","夜間(或隧道、地下道、涵洞)有照明",30,"直路","一般車道(未劃分快慢車道)","柏油","乾燥","良好","無號誌","無","未繪設快慢車道分隔線","無",42,"未使用",120.191459,22.925201,"臺南市","南區"
"撞護欄(樁)","2020",6,8,23,"雨","夜間(或隧道、地下道、涵洞)有照明",50,"高架道路","快車道","柏油","濕潤","良好","無號誌","行車分向線","未繪設快慢車道分隔線","無",46,"未使用",120.644313,24.112306,"臺中市","烏日區"