"事故類型及型態子類別名稱","發生年度","發生月份","發生日期","發生時間","天候名稱","光線名稱","速限.第1當事者","道路型態子類別名稱","事故位置子類別名稱","路面狀況.路面鋪裝名稱","路面狀況.路面狀態名稱","道路障礙.視距品質名稱","號誌.號誌動作名稱","車道劃分設施.分向設施大類別名稱","車道劃分設施.分道設施.快慢車道間名稱","車道劃分設施.分道設施.路面邊線名稱","當事者事故發生時年齡","行動電話或電腦或其他相類功能裝置名稱","經度","緯度","縣市","鄉鎮"
"撞護欄(樁)","2020",6,9,0,"晴","夜間(或隧道、地下道、涵洞)有照明",40,"直路","慢車道","柏油","乾燥","良好","無號誌","中央分向島","窄式快慢車道分隔島(無柵欄)","有",109,"",120.2025,22.88065,"高雄市","茄萣區"
"撞護欄(樁)","2020",6,9,0,"晴","夜間(或隧道、地下道、涵洞)有照明",40,"直路","慢車道","柏油","乾燥","良好","無號誌","中央分向島","窄式快慢車道分隔島(無柵欄)","有",24,"未使用",120.2025,22.88065,"高雄市","茄萣區"
"路上翻車、摔倒","2020",6,9,7,"晴","日間自然光線",30,"其他","一般車道(未劃分快慢車道)","水泥","乾燥","良好","無號誌","無","未繪設快慢車道分隔線","無",67,"未使用",120.7601,24.278788,"臺中市","豐原區"
"對撞","2020",6,9,12,"陰","日間自然光線",60,"直路","一般車道(未劃分快慢車道)","柏油","乾燥","良好","無號誌","雙向禁止超車線","快慢車道分隔線","有",28,"不明",121.496048,23.456909,"花蓮縣","豐濱鄉"
"對撞","2020",6,9,12,"陰","日間自然光線",60,"直路","一般車道(未劃分快慢車道)","柏油","乾燥","良好","無號誌","雙向禁止超車線","快慢車道分隔線","有",23,"非汽(機)車駕駛人",121.496048,23.456909,"花蓮縣","豐濱鄉"
"對撞","2020",6,9,12,"陰","日間自然光線",60,"直路","一般車道(未劃分快慢車道)","柏油","乾燥","良好","無號誌","雙向禁止超車線","快慢車道分隔線","有",31,"未使用",121.496048,23.456909,"花蓮縣","豐濱鄉"
"路上翻車、摔倒","2020",6,9,15,"雨","日間自然光線",40,"彎曲路及附近","一般車道(未劃分快慢車道)","柏油","濕潤","不良","無號誌","雙向禁止超車線","未繪設快慢車道分隔線","有",20,"未使用",121.720231,24.901738,"新北市","坪林區"
"其他","2020",6,9,17,"雨","日間自然光線",50,"四岔路","交叉路口內","柏油","濕潤","良好","正常","無","未繪設快慢車道分隔線","無",30,"未使用",120.47612,24.124633,"彰化縣","線西鄉"
"其他","2020",6,9,17,"雨","日間自然光線",50,"四岔路","交叉路口內","柏油","濕潤","良好","正常","無","未繪設快慢車道分隔線","無",42,"未使用",120.47612,24.124633,"彰化縣","線西鄉"
"撞路樹、電桿","2020",6,9,17,"雨","日間自然光線",50,"直路","路肩、路緣","柏油","濕潤","良好","無號誌","雙向禁止超車線","未繪設快慢車道分隔線","有",64,"未使用",120.175574,23.236984,"臺南市","學甲區"
"撞路樹、電桿","2020",6,10,5,"陰","晨或暮光",50,"直路","一般車道(未劃分快慢車道)","柏油","乾燥","良好","無號誌","行車分向線","未繪設快慢車道分隔線","有",43,"不明",121.08283,24.976474,"桃園市","新屋區"
"穿越道路中","2020",6,10,7,"晴","日間自然光線",50,"三岔路","交叉路口內","柏油","乾燥","良好","正常","無","未繪設快慢車道分隔線","無",60,"未使用",120.248329,22.882424,"高雄市","湖內區"
"穿越道路中","2020",6,10,7,"晴","日間自然光線",50,"三岔路","交叉路口內","柏油","乾燥","良好","正常","無","未繪設快慢車道分隔線","無",79,"非汽(機)車駕駛人",120.248329,22.882424,"高雄市","湖內區"
"穿越道路中","2020",6,10,7,"晴","日間自然光線",70,"三岔路","交叉路口內","柏油","乾燥","良好","正常","無","未繪設快慢車道分隔線","無",24,"未使用",120.952599,24.772718,"新竹市","香山區"
"穿越道路中","2020",6,10,7,"晴","日間自然光線",70,"三岔路","交叉路口內","柏油","乾燥","良好","正常","無","未繪設快慢車道分隔線","無",78,"非汽(機)車駕駛人",120.952599,24.772718,"新竹市","香山區"
"側撞","2020",6,10,8,"晴","日間自然光線",50,"三岔路","交叉口附近","柏油","乾燥","良好","正常","雙向禁止超車線","未繪設快慢車道分隔線","有",71,"未使用",121.01745,24.855853,"新竹縣","湖口鄉"
"側撞","2020",6,10,8,"晴","日間自然光線",50,"三岔路","交叉口附近","柏油","乾燥","良好","正常","雙向禁止超車線","未繪設快慢車道分隔線","有",19,"未使用",121.01745,24.855853,"新竹縣","湖口鄉"
"對撞","2020",6,10,8,"晴","日間自然光線",50,"三岔路","交叉路口內","柏油","乾燥","良好","無號誌","無","未繪設快慢車道分隔線","有",78,"不明",120.302274,23.400171,"嘉義縣","鹿草鄉"
"對撞","2020",6,10,8,"晴","日間自然光線",50,"三岔路","交叉路口內","柏油","乾燥","良好","無號誌","無","未繪設快慢車道分隔線","有",48,"未使用",120.302274,23.400171,"嘉義縣","鹿草鄉"
"同向擦撞","2020",6,10,10,"晴","日間自然光線",50,"直路","一般車道(未劃分快慢車道)","柏油","乾燥","良好","無號誌","中央分向島","未繪設快慢車道分隔線","有",32,"未使用",120.3,22.62716,"高雄市","左營區"
"同向擦撞","2020",6,10,10,"晴","日間自然光線",50,"直路","一般車道(未劃分快慢車道)","柏油","乾燥","良好","無號誌","中央分向島","未繪設快慢車道分隔線","有",81,"未使用",120.3,22.62716,"高雄市","左營區"
"側撞","2020",6,10,11,"晴","日間自然光線",70,"多岔路","交叉路口內","柏油","乾燥","良好","正常","中央分向島","快慢車道分隔線","有",64,"未使用",120.618353,24.05945,"彰化縣","彰化市"
"側撞","2020",6,10,11,"晴","日間自然光線",70,"多岔路","交叉路口內","柏油","乾燥","良好","正常","中央分向島","快慢車道分隔線","有",69,"未使用",120.618353,24.05945,"彰化縣","彰化市"
"路口交岔撞","2020",6,10,17,"晴","日間自然光線",50,"四岔路","交叉路口內","柏油","乾燥","良好","正常","無","未繪設快慢車道分隔線","無",46,"未使用",120.169443,23.160742,"臺南市","佳里區"
"路口交岔撞","2020",6,10,17,"晴","日間自然光線",50,"四岔路","交叉路口內","柏油","乾燥","良好","正常","無","未繪設快慢車道分隔線","無",81,"不明",120.169443,23.160742,"臺南市","佳里區"
"路口交岔撞","2020",6,10,17,"晴","日間自然光線",50,"四岔路","交叉路口內","柏油","乾燥","良好","正常","無","未繪設快慢車道分隔線","無",71,"非汽(機)車駕駛人",120.169443,23.160742,"臺南市","佳里區"
"同向通行中","2020",6,10,19,"晴","夜間(或隧道、地下道、涵洞)有照明",50,"直路","一般車道(未劃分快慢車道)","柏油","乾燥","良好","無號誌","行車分向線","未繪設快慢車道分隔線","有",38,"未使用",120.659197,23.992778,"南投縣","草屯鎮"
"同向通行中","2020",6,10,19,"晴","夜間(或隧道、地下道、涵洞)有照明",50,"直路","一般車道(未劃分快慢車道)","柏油","乾燥","良好","無號誌","行車分向線","未繪設快慢車道分隔線","有",91,"非汽(機)車駕駛人",120.659197,23.992778,"南投縣","草屯鎮"
"撞護欄(樁)","2020",6,10,20,"雨","夜間(或隧道、地下道、涵洞)有照明",50,"圓環","一般車道(未劃分快慢車道)","柏油","濕潤","良好","無號誌","行車分向線","未繪設快慢車道分隔線","有",52,"不明",118.396028,24.453464,"金門縣","金湖鎮"
"撞護欄(樁)","2020",6,10,23,"晴","夜間(或隧道、地下道、涵洞)有照明",60,"三岔路","交叉口附近","柏油","乾燥","良好","無號誌","中央分向島","快慢車道分隔線","有",30,"未使用",121.099634,22.899436,"臺東縣","鹿野鄉"
"撞護欄(樁)","2020",6,10,23,"晴","夜間(或隧道、地下道、涵洞)有照明",60,"三岔路","交叉口附近","柏油","乾燥","良好","無號誌","中央分向島","快慢車道分隔線","有",5,"非汽(機)車駕駛人",121.099634,22.899436,"臺東縣","鹿野鄉"
"撞護欄(樁)","2020",6,10,23,"晴","夜間(或隧道、地下道、涵洞)有照明",60,"三岔路","交叉口附近","柏油","乾燥","良好","無號誌","中央分向島","快慢車道分隔線","有",36,"非汽(機)車駕駛人",121.099634,22.899436,"臺東縣","鹿野鄉"
"撞路樹、電桿","2020",6,11,0,"晴","夜間(或隧道、地下道、涵洞)有照明",40,"直路","慢車道","柏油","乾燥","良好","無號誌","雙向禁止超車線","快慢車道分隔線","無",109,"",120.301656,22.6282,"高雄市","新興區"
"撞路樹、電桿","2020",6,11,0,"晴","夜間(或隧道、地下道、涵洞)有照明",40,"直路","慢車道","柏油","乾燥","良好","無號誌","雙向禁止超車線","快慢車道分隔線","無",22,"未使用",120.301656,22.6282,"高雄市","新興區"
"同向擦撞","2020",6,11,8,"晴","日間自然光線",50,"直路","一般車道(未劃分快慢車道)","柏油","乾燥","良好","無號誌","中央分向島","未繪設快慢車道分隔線","有",71,"未使用",121.19569,24.957021,"桃園市","平鎮區"
"同向擦撞","2020",6,11,8,"晴","日間自然光線",50,"直路","一般車道(未劃分快慢車道)","柏油","乾燥","良好","無號誌","中央分向島","未繪設快慢車道分隔線","有",62,"未使用",121.19569,24.957021,"桃園市","平鎮區"
"路口交岔撞","2020",6,11,10,"晴","日間自然光線",30,"四岔路","交叉路口內","柏油","乾燥","良好","無號誌","無","未繪設快慢車道分隔線","無",80,"不明",120.339499,23.46818,"嘉義縣","太保市"
"路口交岔撞","2020",6,11,10,"晴","日間自然光線",30,"四岔路","交叉路口內","柏油","乾燥","良好","無號誌","無","未繪設快慢車道分隔線","無",63,"未使用",120.339499,23.46818,"嘉義縣","太保市"
"路口交岔撞","2020",6,11,12,"晴","日間自然光線",30,"多岔路","交叉路口內","柏油","乾燥","良好","正常","無","未繪設快慢車道分隔線","無",43,"不明",120.329878,23.445685,"嘉義縣","太保市"
"路口交岔撞","2020",6,11,12,"晴","日間自然光線",30,"多岔路","交叉路口內","柏油","乾燥","良好","正常","無","未繪設快慢車道分隔線","無",23,"不明",120.329878,23.445685,"嘉義縣","太保市"
"路口交岔撞","2020",6,11,12,"晴","日間自然光線",30,"多岔路","交叉路口內","柏油","乾燥","良好","正常","無","未繪設快慢車道分隔線","無",47,"非汽(機)車駕駛人",120.329878,23.445685,"嘉義縣","太保市"
"穿越道路中","2020",6,11,16,"陰","日間自然光線",50,"直路","一般車道(未劃分快慢車道)","柏油","乾燥","良好","無號誌","雙向禁止超車線","未繪設快慢車道分隔線","有",21,"不明",121.477926,25.089748,"新北市","蘆洲區"
"穿越道路中","2020",6,11,16,"陰","日間自然光線",50,"直路","一般車道(未劃分快慢車道)","柏油","乾燥","良好","無號誌","雙向禁止超車線","未繪設快慢車道分隔線","有",85,"非汽(機)車駕駛人",121.477926,25.089748,"新北市","蘆洲區"
"撞路樹、電桿","2020",6,11,21,"陰","夜間(或隧道、地下道、涵洞)有照明",40,"坡路","一般車道(未劃分快慢車道)","柏油","濕潤","良好","無號誌","無","未繪設快慢車道分隔線","有",36,"不明",121.342754,23.855071,"花蓮縣","萬榮鄉"
"撞號誌、標誌桿","2020",6,12,1,"晴","夜間(或隧道、地下道、涵洞)有照明",40,"彎曲路及附近","一般車道(未劃分快慢車道)","柏油","乾燥","良好","無號誌","雙向禁止超車線","未繪設快慢車道分隔線","有",20,"未使用",121.536555,25.105181,"臺北市","士林區"
"追撞","2020",6,12,8,"晴","日間自然光線",50,"直路","快車道","柏油","乾燥","良好","無號誌","中央分向島","快慢車道分隔線","無",33,"未使用",120.322078,22.665557,"高雄市","三民區"
"追撞","2020",6,12,8,"晴","日間自然光線",50,"直路","快車道","柏油","乾燥","良好","無號誌","中央分向島","快慢車道分隔線","無",41,"非汽(機)車駕駛人",120.322078,22.665557,"高雄市","三民區"
"追撞","2020",6,12,8,"晴","日間自然光線",50,"直路","快車道","柏油","乾燥","良好","無號誌","中央分向島","快慢車道分隔線","無",34,"未使用",120.322078,22.665557,"高雄市","三民區"
"撞號誌、標誌桿","2020",6,12,9,"晴","日間自然光線",50,"直路","路肩、路緣","柏油","乾燥","良好","無號誌","雙向禁止超車線","快慢車道分隔線","有",18,"不明",120.52196,22.522125,"屏東縣","崁頂鄉"
"穿越道路中","2020",6,12,11,"晴","日間自然光線",50,"直路","一般車道(未劃分快慢車道)","柏油","乾燥","良好","無號誌","中央分向島","未繪設快慢車道分隔線","有",47,"未使用",121.193208,24.958228,"桃園市","中壢區"
"穿越道路中","2020",6,12,11,"晴","日間自然光線",50,"直路","一般車道(未劃分快慢車道)","柏油","乾燥","良好","無號誌","中央分向島","未繪設快慢車道分隔線","有",89,"非汽(機)車駕駛人",121.193208,24.958228,"桃園市","中壢區"
"路上翻車、摔倒","2020",6,12,13,"晴","日間自然光線",40,"彎曲路及附近","一般車道(未劃分快慢車道)","柏油","乾燥","良好","無號誌","雙向禁止超車線","未繪設快慢車道分隔線","有",21,"未使用",121.720231,24.901738,"新北市","坪林區"
"追撞","2020",6,13,6,"晴","日間自然光線",100,"直路","快車道","柏油","乾燥","良好","無號誌","中央分向島","未繪設快慢車道分隔線","有",63,"未使用",121.355019,25.064693,"桃園市","龜山區"
"追撞","2020",6,13,6,"晴","日間自然光線",100,"直路","快車道","柏油","乾燥","良好","無號誌","中央分向島","未繪設快慢車道分隔線","有",21,"使用手持或有礙駕駛安全",121.355019,25.064693,"桃園市","龜山區"
"撞護欄(樁)","2020",6,13,10,"晴","日間自然光線",110,"直路","快車道","柏油","乾燥","良好","無號誌","中央分向島","未繪設快慢車道分隔線","有",28,"未使用",120.252878,22.934447,"臺南市","仁德區"
"撞護欄(樁)","2020",6,13,10,"晴","日間自然光線",110,"直路","快車道","柏油","乾燥","良好","無號誌","中央分向島","未繪設快慢車道分隔線","有",21,"未使用",120.252878,22.934447,"臺南市","仁德區"
"側撞","2020",6,13,11,"晴","日間自然光線",30,"四岔路","交叉路口內","柏油","乾燥","良好","無號誌","無","未繪設快慢車道分隔線","無",72,"未使用",120.383356,22.624657,"高雄市","鳳山區"
"側撞","2020",6,13,11,"晴","日間自然光線",30,"四岔路","交叉路口內","柏油","乾燥","良好","無號誌","無","未繪設快慢車道分隔線","無",21,"未使用",120.383356,22.624657,"高雄市","鳳山區"
"側撞","2020",6,13,12,"晴","日間自然光線",50,"四岔路","交叉路口內","柏油","乾燥","良好","正常","中央分向島","未繪設快慢車道分隔線","有",71,"未使用",120.680319,23.978096,"南投縣","草屯鎮"
"側撞","2020",6,13,12,"晴","日間自然光線",50,"四岔路","交叉路口內","柏油","乾燥","良好","正常","中央分向島","未繪設快慢車道分隔線","有",43,"未使用",120.680319,23.978096,"南投縣","草屯鎮"
"對向擦撞","2020",6,13,15,"陰","日間自然光線",50,"彎曲路及附近","一般車道(未劃分快慢車道)","柏油","乾燥","良好","無號誌","雙向禁止超車線","未繪設快慢車道分隔線","有",33,"不明",121.203441,24.778366,"新竹縣","關西鎮"
"對向擦撞","2020",6,13,15,"陰","日間自然光線",50,"彎曲路及附近","一般車道(未劃分快慢車道)","柏油","乾燥","良好","無號誌","雙向禁止超車線","未繪設快慢車道分隔線","有",32,"不明",121.203441,24.778366,"新竹縣","關西鎮"
"對向擦撞","2020",6,13,15,"陰","日間自然光線",50,"彎曲路及附近","一般車道(未劃分快慢車道)","柏油","乾燥","良好","無號誌","雙向禁止超車線","未繪設快慢車道分隔線","有",34,"不明",121.203441,24.778366,"新竹縣","關西鎮"
"同向擦撞","2020",6,13,21,"晴","夜間(或隧道、地下道、涵洞)有照明",50,"四岔路","交叉路口內","柏油","乾燥","良好","正常","無","未繪設快慢車道分隔線","無",39,"未使用",120.3284,22.59215,"高雄市","鳳山區"
"同向擦撞","2020",6,13,21,"晴","夜間(或隧道、地下道、涵洞)有照明",50,"四岔路","交叉路口內","柏油","乾燥","良好","正常","無","未繪設快慢車道分隔線","無",60,"未使用",120.3284,22.59215,"高雄市","鳳山區"
"同向擦撞","2020",6,13,21,"晴","夜間(或隧道、地下道、涵洞)有照明",50,"四岔路","交叉路口內","柏油","乾燥","良好","正常","無","未繪設快慢車道分隔線","無",8,"非汽(機)車駕駛人",120.3284,22.59215,"高雄市","鳳山區"
"撞護欄(樁)","2020",6,13,22,"晴","夜間(或隧道、地下道、涵洞)無照明",40,"彎曲路及附近","一般車道(未劃分快慢車道)","柏油","乾燥","良好","無號誌","無","未繪設快慢車道分隔線","有",14,"未使用",121.364296,24.789689,"桃園市","大溪區"
"撞護欄(樁)","2020",6,14,5,"晴","晨或暮光",40,"彎曲路及附近","機車專用道","柏油","乾燥","良好","無號誌","無","未繪設快慢車道分隔線","無",33,"不明",121.458371,25.075385,"新北市","五股區"
"其他","2020",6,14,5,"晴","日間自然光線",50,"直路","路肩、路緣","柏油","乾燥","良好","無號誌","雙向禁止超車線","快慢車道分隔線","有",60,"不明",120.509358,22.684392,"屏東縣","屏東市"
"其他","2020",6,14,5,"晴","日間自然光線",50,"直路","路肩、路緣","柏油","乾燥","良好","無號誌","雙向禁止超車線","快慢車道分隔線","有",40,"未使用",120.509358,22.684392,"屏東縣","屏東市"
"其他","2020",6,14,5,"晴","日間自然光線",50,"直路","路肩、路緣","柏油","乾燥","良好","無號誌","雙向禁止超車線","快慢車道分隔線","有",27,"未使用",120.509358,22.684392,"屏東縣","屏東市"
"其他","2020",6,14,5,"晴","日間自然光線",50,"直路","路肩、路緣","柏油","乾燥","良好","無號誌","雙向禁止超車線","快慢車道分隔線","有",60,"非汽(機)車駕駛人",120.509358,22.684392,"屏東縣","屏東市"
"其他","2020",6,14,5,"晴","日間自然光線",50,"直路","路肩、路緣","柏油","乾燥","良好","無號誌","雙向禁止超車線","快慢車道分隔線","有",52,"未使用",120.509358,22.684392,"屏東縣","屏東市"
"其他","2020",6,14,5,"晴","日間自然光線",50,"直路","路肩、路緣","柏油","乾燥","良好","無號誌","雙向禁止超車線","快慢車道分隔線","有",25,"非汽(機)車駕駛人",120.509358,22.684392,"屏東縣","屏東市"
"同向擦撞","2020",6,14,14,"晴","日間自然光線",50,"四岔路","交叉路口內","柏油","乾燥","良好","正常","中央分向島","未繪設快慢車道分隔線","無",19,"不明",120.975314,24.804342,"新竹市","東區"
"同向擦撞","2020",6,14,14,"晴","日間自然光線",50,"四岔路","交叉路口內","柏油","乾燥","良好","正常","中央分向島","未繪設快慢車道分隔線","無",38,"不明",120.975314,24.804342,"新竹市","東區"
"同向擦撞","2020",6,14,14,"晴","日間自然光線",50,"四岔路","交叉路口內","柏油","乾燥","良好","正常","中央分向島","未繪設快慢車道分隔線","無",50,"不明",120.975314,24.804342,"新竹市","東區"
"撞護欄(樁)","2020",6,14,15,"雨","日間自然光線",110,"直路","其他","柏油","濕潤","不良","無號誌","中央分向島","未繪設快慢車道分隔線","有",44,"未使用",121.011378,24.75597,"新竹縣","寶山鄉"
"撞護欄(樁)","2020",6,14,15,"雨","日間自然光線",110,"直路","其他","柏油","濕潤","不良","無號誌","中央分向島","未繪設快慢車道分隔線","有",34,"非汽(機)車駕駛人",121.011378,24.75597,"新竹縣","寶山鄉"
"撞護欄(樁)","2020",6,14,15,"雨","日間自然光線",110,"直路","其他","柏油","濕潤","不良","無號誌","中央分向島","未繪設快慢車道分隔線","有",43,"未使用",121.011378,24.75597,"新竹縣","寶山鄉"
"穿越道路中","2020",6,14,20,"晴","夜間(或隧道、地下道、涵洞)有照明",50,"直路","一般車道(未劃分快慢車道)","柏油","乾燥","良好","無號誌","雙向禁止超車線","未繪設快慢車道分隔線","有",22,"未使用",121.093723,24.738277,"新竹縣","竹東鎮"
"穿越道路中","2020",6,14,20,"晴","夜間(或隧道、地下道、涵洞)有照明",50,"直路","一般車道(未劃分快慢車道)","柏油","乾燥","良好","無號誌","雙向禁止超車線","未繪設快慢車道分隔線","有",51,"非駕駛人",121.093723,24.738277,"新竹縣","竹東鎮"
"撞護欄(樁)","2020",6,14,21,"晴","夜間(或隧道、地下道、涵洞)有照明",50,"彎曲路及附近","路肩、路緣","柏油","乾燥","良好","無號誌","雙向禁止超車線","未繪設快慢車道分隔線","有",66,"未使用",121.110017,24.941699,"桃園市","楊梅區"
"追撞","2020",6,15,0,"晴","夜間(或隧道、地下道、涵洞)有照明",60,"直路","快車道","柏油","乾燥","良好","正常","中央分向島","窄式快慢車道分隔島(無柵欄)","無",48,"未使用",120.37336,22.536138,"高雄市","小港區"
"追撞","2020",6,15,0,"晴","夜間(或隧道、地下道、涵洞)有照明",60,"直路","快車道","柏油","乾燥","良好","正常","中央分向島","窄式快慢車道分隔島(無柵欄)","無",49,"未使用",120.37336,22.536138,"高雄市","小港區"
"對向擦撞","2020",6,15,7,"晴","日間自然光線",40,"四岔路","交叉路口內","柏油","乾燥","良好","正常","無","未繪設快慢車道分隔線","無",55,"不明",120.914502,24.713728,"苗栗縣","竹南鎮"
"對向擦撞","2020",6,15,7,"晴","日間自然光線",40,"四岔路","交叉路口內","柏油","乾燥","良好","正常","無","未繪設快慢車道分隔線","無",20,"不明",120.914502,24.713728,"苗栗縣","竹南鎮"
"對向擦撞","2020",6,15,7,"晴","日間自然光線",40,"四岔路","交叉路口內","柏油","乾燥","良好","正常","無","未繪設快慢車道分隔線","無",39,"不明",120.914502,24.713728,"苗栗縣","竹南鎮"
"對向擦撞","2020",6,15,7,"晴","日間自然光線",40,"四岔路","交叉路口內","柏油","乾燥","良好","正常","無","未繪設快慢車道分隔線","無",35,"不明",120.914502,24.713728,"苗栗縣","竹南鎮"
"撞護欄(樁)","2020",6,15,13,"晴","日間自然光線",60,"彎曲路及附近","路肩、路緣","柏油","乾燥","良好","無號誌","中央分向島","快慢車道分隔線","有",48,"不明",121.043605,24.877975,"新竹縣","湖口鄉"
"撞橋樑、建築物","2020",6,15,17,"晴","日間自然光線",30,"直路","一般車道(未劃分快慢車道)","柏油","乾燥","良好","無號誌","無","未繪設快慢車道分隔線","無",59,"未使用",120.298518,23.55794,"嘉義縣","六腳鄉"
"路口交岔撞","2020",6,15,18,"晴","日間自然光線",30,"四岔路","交叉路口內","柏油","乾燥","不良","無號誌","無","未繪設快慢車道分隔線","有",65,"不明",120.4074,23.90015,"彰化縣","二林鎮"
"路口交岔撞","2020",6,15,18,"晴","日間自然光線",30,"四岔路","交叉路口內","柏油","乾燥","不良","無號誌","無","未繪設快慢車道分隔線","有",45,"未使用",120.4074,23.90015,"彰化縣","二林鎮"
"路口交岔撞","2020",6,15,18,"晴","日間自然光線",30,"四岔路","交叉路口內","柏油","乾燥","不良","無號誌","無","未繪設快慢車道分隔線","有",18,"非汽(機)車駕駛人",120.4074,23.90015,"彰化縣","二林鎮"
"其他","2020",6,15,20,"晴","夜間(或隧道、地下道、涵洞)有照明",50,"三岔路","交叉路口內","柏油","乾燥","良好","正常","無","未繪設快慢車道分隔線","有",31,"未使用",120.644821,24.182356,"臺中市","西屯區"
"其他","2020",6,15,20,"晴","夜間(或隧道、地下道、涵洞)有照明",50,"三岔路","交叉路口內","柏油","乾燥","良好","正常","無","未繪設快慢車道分隔線","有",19,"未使用",120.644821,24.182356,"臺中市","西屯區"
"追撞","2020",6,16,7,"晴","日間自然光線",50,"三岔路","交叉口附近","柏油","乾燥","良好","無號誌","行車分向線","快慢車道分隔線","有",53,"未使用",121.469971,25.026891,"新北市","板橋區"
"追撞","2020",6,16,7,"晴","日間自然光線",50,"三岔路","交叉口附近","柏油","乾燥","良好","無號誌","行車分向線","快慢車道分隔線","有",30,"未使用",121.469971,25.026891,"新北市","板橋區"
"追撞","2020",6,16,7,"晴","日間自然光線",50,"三岔路","交叉口附近","柏油","乾燥","良好","無號誌","行車分向線","快慢車道分隔線","有",44,"未使用",121.469971,25.026891,"新北市","板橋區"
"撞路樹、電桿","2020",6,16,8,"陰","日間自然光線",50,"直路","一般車道(未劃分快慢車道)","柏油","乾燥","良好","無號誌","雙向禁止超車線","未繪設快慢車道分隔線","有",17,"未使用",121.796862,25.134415,"基隆市","中正區"
"撞路樹、電桿","2020",6,16,8,"陰","日間自然光線",50,"直路","一般車道(未劃分快慢車道)","柏油","乾燥","良好","無號誌","雙向禁止超車線","未繪設快慢車道分隔線","有",16,"非汽(機)車駕駛人",121.796862,25.134415,"基隆市","中正區"
"撞護欄(樁)","2020",6,16,17,"晴","日間自然光線",70,"直路","路肩、路緣","柏油","乾燥","良好","無號誌","中央分向島","快慢車道分隔線","有",41,"不明",120.131533,23.112159,"臺南市","七股區"
"撞護欄(樁)","2020",6,16,17,"晴","日間自然光線",70,"直路","路肩、路緣","柏油","乾燥","良好","無號誌","中央分向島","快慢車道分隔線","有",32,"非汽(機)車駕駛人",120.131533,23.112159,"臺南市","七股區"
"側撞","2020",6,16,19,"晴","日間自然光線",50,"三岔路","交叉路口內","柏油","乾燥","良好","無號誌","無","未繪設快慢車道分隔線","無",48,"未使用",121.274209,25.032924,"桃園市","蘆竹區"
"側撞","2020",6,16,19,"晴","日間自然光線",50,"三岔路","交叉路口內","柏油","乾燥","良好","無號誌","無","未繪設快慢車道分隔線","無",20,"未使用",121.274209,25.032924,"桃園市","蘆竹區"
"撞護欄(樁)","2020",6,16,21,"晴","夜間(或隧道、地下道、涵洞)有照明",50,"四岔路","交叉路口內","柏油","乾燥","良好","正常","雙向禁止超車線","未繪設快慢車道分隔線","無",33,"未使用",121.593717,23.957698,"花蓮縣","吉安鄉"
"撞路樹、電桿","2020",6,17,6,"晴","日間自然光線",50,"直路","一般車道(未劃分快慢車道)","柏油","乾燥","良好","無號誌","中央分向島","快慢車道分隔線","無",56,"未使用",120.430457,23.477708,"嘉義市","西區"
"同向擦撞","2020",6,17,6,"晴","日間自然光線",60,"四岔路","交叉路口內","柏油","乾燥","良好","正常","無","未繪設快慢車道分隔線","有",79,"未使用",120.703972,23.764982,"南投縣","竹山鎮"
"同向擦撞","2020",6,17,6,"晴","日間自然光線",60,"四岔路","交叉路口內","柏油","乾燥","良好","正常","無","未繪設快慢車道分隔線","有",45,"未使用",120.703972,23.764982,"南投縣","竹山鎮"
"同向擦撞","2020",6,17,6,"晴","日間自然光線",60,"四岔路","交叉路口內","柏油","乾燥","良好","正常","無","未繪設快慢車道分隔線","有",14,"未使用",120.703972,23.764982,"南投縣","竹山鎮"
"穿越道路中","2020",6,17,10,"晴","日間自然光線",50,"四岔路","行人穿越道","柏油","乾燥","良好","正常","無","未繪設快慢車道分隔線","無",40,"未使用",121.207984,24.961545,"桃園市","中壢區"
"穿越道路中","2020",6,17,10,"晴","日間自然光線",50,"四岔路","行人穿越道","柏油","乾燥","良好","正常","無","未繪設快慢車道分隔線","無",75,"非汽(機)車駕駛人",121.207984,24.961545,"桃園市","中壢區"
"對撞","2020",6,17,17,"晴","日間自然光線",50,"三岔路","交叉口附近","柏油","乾燥","良好","無號誌","雙向禁止超車線","未繪設快慢車道分隔線","有",43,"未使用",120.584352,24.34918,"臺中市","大安區"
"對撞","2020",6,17,17,"晴","日間自然光線",50,"三岔路","交叉口附近","柏油","乾燥","良好","無號誌","雙向禁止超車線","未繪設快慢車道分隔線","有",61,"未使用",120.584352,24.34918,"臺中市","大安區"
"撞交通島","2020",6,17,18,"晴","日間自然光線",40,"直路","慢車道","柏油","乾燥","良好","無號誌","中央分向島","寛式快慢車道分隔島(50公分以上)","有",109,"",120.338689,22.712296,"高雄市","仁武區"
"撞交通島","2020",6,17,18,"晴","日間自然光線",40,"直路","慢車道","柏油","乾燥","良好","無號誌","中央分向島","寛式快慢車道分隔島(50公分以上)","有",48,"未使用",120.338689,22.712296,"高雄市","仁武區"
"側撞","2020",6,18,7,"晴","日間自然光線",50,"四岔路","交叉路口內","柏油","乾燥","良好","正常","雙向禁止超車線","未繪設快慢車道分隔線","無",56,"未使用",121.581565,25.056978,"臺北市","內湖區"