"事故類型及型態子類別名稱","發生年度","發生月份","發生日期","發生時間","天候名稱","光線名稱","速限.第1當事者","道路型態子類別名稱","事故位置子類別名稱","路面狀況.路面鋪裝名稱","路面狀況.路面狀態名稱","道路障礙.視距品質名稱","號誌.號誌動作名稱","車道劃分設施.分向設施大類別名稱","車道劃分設施.分道設施.快慢車道間名稱","車道劃分設施.分道設施.路面邊線名稱","當事者事故發生時年齡","行動電話或電腦或其他相類功能裝置名稱","經度","緯度","縣市","鄉鎮"
"側撞","2020",6,18,7,"晴","日間自然光線",50,"四岔路","交叉路口內","柏油","乾燥","良好","正常","雙向禁止超車線","未繪設快慢車道分隔線","無",45,"未使用",121.581565,25.056978,"臺北市","內湖區"
"側撞","2020",6,18,8,"晴","日間自然光線",50,"三岔路","交叉路口內","柏油","乾燥","良好","無號誌","無","未繪設快慢車道分隔線","無",77,"未使用",120.3256,22.60012,"高雄市","前鎮區"
"側撞","2020",6,18,8,"晴","日間自然光線",50,"三岔路","交叉路口內","柏油","乾燥","良好","無號誌","無","未繪設快慢車道分隔線","無",61,"未使用",120.3256,22.60012,"高雄市","前鎮區"
"側撞","2020",6,18,8,"晴","日間自然光線",50,"三岔路","交叉路口內","柏油","乾燥","良好","無號誌","無","未繪設快慢車道分隔線","無",72,"非汽(機)車駕駛人",120.3256,22.60012,"高雄市","前鎮區"
"追撞","2020",6,18,16,"晴","日間自然光線",40,"三岔路","交叉路口內","柏油","乾燥","良好","無號誌","行車分向線","快慢車道分隔線","無",27,"不明",120.32451,22.62203,"高雄市","苓雅區"
"追撞","2020",6,18,16,"晴","日間自然光線",40,"三岔路","交叉路口內","柏油","乾燥","良好","無號誌","行車分向線","快慢車道分隔線","無",26,"未使用",120.32451,22.62203,"高雄市","苓雅區"
"追撞","2020",6,18,16,"晴","日間自然光線",40,"三岔路","交叉路口內","柏油","乾燥","良好","無號誌","行車分向線","快慢車道分隔線","無",40,"不明",120.32451,22.62203,"高雄市","苓雅區"
"穿越道路中","2020",6,19,4,"晴","夜間(或隧道、地下道、涵洞)有照明",40,"四岔路","行人穿越道","柏油","乾燥","良好","正常","行車分向線","未繪設快慢車道分隔線","有",18,"未使用",121.213814,24.859426,"桃園市","龍潭區"
"穿越道路中","2020",6,19,4,"晴","夜間(或隧道、地下道、涵洞)有照明",40,"四岔路","行人穿越道","柏油","乾燥","良好","正常","行車分向線","未繪設快慢車道分隔線","有",85,"未使用",121.213814,24.859426,"桃園市","龍潭區"
"其他","2020",6,19,8,"晴","日間自然光線",50,"直路","一般車道(未劃分快慢車道)","柏油","乾燥","良好","無號誌","雙向禁止超車線","未繪設快慢車道分隔線","有",26,"未使用",120.568032,24.014309,"彰化縣","花壇鄉"
"其他","2020",6,19,8,"晴","日間自然光線",50,"直路","一般車道(未劃分快慢車道)","柏油","乾燥","良好","無號誌","雙向禁止超車線","未繪設快慢車道分隔線","有",34,"未使用",120.568032,24.014309,"彰化縣","花壇鄉"
"其他","2020",6,19,8,"晴","日間自然光線",50,"直路","一般車道(未劃分快慢車道)","柏油","乾燥","良好","無號誌","雙向禁止超車線","未繪設快慢車道分隔線","有",75,"未使用",120.568032,24.014309,"彰化縣","花壇鄉"
"其他","2020",6,19,9,"晴","日間自然光線",30,"其他","一般車道(未劃分快慢車道)","柏油","乾燥","不良","無號誌","雙向禁止超車線","未繪設快慢車道分隔線","無",51,"未使用",121.46595,25.129018,"臺北市","北投區"
"其他","2020",6,19,9,"晴","日間自然光線",30,"其他","一般車道(未劃分快慢車道)","柏油","乾燥","不良","無號誌","雙向禁止超車線","未繪設快慢車道分隔線","無",20,"未使用",121.46595,25.129018,"臺北市","北投區"
"其他","2020",6,19,9,"晴","日間自然光線",30,"其他","一般車道(未劃分快慢車道)","柏油","乾燥","不良","無號誌","雙向禁止超車線","未繪設快慢車道分隔線","無",19,"未使用",121.46595,25.129018,"臺北市","北投區"
"其他","2020",6,19,9,"晴","日間自然光線",30,"其他","一般車道(未劃分快慢車道)","柏油","乾燥","不良","無號誌","雙向禁止超車線","未繪設快慢車道分隔線","無",34,"未使用",121.46595,25.129018,"臺北市","北投區"
"其他","2020",6,19,9,"晴","日間自然光線",30,"其他","一般車道(未劃分快慢車道)","柏油","乾燥","不良","無號誌","雙向禁止超車線","未繪設快慢車道分隔線","無",60,"未使用",121.46595,25.129018,"臺北市","北投區"
"衝出路外","2020",6,19,12,"晴","日間自然光線",40,"直路","一般車道(未劃分快慢車道)","柏油","乾燥","良好","無號誌","無","未繪設快慢車道分隔線","無",60,"未使用",120.470494,24.099455,"彰化縣","鹿港鎮"
"撞護欄(樁)","2020",6,19,14,"晴","日間自然光線",60,"直路","一般車道(未劃分快慢車道)","柏油","乾燥","良好","無號誌","單向禁止超車線","未繪設快慢車道分隔線","有",68,"未使用",121.77187,24.743497,"宜蘭縣","宜蘭市"
"側撞","2020",6,19,18,"晴","日間自然光線",50,"四岔路","交叉路口內","柏油","乾燥","良好","無號誌","無","未繪設快慢車道分隔線","無",30,"未使用",120.278059,23.0756,"臺南市","新市區"
"側撞","2020",6,19,18,"晴","日間自然光線",50,"四岔路","交叉路口內","柏油","乾燥","良好","無號誌","無","未繪設快慢車道分隔線","無",35,"未使用",120.278059,23.0756,"臺南市","新市區"
"同向擦撞","2020",6,19,23,"晴","夜間(或隧道、地下道、涵洞)有照明",50,"直路","一般車道(未劃分快慢車道)","柏油","乾燥","良好","無號誌","中央分向島","未繪設快慢車道分隔線","有",18,"未使用",121.182973,24.918298,"桃園市","楊梅區"
"同向擦撞","2020",6,19,23,"晴","夜間(或隧道、地下道、涵洞)有照明",50,"直路","一般車道(未劃分快慢車道)","柏油","乾燥","良好","無號誌","中央分向島","未繪設快慢車道分隔線","有",40,"未使用",121.182973,24.918298,"桃園市","楊梅區"
"路上翻車、摔倒","2020",6,20,1,"晴","夜間(或隧道、地下道、涵洞)有照明",50,"直路","一般車道(未劃分快慢車道)","柏油","乾燥","良好","無號誌","行車分向線","未繪設快慢車道分隔線","有",31,"不明",120.999098,24.634867,"苗栗縣","三灣鄉"
"路上翻車、摔倒","2020",6,20,1,"晴","夜間(或隧道、地下道、涵洞)有照明",50,"直路","一般車道(未劃分快慢車道)","柏油","乾燥","良好","無號誌","行車分向線","未繪設快慢車道分隔線","有",17,"非汽(機)車駕駛人",120.999098,24.634867,"苗栗縣","三灣鄉"
"路上翻車、摔倒","2020",6,20,1,"晴","夜間(或隧道、地下道、涵洞)有照明",50,"直路","一般車道(未劃分快慢車道)","柏油","乾燥","良好","無號誌","行車分向線","未繪設快慢車道分隔線","有",16,"非汽(機)車駕駛人",120.999098,24.634867,"苗栗縣","三灣鄉"
"撞路樹、電桿","2020",6,20,2,"晴","夜間(或隧道、地下道、涵洞)有照明",50,"彎曲路及附近","路肩、路緣","柏油","乾燥","良好","無號誌","行車分向線","快慢車道分隔線","有",25,"未使用",120.580317,22.681735,"屏東縣","長治鄉"
"撞路樹、電桿","2020",6,20,2,"晴","夜間(或隧道、地下道、涵洞)有照明",50,"彎曲路及附近","路肩、路緣","柏油","乾燥","良好","無號誌","行車分向線","快慢車道分隔線","有",27,"未使用",120.580317,22.681735,"屏東縣","長治鄉"
"側撞","2020",6,20,8,"晴","日間自然光線",50,"直路","一般車道(未劃分快慢車道)","柏油","乾燥","良好","無號誌","行車分向線","未繪設快慢車道分隔線","有",73,"未使用",120.97784,23.97198,"南投縣","埔里鎮"
"側撞","2020",6,20,8,"晴","日間自然光線",50,"直路","一般車道(未劃分快慢車道)","柏油","乾燥","良好","無號誌","行車分向線","未繪設快慢車道分隔線","有",89,"非汽(機)車駕駛人",120.97784,23.97198,"南投縣","埔里鎮"
"側撞","2020",6,20,19,"晴","夜間(或隧道、地下道、涵洞)有照明",50,"直路","一般車道(未劃分快慢車道)","柏油","乾燥","良好","無號誌","雙向禁止超車線","未繪設快慢車道分隔線","有",53,"未使用",121.211124,25.075269,"桃園市","大園區"
"側撞","2020",6,20,19,"晴","夜間(或隧道、地下道、涵洞)有照明",50,"直路","一般車道(未劃分快慢車道)","柏油","乾燥","良好","無號誌","雙向禁止超車線","未繪設快慢車道分隔線","有",72,"未使用",121.211124,25.075269,"桃園市","大園區"
"在路上作業中","2020",6,20,23,"晴","夜間(或隧道、地下道、涵洞)有照明",40,"直路","機車專用道","柏油","乾燥","良好","無號誌","無","未繪設快慢車道分隔線","無",20,"不明",121.494894,25.038295,"臺北市","萬華區"
"在路上作業中","2020",6,20,23,"晴","夜間(或隧道、地下道、涵洞)有照明",40,"直路","機車專用道","柏油","乾燥","良好","無號誌","無","未繪設快慢車道分隔線","無",66,"非汽(機)車駕駛人",121.494894,25.038295,"臺北市","萬華區"
"路口交岔撞","2020",6,21,11,"晴","日間自然光線",30,"四岔路","交叉路口內","柏油","乾燥","良好","無號誌","無","未繪設快慢車道分隔線","無",26,"不明",121.282263,24.991907,"桃園市","桃園區"
"路口交岔撞","2020",6,21,11,"晴","日間自然光線",30,"四岔路","交叉路口內","柏油","乾燥","良好","無號誌","無","未繪設快慢車道分隔線","無",32,"不明",121.282263,24.991907,"桃園市","桃園區"
"側撞","2020",6,21,14,"晴","日間自然光線",50,"四岔路","交叉路口內","柏油","乾燥","良好","正常","無","未繪設快慢車道分隔線","無",46,"未使用",121.121173,24.943001,"桃園市","楊梅區"
"側撞","2020",6,21,14,"晴","日間自然光線",50,"四岔路","交叉路口內","柏油","乾燥","良好","正常","無","未繪設快慢車道分隔線","無",34,"未使用",121.121173,24.943001,"桃園市","楊梅區"
"側撞","2020",6,21,14,"晴","日間自然光線",50,"四岔路","交叉路口內","柏油","乾燥","良好","正常","無","未繪設快慢車道分隔線","無",9,"未使用",121.121173,24.943001,"桃園市","楊梅區"
"側撞","2020",6,21,23,"晴","夜間(或隧道、地下道、涵洞)有照明",50,"四岔路","交叉路口內","柏油","乾燥","良好","正常","無","未繪設快慢車道分隔線","無",48,"未使用",120.941728,24.83672,"新竹市","北區"
"側撞","2020",6,21,23,"晴","夜間(或隧道、地下道、涵洞)有照明",50,"四岔路","交叉路口內","柏油","乾燥","良好","正常","無","未繪設快慢車道分隔線","無",16,"未使用",120.941728,24.83672,"新竹市","北區"
"衝出路外","2020",6,22,2,"晴","夜間(或隧道、地下道、涵洞)有照明",50,"彎曲路及附近","路肩、路緣","柏油","乾燥","良好","無號誌","雙向禁止超車線","未繪設快慢車道分隔線","有",20,"未使用",121.586677,25.189111,"新北市","金山區"
"撞護欄(樁)","2020",6,22,8,"晴","日間自然光線",40,"坡路","慢車道","柏油","乾燥","良好","無號誌","中央分向島","寛式快慢車道分隔島(50公分以上)","有",29,"未使用",120.720085,24.577167,"苗栗縣","後龍鎮"
"側撞","2020",6,22,23,"晴","夜間(或隧道、地下道、涵洞)有照明",50,"三岔路","交叉路口內","柏油","乾燥","良好","正常","無","未繪設快慢車道分隔線","無",55,"未使用",120.19382,22.981474,"臺南市","南區"
"側撞","2020",6,22,23,"晴","夜間(或隧道、地下道、涵洞)有照明",50,"三岔路","交叉路口內","柏油","乾燥","良好","正常","無","未繪設快慢車道分隔線","無",19,"未使用",120.19382,22.981474,"臺南市","南區"
"其他","2020",6,23,0,"晴","夜間(或隧道、地下道、涵洞)有照明",50,"直路","慢車道","柏油","乾燥","良好","無號誌","中央分向島","窄式快慢車道分隔島(無柵欄)","無",21,"不明",120.954059,24.77668,"新竹市","香山區"
"其他","2020",6,23,0,"晴","夜間(或隧道、地下道、涵洞)有照明",50,"直路","慢車道","柏油","乾燥","良好","無號誌","中央分向島","窄式快慢車道分隔島(無柵欄)","無",20,"不明",120.954059,24.77668,"新竹市","香山區"
"其他","2020",6,23,0,"晴","夜間(或隧道、地下道、涵洞)有照明",50,"直路","慢車道","柏油","乾燥","良好","無號誌","中央分向島","窄式快慢車道分隔島(無柵欄)","無",20,"不明",120.954059,24.77668,"新竹市","香山區"
"其他","2020",6,23,0,"晴","夜間(或隧道、地下道、涵洞)有照明",50,"直路","慢車道","柏油","乾燥","良好","無號誌","中央分向島","窄式快慢車道分隔島(無柵欄)","無",20,"非汽(機)車駕駛人",120.954059,24.77668,"新竹市","香山區"
"其他","2020",6,23,0,"晴","夜間(或隧道、地下道、涵洞)有照明",50,"直路","慢車道","柏油","乾燥","良好","無號誌","中央分向島","窄式快慢車道分隔島(無柵欄)","無",21,"非汽(機)車駕駛人",120.954059,24.77668,"新竹市","香山區"
"其他","2020",6,23,0,"晴","夜間(或隧道、地下道、涵洞)有照明",50,"直路","慢車道","柏油","乾燥","良好","無號誌","中央分向島","窄式快慢車道分隔島(無柵欄)","無",62,"非汽(機)車駕駛人",120.954059,24.77668,"新竹市","香山區"
"對撞","2020",6,23,6,"晴","日間自然光線",40,"直路","一般車道(未劃分快慢車道)","柏油","乾燥","良好","無號誌","行車分向線","未繪設快慢車道分隔線","有",54,"不明",121.345154,25.065914,"桃園市","蘆竹區"
"對撞","2020",6,23,6,"晴","日間自然光線",40,"直路","一般車道(未劃分快慢車道)","柏油","乾燥","良好","無號誌","行車分向線","未繪設快慢車道分隔線","有",44,"不明",121.345154,25.065914,"桃園市","蘆竹區"
"撞護欄(樁)","2020",6,23,7,"晴","日間自然光線",50,"直路","一般車道(未劃分快慢車道)","柏油","乾燥","良好","無號誌","中央分向島","快慢車道分隔線","有",46,"不明",120.347312,23.743896,"雲林縣","土庫鎮"
"追撞","2020",6,23,8,"晴","日間自然光線",70,"三岔路","交叉口附近","柏油","乾燥","良好","正常","中央分向島","快慢車道分隔線","有",38,"不明",120.192328,23.143075,"臺南市","西港區"
"追撞","2020",6,23,8,"晴","日間自然光線",70,"三岔路","交叉口附近","柏油","乾燥","良好","正常","中央分向島","快慢車道分隔線","有",41,"未使用",120.192328,23.143075,"臺南市","西港區"
"穿越道路中","2020",6,23,8,"晴","日間自然光線",30,"直路","一般車道(未劃分快慢車道)","柏油","乾燥","良好","無號誌","無","未繪設快慢車道分隔線","無",91,"非汽(機)車駕駛人",120.485756,22.640953,"屏東縣","屏東市"
"穿越道路中","2020",6,23,8,"晴","日間自然光線",30,"直路","一般車道(未劃分快慢車道)","柏油","乾燥","良好","無號誌","無","未繪設快慢車道分隔線","無",59,"未使用",120.485756,22.640953,"屏東縣","屏東市"
"路口交岔撞","2020",6,23,10,"晴","日間自然光線",40,"四岔路","交叉路口內","柏油","乾燥","不良","無號誌","無","未繪設快慢車道分隔線","無",65,"未使用",121.468201,23.771607,"花蓮縣","鳳林鎮"
"路口交岔撞","2020",6,23,10,"晴","日間自然光線",40,"四岔路","交叉路口內","柏油","乾燥","不良","無號誌","無","未繪設快慢車道分隔線","無",63,"未使用",121.468201,23.771607,"花蓮縣","鳳林鎮"
"同向通行中","2020",6,23,11,"晴","日間自然光線",40,"直路","一般車道(未劃分快慢車道)","柏油","乾燥","良好","無號誌","無","未繪設快慢車道分隔線","無",77,"非汽(機)車駕駛人",120.72264,24.191998,"臺中市","潭子區"
"同向通行中","2020",6,23,11,"晴","日間自然光線",40,"直路","一般車道(未劃分快慢車道)","柏油","乾燥","良好","無號誌","無","未繪設快慢車道分隔線","無",31,"未使用",120.72264,24.191998,"臺中市","潭子區"
"同向擦撞","2020",6,23,15,"晴","日間自然光線",40,"直路","一般車道(未劃分快慢車道)","柏油","乾燥","良好","無號誌","行車分向線","未繪設快慢車道分隔線","有",38,"未使用",121.169047,24.93561,"桃園市","楊梅區"
"同向擦撞","2020",6,23,15,"晴","日間自然光線",40,"直路","一般車道(未劃分快慢車道)","柏油","乾燥","良好","無號誌","行車分向線","未繪設快慢車道分隔線","有",78,"未使用",121.169047,24.93561,"桃園市","楊梅區"
"路口交岔撞","2020",6,23,15,"晴","日間自然光線",50,"四岔路","交叉路口內","柏油","乾燥","良好","正常","雙向禁止超車線","未繪設快慢車道分隔線","有",62,"未使用",120.972364,23.960064,"南投縣","埔里鎮"
"路口交岔撞","2020",6,23,15,"晴","日間自然光線",50,"四岔路","交叉路口內","柏油","乾燥","良好","正常","雙向禁止超車線","未繪設快慢車道分隔線","有",27,"未使用",120.972364,23.960064,"南投縣","埔里鎮"
"穿越道路中","2020",6,23,16,"晴","日間自然光線",30,"四岔路","交叉口附近","柏油","乾燥","良好","正常","雙向禁止超車線","未繪設快慢車道分隔線","無",40,"未使用",121.587754,25.067646,"臺北市","內湖區"
"穿越道路中","2020",6,23,16,"晴","日間自然光線",30,"四岔路","交叉口附近","柏油","乾燥","良好","正常","雙向禁止超車線","未繪設快慢車道分隔線","無",94,"未使用",121.587754,25.067646,"臺北市","內湖區"
"路口交岔撞","2020",6,24,4,"晴","夜間(或隧道、地下道、涵洞)有照明",60,"四岔路","交叉路口內","柏油","乾燥","良好","正常","無","未繪設快慢車道分隔線","無",25,"未使用",120.522391,24.2164,"臺中市","龍井區"
"路口交岔撞","2020",6,24,4,"晴","夜間(或隧道、地下道、涵洞)有照明",60,"四岔路","交叉路口內","柏油","乾燥","良好","正常","無","未繪設快慢車道分隔線","無",80,"非汽(機)車駕駛人",120.522391,24.2164,"臺中市","龍井區"
"撞路樹、電桿","2020",6,24,5,"晴","日間自然光線",50,"直路","路肩、路緣","柏油","乾燥","良好","無號誌","行車分向線","未繪設快慢車道分隔線","有",20,"未使用",120.582189,22.57033,"屏東縣","萬巒鄉"
"撞路樹、電桿","2020",6,24,5,"晴","日間自然光線",50,"直路","路肩、路緣","柏油","乾燥","良好","無號誌","行車分向線","未繪設快慢車道分隔線","有",20,"非汽(機)車駕駛人",120.582189,22.57033,"屏東縣","萬巒鄉"
"對向擦撞","2020",6,24,5,"晴","日間自然光線",40,"多岔路","交叉路口內","柏油","乾燥","良好","正常","中央分向島","未繪設快慢車道分隔線","無",68,"不明",120.57975,23.962606,"彰化縣","員林市"
"對向擦撞","2020",6,24,5,"晴","日間自然光線",40,"多岔路","交叉路口內","柏油","乾燥","良好","正常","中央分向島","未繪設快慢車道分隔線","無",67,"不明",120.57975,23.962606,"彰化縣","員林市"
"對向擦撞","2020",6,24,5,"晴","日間自然光線",40,"多岔路","交叉路口內","柏油","乾燥","良好","正常","中央分向島","未繪設快慢車道分隔線","無",52,"不明",120.57975,23.962606,"彰化縣","員林市"
"側撞","2020",6,24,15,"晴","日間自然光線",50,"三岔路","交叉路口內","柏油","乾燥","良好","無動作","無","未繪設快慢車道分隔線","無",23,"不明",120.953998,24.75467,"新竹市","香山區"
"側撞","2020",6,24,15,"晴","日間自然光線",50,"三岔路","交叉路口內","柏油","乾燥","良好","無動作","無","未繪設快慢車道分隔線","無",24,"不明",120.953998,24.75467,"新竹市","香山區"
"側撞","2020",6,24,15,"晴","日間自然光線",50,"三岔路","交叉路口內","柏油","乾燥","良好","無動作","無","未繪設快慢車道分隔線","無",55,"非汽(機)車駕駛人",120.953998,24.75467,"新竹市","香山區"
"其他","2020",6,24,20,"晴","夜間(或隧道、地下道、涵洞)有照明",50,"彎曲路及附近","路肩、路緣","柏油","乾燥","良好","無號誌","中央分向島","未繪設快慢車道分隔線","有",64,"不明",121.06144,24.761372,"新竹縣","竹東鎮"
"其他","2020",6,24,20,"晴","夜間(或隧道、地下道、涵洞)有照明",50,"彎曲路及附近","路肩、路緣","柏油","乾燥","良好","無號誌","中央分向島","未繪設快慢車道分隔線","有",64,"不明",121.06144,24.761372,"新竹縣","竹東鎮"
"其他","2020",6,24,20,"晴","夜間(或隧道、地下道、涵洞)有照明",50,"彎曲路及附近","路肩、路緣","柏油","乾燥","良好","無號誌","中央分向島","未繪設快慢車道分隔線","有",62,"未使用",121.06144,24.761372,"新竹縣","竹東鎮"
"穿越道路中","2020",6,25,4,"晴","日間自然光線",50,"四岔路","交叉路口內","柏油","乾燥","良好","正常","無","未繪設快慢車道分隔線","無",21,"未使用",120.32959,22.594292,"高雄市","鳳山區"
"穿越道路中","2020",6,25,4,"晴","日間自然光線",50,"四岔路","交叉路口內","柏油","乾燥","良好","正常","無","未繪設快慢車道分隔線","無",91,"非汽(機)車駕駛人",120.32959,22.594292,"高雄市","鳳山區"
"穿越道路中","2020",6,25,4,"晴","日間自然光線",50,"四岔路","交叉路口內","柏油","乾燥","良好","正常","無","未繪設快慢車道分隔線","無",15,"非汽(機)車駕駛人",120.32959,22.594292,"高雄市","鳳山區"
"穿越道路中","2020",6,25,4,"晴","日間自然光線",50,"四岔路","交叉路口內","柏油","乾燥","良好","正常","無","未繪設快慢車道分隔線","無",15,"非汽(機)車駕駛人",120.32959,22.594292,"高雄市","鳳山區"
"衝出路外","2020",6,25,11,"晴","日間自然光線",40,"坡路","一般車道(未劃分快慢車道)","柏油","乾燥","良好","無號誌","雙向禁止超車線","未繪設快慢車道分隔線","有",58,"未使用",120.677505,23.917964,"南投縣","南投市"
"對向擦撞","2020",6,25,13,"晴","日間自然光線",40,"直路","一般車道(未劃分快慢車道)","柏油","乾燥","良好","無號誌","無","未繪設快慢車道分隔線","有",61,"未使用",120.545817,23.931866,"彰化縣","永靖鄉"
"對向擦撞","2020",6,25,13,"晴","日間自然光線",40,"直路","一般車道(未劃分快慢車道)","柏油","乾燥","良好","無號誌","無","未繪設快慢車道分隔線","有",20,"未使用",120.545817,23.931866,"彰化縣","永靖鄉"
"撞交通島","2020",6,25,23,"晴","夜間(或隧道、地下道、涵洞)有照明",90,"高架道路","直線匝道","柏油","乾燥","良好","無號誌","中央分向島","未繪設快慢車道分隔線","有",30,"未使用",120.450783,24.146582,"彰化縣","線西鄉"
"撞交通島","2020",6,25,23,"晴","夜間(或隧道、地下道、涵洞)有照明",90,"高架道路","直線匝道","柏油","乾燥","良好","無號誌","中央分向島","未繪設快慢車道分隔線","有",26,"非汽(機)車駕駛人",120.450783,24.146582,"彰化縣","線西鄉"
"側撞","2020",6,26,7,"晴","日間自然光線",50,"三岔路","交叉口附近","柏油","乾燥","良好","正常","無","未繪設快慢車道分隔線","無",74,"非汽(機)車駕駛人",120.554748,23.869761,"彰化縣","田尾鄉"
"側撞","2020",6,26,7,"晴","日間自然光線",50,"三岔路","交叉口附近","柏油","乾燥","良好","正常","無","未繪設快慢車道分隔線","無",44,"未使用",120.554748,23.869761,"彰化縣","田尾鄉"
"撞交通島","2020",6,26,7,"晴","日間自然光線",50,"三岔路","交叉路口內","柏油","乾燥","良好","無號誌","中央分向島","快慢車道分隔線","有",16,"未使用",121.247349,24.87906,"桃園市","龍潭區"
"撞交通島","2020",6,26,7,"晴","日間自然光線",50,"三岔路","交叉路口內","柏油","乾燥","良好","無號誌","中央分向島","快慢車道分隔線","有",16,"非汽(機)車駕駛人",121.247349,24.87906,"桃園市","龍潭區"
"撞護欄(樁)","2020",6,26,10,"晴","日間自然光線",15,"橋樑","其他","柏油","油滑","良好","無號誌","無","未繪設快慢車道分隔線","無",37,"未使用",120.948948,24.578914,"苗栗縣","獅潭鄉"
"路口交岔撞","2020",6,26,10,"晴","日間自然光線",30,"四岔路","交叉路口內","柏油","乾燥","良好","無號誌","雙向禁止超車線","未繪設快慢車道分隔線","有",71,"不明",120.530788,23.765427,"雲林縣","莿桐鄉"
"路口交岔撞","2020",6,26,10,"晴","日間自然光線",30,"四岔路","交叉路口內","柏油","乾燥","良好","無號誌","雙向禁止超車線","未繪設快慢車道分隔線","有",52,"未使用",120.530788,23.765427,"雲林縣","莿桐鄉"
"路口交岔撞","2020",6,26,16,"晴","日間自然光線",40,"四岔路","交叉路口內","柏油","乾燥","不良","無號誌","無","未繪設快慢車道分隔線","有",43,"不明",120.514845,24.009639,"彰化縣","秀水鄉"
"路口交岔撞","2020",6,26,16,"晴","日間自然光線",40,"四岔路","交叉路口內","柏油","乾燥","不良","無號誌","無","未繪設快慢車道分隔線","有",61,"不明",120.514845,24.009639,"彰化縣","秀水鄉"
"追撞","2020",6,26,19,"雨","夜間(或隧道、地下道、涵洞)有照明",60,"直路","慢車道","柏油","濕潤","良好","無號誌","中央分向島","快慢車道分隔線","有",52,"不明",120.437104,22.592582,"高雄市","大寮區"
"追撞","2020",6,26,19,"雨","夜間(或隧道、地下道、涵洞)有照明",60,"直路","慢車道","柏油","濕潤","良好","無號誌","中央分向島","快慢車道分隔線","有",22,"未使用",120.437104,22.592582,"高雄市","大寮區"
"追撞","2020",6,26,19,"雨","夜間(或隧道、地下道、涵洞)有照明",60,"直路","慢車道","柏油","濕潤","良好","無號誌","中央分向島","快慢車道分隔線","有",36,"未使用",120.437104,22.592582,"高雄市","大寮區"
"追撞","2020",6,26,19,"雨","夜間(或隧道、地下道、涵洞)有照明",60,"直路","慢車道","柏油","濕潤","良好","無號誌","中央分向島","快慢車道分隔線","有",28,"未使用",120.437104,22.592582,"高雄市","大寮區"
"追撞","2020",6,26,19,"雨","夜間(或隧道、地下道、涵洞)有照明",60,"直路","慢車道","柏油","濕潤","良好","無號誌","中央分向島","快慢車道分隔線","有",19,"未使用",120.437104,22.592582,"高雄市","大寮區"
"追撞","2020",6,26,19,"雨","夜間(或隧道、地下道、涵洞)有照明",60,"直路","慢車道","柏油","濕潤","良好","無號誌","中央分向島","快慢車道分隔線","有",35,"未使用",120.437104,22.592582,"高雄市","大寮區"
"撞號誌、標誌桿","2020",6,27,4,"晴","夜間(或隧道、地下道、涵洞)有照明",50,"直路","快車道","柏油","乾燥","良好","正常","中央分向島","快慢車道分隔線","有",109,"",120.400507,22.561405,"高雄市","大寮區"
"撞號誌、標誌桿","2020",6,27,4,"晴","夜間(或隧道、地下道、涵洞)有照明",50,"直路","快車道","柏油","乾燥","良好","正常","中央分向島","快慢車道分隔線","有",50,"未使用",120.400507,22.561405,"高雄市","大寮區"
"其他","2020",6,27,11,"晴","日間自然光線",50,"三岔路","交叉口附近","柏油","乾燥","良好","無號誌","雙向禁止超車線","未繪設快慢車道分隔線","有",42,"未使用",120.501915,22.698132,"屏東縣","屏東市"
"其他","2020",6,27,11,"晴","日間自然光線",50,"三岔路","交叉口附近","柏油","乾燥","良好","無號誌","雙向禁止超車線","未繪設快慢車道分隔線","有",44,"未使用",120.501915,22.698132,"屏東縣","屏東市"
"路上翻車、摔倒","2020",6,27,23,"晴","夜間(或隧道、地下道、涵洞)有照明",50,"彎曲路及附近","慢車道","柏油","乾燥","良好","無號誌","中央分向島","快慢車道分隔線","無",109,"",120.3106,22.68937,"高雄市","左營區"
"路上翻車、摔倒","2020",6,27,23,"晴","夜間(或隧道、地下道、涵洞)有照明",50,"彎曲路及附近","慢車道","柏油","乾燥","良好","無號誌","中央分向島","快慢車道分隔線","無",36,"未使用",120.3106,22.68937,"高雄市","左營區"
"撞護欄(樁)","2020",6,27,23,"晴","夜間(或隧道、地下道、涵洞)無照明",30,"彎曲路及附近","一般車道(未劃分快慢車道)","柏油","乾燥","良好","無號誌","雙向禁止超車線","未繪設快慢車道分隔線","有",23,"不明",121.155957,22.771417,"臺東縣","臺東市"
"撞護欄(樁)","2020",6,27,23,"晴","夜間(或隧道、地下道、涵洞)無照明",30,"彎曲路及附近","一般車道(未劃分快慢車道)","柏油","乾燥","良好","無號誌","雙向禁止超車線","未繪設快慢車道分隔線","有",37,"不明",121.155957,22.771417,"臺東縣","臺東市"
"路上翻車、摔倒","2020",6,28,2,"晴","夜間(或隧道、地下道、涵洞)有照明",40,"彎曲路及附近","一般車道(未劃分快慢車道)","柏油","乾燥","不良","無號誌","雙向禁止超車線","未繪設快慢車道分隔線","有",109,"",120.416508,22.732279,"高雄市","大樹區"
"路上翻車、摔倒","2020",6,28,2,"晴","夜間(或隧道、地下道、涵洞)有照明",40,"彎曲路及附近","一般車道(未劃分快慢車道)","柏油","乾燥","不良","無號誌","雙向禁止超車線","未繪設快慢車道分隔線","有",21,"未使用",120.416508,22.732279,"高雄市","大樹區"
"追撞","2020",6,28,5,"晴","日間自然光線",50,"三岔路","交叉口附近","柏油","乾燥","良好","無號誌","雙向禁止超車線","未繪設快慢車道分隔線","有",23,"不明",120.609186,22.690908,"屏東縣","內埔鄉"