"事故類型及型態子類別名稱","發生年度","發生月份","發生日期","發生時間","天候名稱","光線名稱","速限.第1當事者","道路型態子類別名稱","事故位置子類別名稱","路面狀況.路面鋪裝名稱","路面狀況.路面狀態名稱","道路障礙.視距品質名稱","號誌.號誌動作名稱","車道劃分設施.分向設施大類別名稱","車道劃分設施.分道設施.快慢車道間名稱","車道劃分設施.分道設施.路面邊線名稱","當事者事故發生時年齡","行動電話或電腦或其他相類功能裝置名稱","經度","緯度","縣市","鄉鎮"
"追撞","2020",6,28,5,"晴","日間自然光線",50,"三岔路","交叉口附近","柏油","乾燥","良好","無號誌","雙向禁止超車線","未繪設快慢車道分隔線","有",67,"未使用",120.609186,22.690908,"屏東縣","內埔鄉"
"路口交岔撞","2020",6,28,9,"晴","日間自然光線",50,"四岔路","交叉路口內","柏油","乾燥","良好","無號誌","無","未繪設快慢車道分隔線","有",23,"未使用",120.603803,22.660802,"屏東縣","內埔鄉"
"路口交岔撞","2020",6,28,9,"晴","日間自然光線",50,"四岔路","交叉路口內","柏油","乾燥","良好","無號誌","無","未繪設快慢車道分隔線","有",51,"未使用",120.603803,22.660802,"屏東縣","內埔鄉"
"路上翻車、摔倒","2020",6,28,13,"晴","日間自然光線",30,"直路","一般車道(未劃分快慢車道)","柏油","乾燥","良好","無號誌","雙向禁止超車線","未繪設快慢車道分隔線","有",56,"未使用",120.70883,23.470498,"嘉義縣","阿里山鄉"
"追撞","2020",6,29,7,"晴","日間自然光線",50,"三岔路","交叉口附近","柏油","乾燥","良好","無號誌","雙向禁止超車線","快慢車道分隔線","有",61,"未使用",121.400538,23.157552,"臺東縣","成功鎮"
"追撞","2020",6,29,7,"晴","日間自然光線",50,"三岔路","交叉口附近","柏油","乾燥","良好","無號誌","雙向禁止超車線","快慢車道分隔線","有",67,"未使用",121.400538,23.157552,"臺東縣","成功鎮"
"追撞","2020",6,29,7,"晴","日間自然光線",50,"三岔路","交叉口附近","柏油","乾燥","良好","無號誌","雙向禁止超車線","快慢車道分隔線","有",12,"未使用",121.400538,23.157552,"臺東縣","成功鎮"
"撞路樹、電桿","2020",6,29,17,"晴","日間自然光線",60,"直路","路肩、路緣","柏油","乾燥","良好","無號誌","雙向禁止超車線","快慢車道分隔線","有",59,"未使用",121.313768,23.324932,"花蓮縣","玉里鎮"
"路口交岔撞","2020",6,29,17,"晴","日間自然光線",40,"四岔路","交叉路口內","柏油","乾燥","良好","無號誌","無","未繪設快慢車道分隔線","無",46,"未使用",121.589776,23.948977,"花蓮縣","吉安鄉"
"路口交岔撞","2020",6,29,17,"晴","日間自然光線",40,"四岔路","交叉路口內","柏油","乾燥","良好","無號誌","無","未繪設快慢車道分隔線","無",19,"未使用",121.589776,23.948977,"花蓮縣","吉安鄉"
"側撞","2020",6,29,18,"晴","夜間(或隧道、地下道、涵洞)有照明",40,"四岔路","交叉口附近","柏油","乾燥","良好","無號誌","雙向禁止超車線","未繪設快慢車道分隔線","有",24,"未使用",120.42761,23.714934,"雲林縣","虎尾鎮"
"側撞","2020",6,29,18,"晴","夜間(或隧道、地下道、涵洞)有照明",40,"四岔路","交叉口附近","柏油","乾燥","良好","無號誌","雙向禁止超車線","未繪設快慢車道分隔線","有",44,"非汽(機)車駕駛人",120.42761,23.714934,"雲林縣","虎尾鎮"
"追撞","2020",6,29,21,"晴","夜間(或隧道、地下道、涵洞)有照明",110,"直路","快車道","柏油","乾燥","良好","無號誌","中央分向島","未繪設快慢車道分隔線","有",61,"不明",120.750308,24.553714,"苗栗縣","西湖鄉"
"追撞","2020",6,29,21,"晴","夜間(或隧道、地下道、涵洞)有照明",110,"直路","快車道","柏油","乾燥","良好","無號誌","中央分向島","未繪設快慢車道分隔線","有",32,"未使用",120.750308,24.553714,"苗栗縣","西湖鄉"
"追撞","2020",6,29,21,"晴","夜間(或隧道、地下道、涵洞)有照明",110,"直路","快車道","柏油","乾燥","良好","無號誌","中央分向島","未繪設快慢車道分隔線","有",59,"非汽(機)車駕駛人",120.750308,24.553714,"苗栗縣","西湖鄉"
"同向擦撞","2020",6,30,10,"晴","日間自然光線",50,"四岔路","交叉路口內","柏油","乾燥","良好","正常","中央分向島","未繪設快慢車道分隔線","有",86,"未使用",120.264065,23.311117,"臺南市","鹽水區"
"同向擦撞","2020",6,30,10,"晴","日間自然光線",50,"四岔路","交叉路口內","柏油","乾燥","良好","正常","中央分向島","未繪設快慢車道分隔線","有",75,"未使用",120.264065,23.311117,"臺南市","鹽水區"
"衝出路外","2020",6,30,15,"晴","日間自然光線",50,"彎曲路及附近","路肩、路緣","柏油","乾燥","良好","無號誌","雙向禁止超車線","未繪設快慢車道分隔線","有",33,"未使用",120.562642,23.463489,"嘉義縣","番路鄉"
"衝出路外","2020",6,30,15,"晴","日間自然光線",50,"彎曲路及附近","路肩、路緣","柏油","乾燥","良好","無號誌","雙向禁止超車線","未繪設快慢車道分隔線","有",63,"非汽(機)車駕駛人",120.562642,23.463489,"嘉義縣","番路鄉"
"衝出路外","2020",6,30,15,"晴","日間自然光線",50,"彎曲路及附近","路肩、路緣","柏油","乾燥","良好","無號誌","雙向禁止超車線","未繪設快慢車道分隔線","有",65,"非汽(機)車駕駛人",120.562642,23.463489,"嘉義縣","番路鄉"
"側撞","2020",7,1,14,"晴","日間自然光線",50,"四岔路","交叉路口內","柏油","乾燥","良好","正常","無","未繪設快慢車道分隔線","無",42,"不明",120.548136,23.686596,"雲林縣","斗六市"
"側撞","2020",7,1,14,"晴","日間自然光線",50,"四岔路","交叉路口內","柏油","乾燥","良好","正常","無","未繪設快慢車道分隔線","無",34,"未使用",120.548136,23.686596,"雲林縣","斗六市"
"側撞","2020",7,1,14,"晴","日間自然光線",50,"四岔路","交叉路口內","柏油","乾燥","良好","正常","無","未繪設快慢車道分隔線","無",24,"未使用",120.548136,23.686596,"雲林縣","斗六市"
"同向擦撞","2020",7,1,16,"陰","日間自然光線",40,"四岔路","交叉口附近","柏油","乾燥","良好","正常","雙向禁止超車線","未繪設快慢車道分隔線","無",84,"未使用",120.308468,22.665042,"高雄市","左營區"
"同向擦撞","2020",7,1,16,"陰","日間自然光線",40,"四岔路","交叉口附近","柏油","乾燥","良好","正常","雙向禁止超車線","未繪設快慢車道分隔線","無",55,"未使用",120.308468,22.665042,"高雄市","左營區"
"同向擦撞","2020",7,1,16,"陰","日間自然光線",40,"四岔路","交叉口附近","柏油","乾燥","良好","正常","雙向禁止超車線","未繪設快慢車道分隔線","無",59,"未使用",120.308468,22.665042,"高雄市","左營區"
"追撞","2020",7,2,4,"陰","夜間(或隧道、地下道、涵洞)無照明",100,"直路","減速車道","柏油","乾燥","良好","無號誌","中央分向島","未繪設快慢車道分隔線","有",24,"不明",120.382253,22.759619,"高雄市","燕巢區"
"追撞","2020",7,2,4,"陰","夜間(或隧道、地下道、涵洞)無照明",100,"直路","減速車道","柏油","乾燥","良好","無號誌","中央分向島","未繪設快慢車道分隔線","有",22,"未使用",120.382253,22.759619,"高雄市","燕巢區"
"路上翻車、摔倒","2020",7,2,5,"晴","夜間(或隧道、地下道、涵洞)無照明",40,"直路","其他","柏油","乾燥","不良","無號誌","無","未繪設快慢車道分隔線","有",59,"不明",120.628292,23.775443,"雲林縣","林內鄉"
"側撞","2020",7,2,6,"晴","日間自然光線",50,"四岔路","交叉路口內","柏油","乾燥","良好","正常","無","未繪設快慢車道分隔線","無",67,"未使用",121.259837,24.989835,"桃園市","蘆竹區"
"側撞","2020",7,2,6,"晴","日間自然光線",50,"四岔路","交叉路口內","柏油","乾燥","良好","正常","無","未繪設快慢車道分隔線","無",59,"未使用",121.259837,24.989835,"桃園市","蘆竹區"
"側撞","2020",7,2,6,"晴","日間自然光線",50,"四岔路","交叉路口內","柏油","乾燥","良好","正常","無","未繪設快慢車道分隔線","無",43,"未使用",121.259837,24.989835,"桃園市","蘆竹區"
"路上翻車、摔倒","2020",7,2,8,"雨","日間自然光線",70,"直路","快車道","柏油","濕潤","良好","無號誌","中央分向島","快慢車道分隔線","有",58,"不明",120.652989,22.261031,"屏東縣","枋山鄉"
"追撞","2020",7,2,8,"晴","日間自然光線",110,"直路","快車道","柏油","乾燥","良好","無號誌","中央分向島","未繪設快慢車道分隔線","有",36,"未使用",120.633485,24.179454,"臺中市","西屯區"
"追撞","2020",7,2,8,"晴","日間自然光線",110,"直路","快車道","柏油","乾燥","良好","無號誌","中央分向島","未繪設快慢車道分隔線","有",71,"未使用",120.633485,24.179454,"臺中市","西屯區"
"追撞","2020",7,2,8,"晴","日間自然光線",110,"直路","快車道","柏油","乾燥","良好","無號誌","中央分向島","未繪設快慢車道分隔線","有",56,"未使用",120.633485,24.179454,"臺中市","西屯區"
"追撞","2020",7,2,8,"晴","日間自然光線",110,"直路","快車道","柏油","乾燥","良好","無號誌","中央分向島","未繪設快慢車道分隔線","有",73,"不明",120.633485,24.179454,"臺中市","西屯區"
"穿越道路中","2020",7,2,8,"晴","日間自然光線",50,"四岔路","交叉路口內","柏油","乾燥","良好","正常","中央分向島","未繪設快慢車道分隔線","無",43,"不明",121.513602,25.064743,"臺北市","大同區"
"穿越道路中","2020",7,2,8,"晴","日間自然光線",50,"四岔路","交叉路口內","柏油","乾燥","良好","正常","中央分向島","未繪設快慢車道分隔線","無",85,"非汽(機)車駕駛人",121.513602,25.064743,"臺北市","大同區"
"穿越道路中","2020",7,3,4,"晴","夜間(或隧道、地下道、涵洞)有照明",50,"四岔路","行人穿越道","柏油","乾燥","良好","正常","無","未繪設快慢車道分隔線","無",28,"未使用",120.66248,24.188185,"臺中市","北屯區"
"穿越道路中","2020",7,3,4,"晴","夜間(或隧道、地下道、涵洞)有照明",50,"四岔路","行人穿越道","柏油","乾燥","良好","正常","無","未繪設快慢車道分隔線","無",75,"非汽(機)車駕駛人",120.66248,24.188185,"臺中市","北屯區"
"穿越道路中","2020",7,3,4,"陰","晨或暮光",50,"四岔路","交叉路口內","柏油","乾燥","良好","正常","無","未繪設快慢車道分隔線","無",44,"未使用",120.643488,24.172476,"臺中市","西屯區"
"穿越道路中","2020",7,3,4,"陰","晨或暮光",50,"四岔路","交叉路口內","柏油","乾燥","良好","正常","無","未繪設快慢車道分隔線","無",37,"未使用",120.643488,24.172476,"臺中市","西屯區"
"穿越道路中","2020",7,3,4,"陰","晨或暮光",50,"四岔路","交叉路口內","柏油","乾燥","良好","正常","無","未繪設快慢車道分隔線","無",87,"未使用",120.643488,24.172476,"臺中市","西屯區"
"路口交岔撞","2020",7,3,5,"晴","日間自然光線",50,"四岔路","交叉路口內","柏油","乾燥","良好","正常","無","未繪設快慢車道分隔線","無",69,"未使用",121.109931,22.780081,"臺東縣","臺東市"
"路口交岔撞","2020",7,3,5,"晴","日間自然光線",50,"四岔路","交叉路口內","柏油","乾燥","良好","正常","無","未繪設快慢車道分隔線","無",51,"未使用",121.109931,22.780081,"臺東縣","臺東市"
"倒車撞","2020",7,3,10,"晴","日間自然光線",40,"多岔路","交叉路口內","柏油","乾燥","良好","無號誌","行車分向線","未繪設快慢車道分隔線","有",55,"未使用",120.5634,23.979795,"彰化縣","大村鄉"
"倒車撞","2020",7,3,10,"晴","日間自然光線",40,"多岔路","交叉路口內","柏油","乾燥","良好","無號誌","行車分向線","未繪設快慢車道分隔線","有",73,"未使用",120.5634,23.979795,"彰化縣","大村鄉"
"路口交岔撞","2020",7,3,16,"晴","日間自然光線",50,"四岔路","交叉路口內","柏油","乾燥","良好","無號誌","無","未繪設快慢車道分隔線","有",43,"不明",120.327903,23.900356,"彰化縣","芳苑鄉"
"路口交岔撞","2020",7,3,16,"晴","日間自然光線",50,"四岔路","交叉路口內","柏油","乾燥","良好","無號誌","無","未繪設快慢車道分隔線","有",47,"不明",120.327903,23.900356,"彰化縣","芳苑鄉"
"穿越道路中","2020",7,4,2,"晴","夜間(或隧道、地下道、涵洞)有照明",50,"四岔路","交叉口附近","柏油","乾燥","良好","正常","中央分向島","寛式快慢車道分隔島(50公分以上)","無",57,"未使用",121.559299,25.033122,"臺北市","信義區"
"穿越道路中","2020",7,4,2,"晴","夜間(或隧道、地下道、涵洞)有照明",50,"四岔路","交叉口附近","柏油","乾燥","良好","正常","中央分向島","寛式快慢車道分隔島(50公分以上)","無",53,"非汽(機)車駕駛人",121.559299,25.033122,"臺北市","信義區"
"路口交岔撞","2020",7,4,5,"晴","日間自然光線",50,"四岔路","交叉路口內","柏油","乾燥","不良","正常","無","未繪設快慢車道分隔線","無",26,"不明",120.214236,23.719064,"雲林縣","臺西鄉"
"路口交岔撞","2020",7,4,5,"晴","日間自然光線",50,"四岔路","交叉路口內","柏油","乾燥","不良","正常","無","未繪設快慢車道分隔線","無",45,"不明",120.214236,23.719064,"雲林縣","臺西鄉"
"路口交岔撞","2020",7,4,6,"晴","日間自然光線",60,"四岔路","交叉路口內","柏油","乾燥","良好","正常","雙向禁止超車線","未繪設快慢車道分隔線","有",65,"未使用",120.440387,24.059726,"彰化縣","鹿港鎮"
"路口交岔撞","2020",7,4,6,"晴","日間自然光線",60,"四岔路","交叉路口內","柏油","乾燥","良好","正常","雙向禁止超車線","未繪設快慢車道分隔線","有",55,"未使用",120.440387,24.059726,"彰化縣","鹿港鎮"
"撞護欄(樁)","2020",7,4,10,"晴","日間自然光線",50,"彎曲路及附近","路肩、路緣","柏油","乾燥","良好","無號誌","雙向禁止超車線","快慢車道分隔線","有",66,"未使用",121.139393,22.744846,"臺東縣","鹿野鄉"
"撞路樹、電桿","2020",7,4,15,"晴","日間自然光線",50,"直路","路肩、路緣","柏油","乾燥","良好","無號誌","中央分向島","快慢車道分隔線","有",44,"非汽(機)車駕駛人",121.003165,24.875007,"新竹縣","湖口鄉"
"撞護欄(樁)","2020",7,5,2,"晴","夜間(或隧道、地下道、涵洞)有照明",100,"直路","快車道","柏油","乾燥","良好","無號誌","中央分向島","未繪設快慢車道分隔線","有",61,"未使用",121.668534,25.081816,"新北市","汐止區"
"撞護欄(樁)","2020",7,5,2,"晴","夜間(或隧道、地下道、涵洞)有照明",100,"直路","快車道","柏油","乾燥","良好","無號誌","中央分向島","未繪設快慢車道分隔線","有",45,"未使用",121.668534,25.081816,"新北市","汐止區"
"路口交岔撞","2020",7,5,8,"晴","日間自然光線",70,"四岔路","交叉路口內","柏油","乾燥","良好","正常","中央分向島","快慢車道分隔線","有",20,"未使用",120.561795,23.992781,"彰化縣","大村鄉"
"路口交岔撞","2020",7,5,8,"晴","日間自然光線",70,"四岔路","交叉路口內","柏油","乾燥","良好","正常","中央分向島","快慢車道分隔線","有",76,"未使用",120.561795,23.992781,"彰化縣","大村鄉"
"側撞","2020",7,5,8,"晴","日間自然光線",50,"三岔路","交叉路口內","柏油","乾燥","良好","正常","無","未繪設快慢車道分隔線","無",67,"未使用",121.465128,25.018586,"新北市","板橋區"
"側撞","2020",7,5,8,"晴","日間自然光線",50,"三岔路","交叉路口內","柏油","乾燥","良好","正常","無","未繪設快慢車道分隔線","無",18,"未使用",121.465128,25.018586,"新北市","板橋區"
"側撞","2020",7,5,8,"晴","日間自然光線",50,"三岔路","交叉路口內","柏油","乾燥","良好","正常","無","未繪設快慢車道分隔線","無",18,"非汽(機)車駕駛人",121.465128,25.018586,"新北市","板橋區"
"對向擦撞","2020",7,5,13,"晴","日間自然光線",40,"彎曲路及附近","一般車道(未劃分快慢車道)","柏油","乾燥","良好","無號誌","行車分向線","未繪設快慢車道分隔線","有",50,"不明",120.908727,23.829793,"南投縣","魚池鄉"
"對向擦撞","2020",7,5,13,"晴","日間自然光線",40,"彎曲路及附近","一般車道(未劃分快慢車道)","柏油","乾燥","良好","無號誌","行車分向線","未繪設快慢車道分隔線","有",36,"未使用",120.908727,23.829793,"南投縣","魚池鄉"
"其他","2020",7,5,15,"陰","日間自然光線",50,"四岔路","交叉路口內","柏油","乾燥","良好","正常","中央分向島","未繪設快慢車道分隔線","有",77,"未使用",121.47064,25.014406,"新北市","板橋區"
"其他","2020",7,5,15,"陰","日間自然光線",50,"四岔路","交叉路口內","柏油","乾燥","良好","正常","中央分向島","未繪設快慢車道分隔線","有",20,"未使用",121.47064,25.014406,"新北市","板橋區"
"其他","2020",7,5,15,"陰","日間自然光線",50,"四岔路","交叉路口內","柏油","乾燥","良好","正常","中央分向島","未繪設快慢車道分隔線","有",58,"未使用",121.47064,25.014406,"新北市","板橋區"
"其他","2020",7,5,15,"陰","日間自然光線",50,"四岔路","交叉路口內","柏油","乾燥","良好","正常","中央分向島","未繪設快慢車道分隔線","有",63,"非汽(機)車駕駛人",121.47064,25.014406,"新北市","板橋區"
"其他","2020",7,5,15,"陰","日間自然光線",50,"四岔路","交叉路口內","柏油","乾燥","良好","正常","中央分向島","未繪設快慢車道分隔線","有",26,"非汽(機)車駕駛人",121.47064,25.014406,"新北市","板橋區"
"撞路樹、電桿","2020",7,5,22,"晴","夜間(或隧道、地下道、涵洞)有照明",50,"直路","路肩、路緣","柏油","乾燥","良好","無號誌","雙向禁止超車線","未繪設快慢車道分隔線","有",49,"不明",121.15661,25.034544,"桃園市","觀音區"
"撞路樹、電桿","2020",7,5,23,"晴","夜間(或隧道、地下道、涵洞)有照明",50,"直路","其他","柏油","乾燥","良好","無號誌","雙向禁止超車線","未繪設快慢車道分隔線","有",109,"",120.351545,22.785971,"高雄市","燕巢區"
"撞路樹、電桿","2020",7,5,23,"晴","夜間(或隧道、地下道、涵洞)有照明",50,"直路","其他","柏油","乾燥","良好","無號誌","雙向禁止超車線","未繪設快慢車道分隔線","有",15,"未使用",120.351545,22.785971,"高雄市","燕巢區"
"其他","2020",7,6,0,"晴","夜間(或隧道、地下道、涵洞)有照明",40,"直路","一般車道(未劃分快慢車道)","柏油","乾燥","良好","無號誌","無","未繪設快慢車道分隔線","有",17,"未使用",120.498185,24.170019,"彰化縣","伸港鄉"
"側撞","2020",7,6,6,"晴","日間自然光線",50,"直路","一般車道(未劃分快慢車道)","柏油","乾燥","良好","無號誌","雙向禁止超車線","未繪設快慢車道分隔線","有",53,"未使用",121.147802,24.945168,"桃園市","楊梅區"
"側撞","2020",7,6,6,"晴","日間自然光線",50,"直路","一般車道(未劃分快慢車道)","柏油","乾燥","良好","無號誌","雙向禁止超車線","未繪設快慢車道分隔線","有",16,"未使用",121.147802,24.945168,"桃園市","楊梅區"
"側撞","2020",7,6,6,"晴","日間自然光線",50,"四岔路","交叉路口內","柏油","乾燥","良好","正常","雙向禁止超車線","未繪設快慢車道分隔線","有",39,"未使用",120.54581,24.020675,"彰化縣","花壇鄉"
"側撞","2020",7,6,6,"晴","日間自然光線",50,"四岔路","交叉路口內","柏油","乾燥","良好","正常","雙向禁止超車線","未繪設快慢車道分隔線","有",72,"未使用",120.54581,24.020675,"彰化縣","花壇鄉"
"路口交岔撞","2020",7,6,13,"晴","日間自然光線",50,"四岔路","交叉路口內","柏油","乾燥","良好","正常","無","未繪設快慢車道分隔線","無",59,"不明",120.507432,23.761533,"雲林縣","莿桐鄉"
"路口交岔撞","2020",7,6,13,"晴","日間自然光線",50,"四岔路","交叉路口內","柏油","乾燥","良好","正常","無","未繪設快慢車道分隔線","無",29,"不明",120.507432,23.761533,"雲林縣","莿桐鄉"
"追撞","2020",7,6,18,"晴","晨或暮光",40,"直路","慢車道","柏油","乾燥","良好","無號誌","單向禁止超車線","快慢車道分隔線","無",25,"未使用",120.406303,22.487805,"高雄市","林園區"
"追撞","2020",7,6,18,"晴","晨或暮光",40,"直路","慢車道","柏油","乾燥","良好","無號誌","單向禁止超車線","快慢車道分隔線","無",64,"未使用",120.406303,22.487805,"高雄市","林園區"
"追撞","2020",7,7,7,"雨","日間自然光線",60,"四岔路","交叉口附近","柏油","濕潤","良好","正常","中央分向島","快慢車道分隔線","有",81,"未使用",120.273919,23.266184,"臺南市","新營區"
"追撞","2020",7,7,7,"雨","日間自然光線",60,"四岔路","交叉口附近","柏油","濕潤","良好","正常","中央分向島","快慢車道分隔線","有",65,"未使用",120.273919,23.266184,"臺南市","新營區"
"追撞","2020",7,7,7,"雨","日間自然光線",60,"四岔路","交叉口附近","柏油","濕潤","良好","正常","中央分向島","快慢車道分隔線","有",82,"非汽(機)車駕駛人",120.273919,23.266184,"臺南市","新營區"
"追撞","2020",7,7,7,"雨","日間自然光線",60,"四岔路","交叉口附近","柏油","濕潤","良好","正常","中央分向島","快慢車道分隔線","有",65,"非汽(機)車駕駛人",120.273919,23.266184,"臺南市","新營區"
"同向通行中","2020",7,7,11,"晴","日間自然光線",50,"四岔路","交叉口附近","柏油","乾燥","良好","正常","雙向禁止超車線","快慢車道分隔線","有",48,"未使用",120.848426,24.574391,"苗栗縣","頭屋鄉"
"同向通行中","2020",7,7,11,"晴","日間自然光線",50,"四岔路","交叉口附近","柏油","乾燥","良好","正常","雙向禁止超車線","快慢車道分隔線","有",83,"非汽(機)車駕駛人",120.848426,24.574391,"苗栗縣","頭屋鄉"
"撞交通島","2020",7,8,13,"晴","日間自然光線",60,"直路","一般車道(未劃分快慢車道)","柏油","乾燥","良好","無號誌","中央分向島","未繪設快慢車道分隔線","有",41,"未使用",121.292914,24.920246,"桃園市","大溪區"
"其他","2020",7,9,2,"晴","夜間(或隧道、地下道、涵洞)有照明",40,"其他","一般車道(未劃分快慢車道)","柏油","乾燥","良好","無號誌","無","未繪設快慢車道分隔線","有",67,"不明",120.538617,23.918299,"彰化縣","永靖鄉"
"路上翻車、摔倒","2020",7,9,3,"晴","日間自然光線",50,"直路","一般車道(未劃分快慢車道)","柏油","乾燥","良好","無號誌","中央分向島","未繪設快慢車道分隔線","無",24,"未使用",121.694349,25.158197,"基隆市","安樂區"
"撞路樹、電桿","2020",7,9,8,"晴","日間自然光線",50,"四岔路","交叉路口內","柏油","乾燥","良好","無號誌","雙向禁止超車線","未繪設快慢車道分隔線","有",27,"未使用",120.440179,24.004739,"彰化縣","埔鹽鄉"
"撞護欄(樁)","2020",7,9,8,"晴","夜間(或隧道、地下道、涵洞)有照明",50,"彎曲路及附近","路肩、路緣","柏油","乾燥","良好","無號誌","雙向禁止超車線","未繪設快慢車道分隔線","有",16,"不明",120.161711,23.257306,"臺南市","學甲區"
"其他","2020",7,9,22,"晴","日間自然光線",50,"四岔路","交叉路口內","柏油","乾燥","良好","正常","中央分向島","未繪設快慢車道分隔線","無",73,"不明",121.529202,25.040835,"臺北市","中正區"
"其他","2020",7,9,22,"晴","日間自然光線",50,"四岔路","交叉路口內","柏油","乾燥","良好","正常","中央分向島","未繪設快慢車道分隔線","無",64,"不明",121.529202,25.040835,"臺北市","中正區"
"其他","2020",7,9,22,"晴","日間自然光線",50,"四岔路","交叉路口內","柏油","乾燥","良好","正常","中央分向島","未繪設快慢車道分隔線","無",64,"不明",121.529202,25.040835,"臺北市","中正區"
"其他","2020",7,10,11,"晴","日間自然光線",50,"四岔路","交叉口附近","柏油","乾燥","良好","正常","雙向禁止超車線","快慢車道分隔線","有",31,"未使用",120.891983,24.693296,"苗栗縣","頭份市"
"其他","2020",7,10,11,"晴","日間自然光線",50,"四岔路","交叉口附近","柏油","乾燥","良好","正常","雙向禁止超車線","快慢車道分隔線","有",40,"未使用",120.891983,24.693296,"苗栗縣","頭份市"
"穿越道路中","2020",7,11,3,"晴","日間自然光線",50,"多岔路","交叉路口內","柏油","乾燥","良好","正常","無","未繪設快慢車道分隔線","無",32,"未使用",120.681829,24.144568,"臺中市","中區"
"穿越道路中","2020",7,11,3,"晴","日間自然光線",50,"多岔路","交叉路口內","柏油","乾燥","良好","正常","無","未繪設快慢車道分隔線","無",79,"非汽(機)車駕駛人",120.681829,24.144568,"臺中市","中區"
"路口交岔撞","2020",7,11,5,"晴","日間自然光線",50,"四岔路","交叉路口內","柏油","乾燥","良好","正常","無","未繪設快慢車道分隔線","無",78,"不明",120.9211,24.780856,"新竹市","香山區"
"路口交岔撞","2020",7,11,5,"晴","日間自然光線",50,"四岔路","交叉路口內","柏油","乾燥","良好","正常","無","未繪設快慢車道分隔線","無",55,"不明",120.9211,24.780856,"新竹市","香山區"
"側撞","2020",7,11,9,"晴","日間自然光線",70,"四岔路","交叉路口內","柏油","乾燥","良好","正常","中央分向島","快慢車道分隔線","有",47,"未使用",120.173455,23.023838,"臺南市","南區"
"側撞","2020",7,11,9,"晴","日間自然光線",70,"四岔路","交叉路口內","柏油","乾燥","良好","正常","中央分向島","快慢車道分隔線","有",63,"未使用",120.173455,23.023838,"臺南市","南區"
"側撞","2020",7,11,9,"晴","日間自然光線",70,"四岔路","交叉路口內","柏油","乾燥","良好","正常","中央分向島","快慢車道分隔線","有",42,"非汽(機)車駕駛人",120.173455,23.023838,"臺南市","南區"
"側撞","2020",7,11,11,"晴","日間自然光線",30,"三岔路","交叉路口內","柏油","乾燥","良好","無號誌","無","未繪設快慢車道分隔線","無",61,"未使用",120.649656,24.176041,"臺中市","西屯區"
"側撞","2020",7,11,11,"晴","日間自然光線",30,"三岔路","交叉路口內","柏油","乾燥","良好","無號誌","無","未繪設快慢車道分隔線","無",19,"未使用",120.649656,24.176041,"臺中市","西屯區"
"穿越道路中","2020",7,11,16,"晴","日間自然光線",50,"三岔路","穿越道附近","柏油","乾燥","良好","正常","無","未繪設快慢車道分隔線","無",27,"未使用",121.115406,24.957885,"桃園市","新屋區"
"穿越道路中","2020",7,11,16,"晴","日間自然光線",50,"三岔路","穿越道附近","柏油","乾燥","良好","正常","無","未繪設快慢車道分隔線","無",62,"非汽(機)車駕駛人",121.115406,24.957885,"桃園市","新屋區"
"穿越道路中","2020",7,11,16,"晴","日間自然光線",50,"三岔路","穿越道附近","柏油","乾燥","良好","正常","無","未繪設快慢車道分隔線","無",55,"未使用",121.115406,24.957885,"桃園市","新屋區"
"撞護欄(樁)","2020",7,12,7,"晴","日間自然光線",70,"彎曲路及附近","路肩、路緣","柏油","乾燥","良好","無號誌","中央分向島","未繪設快慢車道分隔線","有",20,"未使用",120.901195,23.983367,"南投縣","國姓鄉"
"路口交岔撞","2020",7,12,7,"晴","日間自然光線",40,"四岔路","交叉路口內","柏油","乾燥","良好","無號誌","無","未繪設快慢車道分隔線","無",53,"未使用",120.52564,24.190826,"臺中市","龍井區"
"路口交岔撞","2020",7,12,7,"晴","日間自然光線",40,"四岔路","交叉路口內","柏油","乾燥","良好","無號誌","無","未繪設快慢車道分隔線","無",72,"未使用",120.52564,24.190826,"臺中市","龍井區"
"撞路樹、電桿","2020",7,12,7,"晴","晨或暮光",50,"直路","一般車道(未劃分快慢車道)","柏油","乾燥","良好","無號誌","行車分向線","未繪設快慢車道分隔線","有",44,"不明",120.381516,23.475225,"嘉義縣","太保市"
"追撞","2020",7,12,11,"晴","日間自然光線",60,"四岔路","機車停等區","柏油","乾燥","良好","正常","行車分向線","快慢車道分隔線","有",24,"非汽(機)車駕駛人",121.785584,24.724304,"宜蘭縣","壯圍鄉"
"追撞","2020",7,12,11,"晴","日間自然光線",60,"四岔路","機車停等區","柏油","乾燥","良好","正常","行車分向線","快慢車道分隔線","有",26,"未使用",121.785584,24.724304,"宜蘭縣","壯圍鄉"
"追撞","2020",7,12,11,"晴","日間自然光線",60,"四岔路","機車停等區","柏油","乾燥","良好","正常","行車分向線","快慢車道分隔線","有",45,"未使用",121.785584,24.724304,"宜蘭縣","壯圍鄉"