"事故類型及型態子類別名稱","發生年度","發生月份","發生日期","發生時間","天候名稱","光線名稱","速限.第1當事者","道路型態子類別名稱","事故位置子類別名稱","路面狀況.路面鋪裝名稱","路面狀況.路面狀態名稱","道路障礙.視距品質名稱","號誌.號誌動作名稱","車道劃分設施.分向設施大類別名稱","車道劃分設施.分道設施.快慢車道間名稱","車道劃分設施.分道設施.路面邊線名稱","當事者事故發生時年齡","行動電話或電腦或其他相類功能裝置名稱","經度","緯度","縣市","鄉鎮"
"側撞","2020",7,12,18,"晴","日間自然光線",60,"四岔路","其他","柏油","乾燥","良好","正常","行車分向線","未繪設快慢車道分隔線","有",83,"未使用",121.840621,24.878176,"宜蘭縣","頭城鎮"
"側撞","2020",7,12,18,"晴","日間自然光線",60,"四岔路","其他","柏油","乾燥","良好","正常","行車分向線","未繪設快慢車道分隔線","有",51,"未使用",121.840621,24.878176,"宜蘭縣","頭城鎮"
"其他","2020",7,12,20,"晴","夜間(或隧道、地下道、涵洞)有照明",50,"彎曲路及附近","一般車道(未劃分快慢車道)","柏油","乾燥","不良","無號誌","雙向禁止超車線","未繪設快慢車道分隔線","無",23,"不明",121.409395,25.099218,"新北市","五股區"
"其他","2020",7,12,20,"晴","夜間(或隧道、地下道、涵洞)有照明",50,"彎曲路及附近","一般車道(未劃分快慢車道)","柏油","乾燥","不良","無號誌","雙向禁止超車線","未繪設快慢車道分隔線","無",22,"不明",121.409395,25.099218,"新北市","五股區"
"路上翻車、摔倒","2020",7,12,23,"晴","夜間(或隧道、地下道、涵洞)有照明",50,"四岔路","交叉口附近","柏油","乾燥","良好","無號誌","雙向禁止超車線","未繪設快慢車道分隔線","有",38,"未使用",120.481274,24.085539,"彰化縣","鹿港鎮"
"路口交岔撞","2020",7,13,1,"晴","日間自然光線",50,"四岔路","交叉路口內","柏油","乾燥","良好","正常","無","未繪設快慢車道分隔線","無",36,"未使用",120.293254,22.964237,"臺南市","歸仁區"
"路口交岔撞","2020",7,13,1,"晴","日間自然光線",50,"四岔路","交叉路口內","柏油","乾燥","良好","正常","無","未繪設快慢車道分隔線","無",20,"未使用",120.293254,22.964237,"臺南市","歸仁區"
"路口交岔撞","2020",7,13,11,"晴","日間自然光線",50,"四岔路","交叉路口內","柏油","乾燥","良好","無號誌","無","未繪設快慢車道分隔線","無",24,"未使用",121.240944,25.001763,"桃園市","中壢區"
"路口交岔撞","2020",7,13,11,"晴","日間自然光線",50,"四岔路","交叉路口內","柏油","乾燥","良好","無號誌","無","未繪設快慢車道分隔線","無",40,"未使用",121.240944,25.001763,"桃園市","中壢區"
"側撞","2020",7,13,14,"晴","日間自然光線",60,"多岔路","交叉口附近","柏油","乾燥","良好","正常","中央分向島","未繪設快慢車道分隔線","有",27,"未使用",120.479558,24.048981,"彰化縣","鹿港鎮"
"側撞","2020",7,13,14,"晴","日間自然光線",60,"多岔路","交叉口附近","柏油","乾燥","良好","正常","中央分向島","未繪設快慢車道分隔線","有",62,"未使用",120.479558,24.048981,"彰化縣","鹿港鎮"
"側撞","2020",7,13,14,"晴","日間自然光線",50,"四岔路","交叉路口內","柏油","乾燥","良好","正常","雙向禁止超車線","未繪設快慢車道分隔線","有",55,"未使用",121.018059,24.866034,"新竹縣","湖口鄉"
"側撞","2020",7,13,14,"晴","日間自然光線",50,"四岔路","交叉路口內","柏油","乾燥","良好","正常","雙向禁止超車線","未繪設快慢車道分隔線","有",54,"未使用",121.018059,24.866034,"新竹縣","湖口鄉"
"同向擦撞","2020",7,13,17,"晴","晨或暮光",50,"直路","一般車道(未劃分快慢車道)","柏油","乾燥","良好","無號誌","中央分向島","未繪設快慢車道分隔線","有",38,"不明",121.248675,25.108723,"桃園市","大園區"
"同向擦撞","2020",7,13,17,"晴","晨或暮光",50,"直路","一般車道(未劃分快慢車道)","柏油","乾燥","良好","無號誌","中央分向島","未繪設快慢車道分隔線","有",55,"未使用",121.248675,25.108723,"桃園市","大園區"
"撞路樹、電桿","2020",7,14,2,"晴","夜間(或隧道、地下道、涵洞)有照明",60,"直路","一般車道(未劃分快慢車道)","柏油","乾燥","良好","無號誌","雙向禁止超車線","快慢車道分隔線","有",21,"未使用",120.395206,23.52152,"嘉義縣","新港鄉"
"撞路樹、電桿","2020",7,14,2,"晴","夜間(或隧道、地下道、涵洞)有照明",60,"直路","一般車道(未劃分快慢車道)","柏油","乾燥","良好","無號誌","雙向禁止超車線","快慢車道分隔線","有",21,"非汽(機)車駕駛人",120.395206,23.52152,"嘉義縣","新港鄉"
"撞護欄(樁)","2020",7,14,5,"晴","日間自然光線",110,"直路","快車道","柏油","乾燥","良好","無號誌","中央分向島","未繪設快慢車道分隔線","有",20,"未使用",121.138432,24.803656,"新竹縣","關西鎮"
"撞護欄(樁)","2020",7,14,5,"晴","日間自然光線",110,"直路","快車道","柏油","乾燥","良好","無號誌","中央分向島","未繪設快慢車道分隔線","有",21,"未使用",121.138432,24.803656,"新竹縣","關西鎮"
"撞護欄(樁)","2020",7,14,5,"晴","日間自然光線",110,"直路","快車道","柏油","乾燥","良好","無號誌","中央分向島","未繪設快慢車道分隔線","有",18,"未使用",121.138432,24.803656,"新竹縣","關西鎮"
"追撞","2020",7,14,7,"晴","日間自然光線",50,"直路","一般車道(未劃分快慢車道)","柏油","乾燥","良好","無號誌","雙向禁止超車線","未繪設快慢車道分隔線","有",23,"未使用",121.053301,24.917437,"新竹縣","湖口鄉"
"追撞","2020",7,14,7,"晴","日間自然光線",50,"直路","一般車道(未劃分快慢車道)","柏油","乾燥","良好","無號誌","雙向禁止超車線","未繪設快慢車道分隔線","有",78,"未使用",121.053301,24.917437,"新竹縣","湖口鄉"
"追撞","2020",7,14,12,"晴","日間自然光線",110,"直路","快車道","柏油","乾燥","良好","無號誌","中央分向島","未繪設快慢車道分隔線","有",76,"非汽(機)車駕駛人",120.381735,22.851159,"高雄市","田寮區"
"追撞","2020",7,14,12,"晴","日間自然光線",110,"直路","快車道","柏油","乾燥","良好","無號誌","中央分向島","未繪設快慢車道分隔線","有",47,"不明",120.381735,22.851159,"高雄市","田寮區"
"追撞","2020",7,14,12,"晴","日間自然光線",110,"直路","快車道","柏油","乾燥","良好","無號誌","中央分向島","未繪設快慢車道分隔線","有",61,"未使用",120.381735,22.851159,"高雄市","田寮區"
"撞路樹、電桿","2020",7,14,12,"晴","日間自然光線",40,"彎曲路及附近","路肩、路緣","柏油","乾燥","良好","無號誌","行車分向線","未繪設快慢車道分隔線","有",27,"未使用",121.748957,24.782507,"宜蘭縣","礁溪鄉"
"路口交岔撞","2020",7,15,1,"晴","夜間(或隧道、地下道、涵洞)有照明",50,"四岔路","交叉路口內","柏油","乾燥","良好","正常","無","未繪設快慢車道分隔線","有",22,"不明",121.366709,24.927468,"新北市","三峽區"
"路口交岔撞","2020",7,15,1,"晴","夜間(或隧道、地下道、涵洞)有照明",50,"四岔路","交叉路口內","柏油","乾燥","良好","正常","無","未繪設快慢車道分隔線","有",22,"不明",121.366709,24.927468,"新北市","三峽區"
"路口交岔撞","2020",7,15,1,"晴","夜間(或隧道、地下道、涵洞)有照明",50,"四岔路","交叉路口內","柏油","乾燥","良好","正常","無","未繪設快慢車道分隔線","有",15,"不明",121.366709,24.927468,"新北市","三峽區"
"路口交岔撞","2020",7,15,1,"晴","夜間(或隧道、地下道、涵洞)有照明",50,"四岔路","交叉路口內","柏油","乾燥","良好","正常","無","未繪設快慢車道分隔線","有",15,"非汽(機)車駕駛人",121.366709,24.927468,"新北市","三峽區"
"追撞","2020",7,15,2,"晴","夜間(或隧道、地下道、涵洞)有照明",60,"直路","機車優先道","柏油","乾燥","良好","無號誌","中央分向島","快慢車道分隔線","有",27,"未使用",120.319538,22.734883,"高雄市","橋頭區"
"追撞","2020",7,15,2,"晴","夜間(或隧道、地下道、涵洞)有照明",60,"直路","機車優先道","柏油","乾燥","良好","無號誌","中央分向島","快慢車道分隔線","有",44,"未使用",120.319538,22.734883,"高雄市","橋頭區"
"追撞","2020",7,15,4,"晴","夜間(或隧道、地下道、涵洞)無照明",110,"直路","快車道","柏油","乾燥","良好","無號誌","中央分向島","未繪設快慢車道分隔線","有",28,"不明",120.667084,24.210616,"臺中市","大雅區"
"追撞","2020",7,15,4,"晴","夜間(或隧道、地下道、涵洞)無照明",110,"直路","快車道","柏油","乾燥","良好","無號誌","中央分向島","未繪設快慢車道分隔線","有",50,"未使用",120.667084,24.210616,"臺中市","大雅區"
"對向通行中","2020",7,15,7,"晴","日間自然光線",50,"彎曲路及附近","一般車道(未劃分快慢車道)","柏油","乾燥","良好","無號誌","行車分向線","未繪設快慢車道分隔線","有",86,"非汽(機)車駕駛人",120.455062,23.606764,"嘉義縣","大林鎮"
"對向通行中","2020",7,15,7,"晴","日間自然光線",50,"彎曲路及附近","一般車道(未劃分快慢車道)","柏油","乾燥","良好","無號誌","行車分向線","未繪設快慢車道分隔線","有",18,"未使用",120.455062,23.606764,"嘉義縣","大林鎮"
"側撞","2020",7,15,9,"晴","日間自然光線",50,"直路","一般車道(未劃分快慢車道)","柏油","乾燥","良好","無號誌","雙向禁止超車線","未繪設快慢車道分隔線","有",23,"未使用",121.17638,24.990701,"桃園市","中壢區"
"側撞","2020",7,15,9,"晴","日間自然光線",50,"直路","一般車道(未劃分快慢車道)","柏油","乾燥","良好","無號誌","雙向禁止超車線","未繪設快慢車道分隔線","有",66,"未使用",121.17638,24.990701,"桃園市","中壢區"
"側撞","2020",7,15,9,"晴","日間自然光線",50,"直路","一般車道(未劃分快慢車道)","柏油","乾燥","良好","無號誌","雙向禁止超車線","未繪設快慢車道分隔線","有",65,"未使用",121.17638,24.990701,"桃園市","中壢區"
"其他","2020",7,15,15,"晴","日間自然光線",60,"直路","一般車道(未劃分快慢車道)","柏油","乾燥","良好","無號誌","中央分向島","未繪設快慢車道分隔線","有",48,"未使用",120.548794,24.282947,"臺中市","清水區"
"其他","2020",7,15,15,"晴","日間自然光線",60,"直路","一般車道(未劃分快慢車道)","柏油","乾燥","良好","無號誌","中央分向島","未繪設快慢車道分隔線","有",16,"未使用",120.548794,24.282947,"臺中市","清水區"
"其他","2020",7,15,15,"晴","日間自然光線",60,"直路","一般車道(未劃分快慢車道)","柏油","乾燥","良好","無號誌","中央分向島","未繪設快慢車道分隔線","有",17,"非汽(機)車駕駛人",120.548794,24.282947,"臺中市","清水區"
"其他","2020",7,15,15,"晴","日間自然光線",60,"直路","一般車道(未劃分快慢車道)","柏油","乾燥","良好","無號誌","中央分向島","未繪設快慢車道分隔線","有",57,"未使用",120.548794,24.282947,"臺中市","清水區"
"同向通行中","2020",7,15,19,"晴","夜間(或隧道、地下道、涵洞)有照明",40,"直路","慢車道","柏油","乾燥","良好","無號誌","無","窄式快慢車道分隔島(附柵欄)","無",39,"不明",120.965172,24.802564,"新竹市","東區"
"同向通行中","2020",7,15,19,"晴","夜間(或隧道、地下道、涵洞)有照明",40,"直路","慢車道","柏油","乾燥","良好","無號誌","無","窄式快慢車道分隔島(附柵欄)","無",72,"非汽(機)車駕駛人",120.965172,24.802564,"新竹市","東區"
"對撞","2020",7,16,8,"雨","日間自然光線",50,"直路","一般車道(未劃分快慢車道)","柏油","濕潤","良好","無號誌","行車分向線","未繪設快慢車道分隔線","有",30,"未使用",120.484336,23.649572,"雲林縣","斗南鎮"
"對撞","2020",7,16,8,"雨","日間自然光線",50,"直路","一般車道(未劃分快慢車道)","柏油","濕潤","良好","無號誌","行車分向線","未繪設快慢車道分隔線","有",34,"未使用",120.484336,23.649572,"雲林縣","斗南鎮"
"路口交岔撞","2020",7,16,8,"晴","日間自然光線",50,"四岔路","交叉路口內","柏油","乾燥","良好","正常","無","未繪設快慢車道分隔線","無",63,"未使用",121.512307,23.838528,"花蓮縣","壽豐鄉"
"路口交岔撞","2020",7,16,8,"晴","日間自然光線",50,"四岔路","交叉路口內","柏油","乾燥","良好","正常","無","未繪設快慢車道分隔線","無",86,"未使用",121.512307,23.838528,"花蓮縣","壽豐鄉"
"撞路樹、電桿","2020",7,16,11,"陰","日間自然光線",50,"三岔路","一般車道(未劃分快慢車道)","柏油","乾燥","良好","無號誌","雙向禁止超車線","未繪設快慢車道分隔線","有",19,"不明",120.646827,24.334149,"臺中市","外埔區"
"穿越道路中","2020",7,16,16,"晴","日間自然光線",60,"三岔路","交叉路口內","柏油","乾燥","良好","正常","無","未繪設快慢車道分隔線","無",35,"不明",120.945556,24.793806,"新竹市","香山區"
"穿越道路中","2020",7,16,16,"晴","日間自然光線",60,"三岔路","交叉路口內","柏油","乾燥","良好","正常","無","未繪設快慢車道分隔線","無",74,"非汽(機)車駕駛人",120.945556,24.793806,"新竹市","香山區"
"撞動物","2020",7,16,19,"陰","夜間(或隧道、地下道、涵洞)有照明",40,"彎曲路及附近","一般車道(未劃分快慢車道)","柏油","乾燥","良好","無號誌","無","未繪設快慢車道分隔線","有",25,"非汽(機)車駕駛人",120.506321,24.146059,"彰化縣","和美鎮"
"同向擦撞","2020",7,17,7,"晴","日間自然光線",70,"直路","一般車道(未劃分快慢車道)","柏油","乾燥","良好","無號誌","中央分向島","未繪設快慢車道分隔線","有",23,"未使用",120.422513,23.716682,"雲林縣","虎尾鎮"
"同向擦撞","2020",7,17,7,"晴","日間自然光線",70,"直路","一般車道(未劃分快慢車道)","柏油","乾燥","良好","無號誌","中央分向島","未繪設快慢車道分隔線","有",76,"未使用",120.422513,23.716682,"雲林縣","虎尾鎮"
"路口交岔撞","2020",7,17,8,"晴","日間自然光線",30,"四岔路","交叉路口內","柏油","乾燥","良好","無號誌","無","未繪設快慢車道分隔線","無",64,"未使用",121.100562,22.726948,"臺東縣","臺東市"
"路口交岔撞","2020",7,17,8,"晴","日間自然光線",30,"四岔路","交叉路口內","柏油","乾燥","良好","無號誌","無","未繪設快慢車道分隔線","無",25,"未使用",121.100562,22.726948,"臺東縣","臺東市"
"同向擦撞","2020",7,17,15,"晴","日間自然光線",50,"直路","快車道","柏油","乾燥","良好","無號誌","行車分向線","未繪設快慢車道分隔線","無",28,"未使用",120.682316,24.144124,"臺中市","北區"
"同向擦撞","2020",7,17,15,"晴","日間自然光線",50,"直路","快車道","柏油","乾燥","良好","無號誌","行車分向線","未繪設快慢車道分隔線","無",75,"未使用",120.682316,24.144124,"臺中市","北區"
"同向擦撞","2020",7,17,17,"晴","日間自然光線",50,"直路","一般車道(未劃分快慢車道)","柏油","乾燥","良好","無號誌","中央分向島","未繪設快慢車道分隔線","無",70,"未使用",121.454002,24.99897,"新北市","板橋區"
"同向擦撞","2020",7,17,17,"晴","日間自然光線",50,"直路","一般車道(未劃分快慢車道)","柏油","乾燥","良好","無號誌","中央分向島","未繪設快慢車道分隔線","無",57,"未使用",121.454002,24.99897,"新北市","板橋區"
"路口交岔撞","2020",7,17,17,"晴","日間自然光線",40,"四岔路","交叉路口內","柏油","乾燥","不良","正常","無","未繪設快慢車道分隔線","無",70,"未使用",120.487728,24.109005,"彰化縣","和美鎮"
"路口交岔撞","2020",7,17,17,"晴","日間自然光線",40,"四岔路","交叉路口內","柏油","乾燥","不良","正常","無","未繪設快慢車道分隔線","無",20,"未使用",120.487728,24.109005,"彰化縣","和美鎮"
"路口交岔撞","2020",7,17,17,"晴","日間自然光線",40,"四岔路","交叉路口內","柏油","乾燥","不良","正常","無","未繪設快慢車道分隔線","無",77,"未使用",120.487728,24.109005,"彰化縣","和美鎮"
"其他","2020",7,17,20,"晴","夜間(或隧道、地下道、涵洞)有照明",40,"直路","慢車道","柏油","乾燥","良好","無號誌","中央分向島","快慢車道分隔線","無",36,"不明",120.573475,24.185663,"臺中市","龍井區"
"對向擦撞","2020",7,18,8,"晴","日間自然光線",50,"四岔路","交叉路口內","柏油","乾燥","良好","正常","無","未繪設快慢車道分隔線","無",44,"未使用",120.7001,24.140092,"臺中市","東區"
"對向擦撞","2020",7,18,8,"晴","日間自然光線",50,"四岔路","交叉路口內","柏油","乾燥","良好","正常","無","未繪設快慢車道分隔線","無",24,"未使用",120.7001,24.140092,"臺中市","東區"
"對向擦撞","2020",7,18,8,"晴","日間自然光線",50,"四岔路","交叉路口內","柏油","乾燥","良好","正常","無","未繪設快慢車道分隔線","無",21,"未使用",120.7001,24.140092,"臺中市","東區"
"對向擦撞","2020",7,18,8,"晴","日間自然光線",50,"四岔路","交叉路口內","柏油","乾燥","良好","正常","無","未繪設快慢車道分隔線","無",44,"未使用",120.7001,24.140092,"臺中市","東區"
"對向擦撞","2020",7,18,8,"晴","日間自然光線",50,"四岔路","交叉路口內","柏油","乾燥","良好","正常","無","未繪設快慢車道分隔線","無",4,"非汽(機)車駕駛人",120.7001,24.140092,"臺中市","東區"
"對向擦撞","2020",7,18,8,"晴","日間自然光線",50,"四岔路","交叉路口內","柏油","乾燥","良好","正常","無","未繪設快慢車道分隔線","無",11,"非汽(機)車駕駛人",120.7001,24.140092,"臺中市","東區"
"其他","2020",7,18,11,"晴","日間自然光線",50,"四岔路","交叉口附近","柏油","乾燥","良好","正常","中央分向島","未繪設快慢車道分隔線","無",62,"不明",121.513422,25.049584,"臺北市","大同區"
"其他","2020",7,18,11,"晴","日間自然光線",50,"四岔路","交叉口附近","柏油","乾燥","良好","正常","中央分向島","未繪設快慢車道分隔線","無",78,"不明",121.513422,25.049584,"臺北市","大同區"
"穿越道路中","2020",7,18,14,"晴","日間自然光線",40,"多岔路","交叉口附近","柏油","乾燥","良好","正常","雙向禁止超車線","寛式快慢車道分隔島(50公分以上)","有",44,"未使用",121.460423,25.042322,"新北市","新莊區"
"穿越道路中","2020",7,18,14,"晴","日間自然光線",40,"多岔路","交叉口附近","柏油","乾燥","良好","正常","雙向禁止超車線","寛式快慢車道分隔島(50公分以上)","有",34,"非汽(機)車駕駛人",121.460423,25.042322,"新北市","新莊區"
"穿越道路中","2020",7,18,14,"晴","日間自然光線",40,"多岔路","交叉口附近","柏油","乾燥","良好","正常","雙向禁止超車線","寛式快慢車道分隔島(50公分以上)","有",32,"非汽(機)車駕駛人",121.460423,25.042322,"新北市","新莊區"
"同向擦撞","2020",7,18,14,"晴","日間自然光線",40,"直路","一般車道(未劃分快慢車道)","柏油","乾燥","良好","無號誌","單向禁止超車線","未繪設快慢車道分隔線","無",16,"未使用",121.423353,25.019528,"新北市","新莊區"
"同向擦撞","2020",7,18,14,"晴","日間自然光線",40,"直路","一般車道(未劃分快慢車道)","柏油","乾燥","良好","無號誌","單向禁止超車線","未繪設快慢車道分隔線","無",69,"未使用",121.423353,25.019528,"新北市","新莊區"
"同向通行中","2020",7,18,21,"晴","夜間(或隧道、地下道、涵洞)無照明",40,"直路","一般車道(未劃分快慢車道)","柏油","乾燥","不良","無號誌","行車分向線","未繪設快慢車道分隔線","有",42,"未使用",121.796877,24.794985,"宜蘭縣","礁溪鄉"
"同向通行中","2020",7,18,21,"晴","夜間(或隧道、地下道、涵洞)無照明",40,"直路","一般車道(未劃分快慢車道)","柏油","乾燥","不良","無號誌","行車分向線","未繪設快慢車道分隔線","有",81,"非汽(機)車駕駛人",121.796877,24.794985,"宜蘭縣","礁溪鄉"
"路上翻車、摔倒","2020",7,19,1,"晴","夜間(或隧道、地下道、涵洞)有照明",40,"直路","慢車道","柏油","乾燥","良好","無號誌","行車分向線","快慢車道分隔線","無",109,"",120.37584,22.551996,"高雄市","小港區"
"路上翻車、摔倒","2020",7,19,1,"晴","夜間(或隧道、地下道、涵洞)有照明",40,"直路","慢車道","柏油","乾燥","良好","無號誌","行車分向線","快慢車道分隔線","無",26,"未使用",120.37584,22.551996,"高雄市","小港區"
"對撞","2020",7,19,11,"晴","日間自然光線",40,"彎曲路及附近","一般車道(未劃分快慢車道)","柏油","乾燥","良好","無號誌","無","未繪設快慢車道分隔線","有",30,"不明",120.987632,23.667976,"南投縣","信義鄉"
"對撞","2020",7,19,11,"晴","日間自然光線",40,"彎曲路及附近","一般車道(未劃分快慢車道)","柏油","乾燥","良好","無號誌","無","未繪設快慢車道分隔線","有",69,"不明",120.987632,23.667976,"南投縣","信義鄉"
"路口交岔撞","2020",7,20,1,"晴","夜間(或隧道、地下道、涵洞)有照明",50,"四岔路","交叉路口內","柏油","乾燥","良好","正常","無","未繪設快慢車道分隔線","無",51,"不明",121.314574,24.977488,"桃園市","桃園區"
"路口交岔撞","2020",7,20,1,"晴","夜間(或隧道、地下道、涵洞)有照明",50,"四岔路","交叉路口內","柏油","乾燥","良好","正常","無","未繪設快慢車道分隔線","無",38,"不明",121.314574,24.977488,"桃園市","桃園區"
"對撞","2020",7,20,5,"晴","日間自然光線",50,"彎曲路及附近","一般車道(未劃分快慢車道)","柏油","乾燥","不良","無號誌","雙向禁止超車線","未繪設快慢車道分隔線","有",25,"未使用",120.636395,23.865479,"南投縣","名間鄉"
"對撞","2020",7,20,5,"晴","日間自然光線",50,"彎曲路及附近","一般車道(未劃分快慢車道)","柏油","乾燥","不良","無號誌","雙向禁止超車線","未繪設快慢車道分隔線","有",47,"未使用",120.636395,23.865479,"南投縣","名間鄉"
"側撞","2020",7,20,6,"晴","日間自然光線",50,"四岔路","交叉口附近","柏油","乾燥","良好","正常","無","未繪設快慢車道分隔線","有",62,"未使用",120.31177,22.929989,"臺南市","歸仁區"
"側撞","2020",7,20,6,"晴","日間自然光線",50,"四岔路","交叉口附近","柏油","乾燥","良好","正常","無","未繪設快慢車道分隔線","有",44,"未使用",120.31177,22.929989,"臺南市","歸仁區"
"側撞","2020",7,20,8,"晴","日間自然光線",70,"四岔路","交叉路口內","柏油","乾燥","良好","正常","無","未繪設快慢車道分隔線","無",17,"未使用",121.204201,25.075961,"桃園市","大園區"
"側撞","2020",7,20,8,"晴","日間自然光線",70,"四岔路","交叉路口內","柏油","乾燥","良好","正常","無","未繪設快慢車道分隔線","無",42,"未使用",121.204201,25.075961,"桃園市","大園區"
"撞路樹、電桿","2020",7,20,9,"晴","日間自然光線",60,"直路","路肩、路緣","柏油","乾燥","良好","無號誌","雙向禁止超車線","寛式快慢車道分隔島(50公分以上)","有",63,"未使用",120.330307,23.060195,"臺南市","新化區"
"撞路樹、電桿","2020",7,20,14,"晴","日間自然光線",30,"彎曲路及附近","一般車道(未劃分快慢車道)","柏油","乾燥","良好","無號誌","雙向禁止超車線","未繪設快慢車道分隔線","有",109,"",120.563829,23.063221,"高雄市","甲仙區"
"撞路樹、電桿","2020",7,20,14,"晴","日間自然光線",30,"彎曲路及附近","一般車道(未劃分快慢車道)","柏油","乾燥","良好","無號誌","雙向禁止超車線","未繪設快慢車道分隔線","有",49,"不明",120.563829,23.063221,"高雄市","甲仙區"
"穿越道路中","2020",7,21,6,"晴","日間自然光線",70,"三岔路","交叉路口內","柏油","乾燥","良好","無號誌","中央分向島","快慢車道分隔線","有",83,"非汽(機)車駕駛人",120.1814,22.89564,"高雄市","茄萣區"
"穿越道路中","2020",7,21,6,"晴","日間自然光線",70,"三岔路","交叉路口內","柏油","乾燥","良好","無號誌","中央分向島","快慢車道分隔線","有",20,"未使用",120.1814,22.89564,"高雄市","茄萣區"
"其他","2020",7,21,7,"晴","日間自然光線",50,"三岔路","交叉路口內","柏油","乾燥","良好","無號誌","雙向禁止超車線","未繪設快慢車道分隔線","有",83,"不明",121.747466,24.668615,"宜蘭縣","冬山鄉"
"其他","2020",7,21,7,"晴","日間自然光線",50,"三岔路","交叉路口內","柏油","乾燥","良好","無號誌","雙向禁止超車線","未繪設快慢車道分隔線","有",74,"非汽(機)車駕駛人",121.747466,24.668615,"宜蘭縣","冬山鄉"
"路上翻車、摔倒","2020",7,21,9,"晴","日間自然光線",40,"彎曲路及附近","路肩、路緣","水泥","乾燥","不良","無號誌","無","未繪設快慢車道分隔線","有",61,"不明",120.810306,22.060354,"屏東縣","滿州鄉"
"路口交岔撞","2020",7,21,9,"晴","日間自然光線",40,"四岔路","交叉路口內","柏油","乾燥","良好","無號誌","無","未繪設快慢車道分隔線","有",28,"未使用",120.482493,22.519822,"屏東縣","崁頂鄉"
"路口交岔撞","2020",7,21,9,"晴","日間自然光線",40,"四岔路","交叉路口內","柏油","乾燥","良好","無號誌","無","未繪設快慢車道分隔線","有",28,"未使用",120.482493,22.519822,"屏東縣","崁頂鄉"
"撞路樹、電桿","2020",7,21,15,"晴","日間自然光線",40,"直路","一般車道(未劃分快慢車道)","柏油","乾燥","良好","無號誌","無","未繪設快慢車道分隔線","無",38,"未使用",120.385233,23.697159,"雲林縣","虎尾鎮"
"側撞","2020",7,21,15,"晴","日間自然光線",50,"三岔路","交叉路口內","柏油","乾燥","良好","無號誌","無","未繪設快慢車道分隔線","無",55,"未使用",120.630676,24.180484,"臺中市","西屯區"
"側撞","2020",7,21,15,"晴","日間自然光線",50,"三岔路","交叉路口內","柏油","乾燥","良好","無號誌","無","未繪設快慢車道分隔線","無",25,"未使用",120.630676,24.180484,"臺中市","西屯區"
"側撞","2020",7,21,16,"晴","日間自然光線",60,"三岔路","交叉路口內","柏油","乾燥","良好","正常","中央分向島","寛式快慢車道分隔島(50公分以上)","有",20,"未使用",120.616248,24.208947,"臺中市","西屯區"
"側撞","2020",7,21,16,"晴","日間自然光線",60,"三岔路","交叉路口內","柏油","乾燥","良好","正常","中央分向島","寛式快慢車道分隔島(50公分以上)","有",26,"未使用",120.616248,24.208947,"臺中市","西屯區"
"同向擦撞","2020",7,21,19,"晴","夜間(或隧道、地下道、涵洞)有照明",50,"直路","一般車道(未劃分快慢車道)","柏油","乾燥","良好","無號誌","中央分向島","未繪設快慢車道分隔線","有",55,"未使用",121.453971,25.033547,"新北市","新莊區"
"同向擦撞","2020",7,21,19,"晴","夜間(或隧道、地下道、涵洞)有照明",50,"直路","一般車道(未劃分快慢車道)","柏油","乾燥","良好","無號誌","中央分向島","未繪設快慢車道分隔線","有",42,"未使用",121.453971,25.033547,"新北市","新莊區"
"追撞","2020",7,22,8,"晴","日間自然光線",90,"直路","快車道","柏油","乾燥","良好","無號誌","中央分向島","未繪設快慢車道分隔線","有",58,"未使用",121.641263,25.059834,"新北市","汐止區"
"追撞","2020",7,22,8,"晴","日間自然光線",90,"直路","快車道","柏油","乾燥","良好","無號誌","中央分向島","未繪設快慢車道分隔線","有",68,"非汽(機)車駕駛人",121.641263,25.059834,"新北市","汐止區"
"追撞","2020",7,22,8,"晴","日間自然光線",90,"直路","快車道","柏油","乾燥","良好","無號誌","中央分向島","未繪設快慢車道分隔線","有",65,"非汽(機)車駕駛人",121.641263,25.059834,"新北市","汐止區"
"追撞","2020",7,22,8,"晴","日間自然光線",90,"直路","快車道","柏油","乾燥","良好","無號誌","中央分向島","未繪設快慢車道分隔線","有",53,"非汽(機)車駕駛人",121.641263,25.059834,"新北市","汐止區"
"追撞","2020",7,22,8,"晴","日間自然光線",90,"直路","快車道","柏油","乾燥","良好","無號誌","中央分向島","未繪設快慢車道分隔線","有",63,"非汽(機)車駕駛人",121.641263,25.059834,"新北市","汐止區"
"追撞","2020",7,22,8,"晴","日間自然光線",90,"直路","快車道","柏油","乾燥","良好","無號誌","中央分向島","未繪設快慢車道分隔線","有",77,"非汽(機)車駕駛人",121.641263,25.059834,"新北市","汐止區"
"追撞","2020",7,22,8,"晴","日間自然光線",90,"直路","快車道","柏油","乾燥","良好","無號誌","中央分向島","未繪設快慢車道分隔線","有",55,"非汽(機)車駕駛人",121.641263,25.059834,"新北市","汐止區"
"追撞","2020",7,22,8,"晴","日間自然光線",90,"直路","快車道","柏油","乾燥","良好","無號誌","中央分向島","未繪設快慢車道分隔線","有",54,"非汽(機)車駕駛人",121.641263,25.059834,"新北市","汐止區"