"事故類型及型態子類別名稱","發生年度","發生月份","發生日期","發生時間","天候名稱","光線名稱","速限.第1當事者","道路型態子類別名稱","事故位置子類別名稱","路面狀況.路面鋪裝名稱","路面狀況.路面狀態名稱","道路障礙.視距品質名稱","號誌.號誌動作名稱","車道劃分設施.分向設施大類別名稱","車道劃分設施.分道設施.快慢車道間名稱","車道劃分設施.分道設施.路面邊線名稱","當事者事故發生時年齡","行動電話或電腦或其他相類功能裝置名稱","經度","緯度","縣市","鄉鎮"
"追撞","2020",7,22,8,"晴","日間自然光線",90,"直路","快車道","柏油","乾燥","良好","無號誌","中央分向島","未繪設快慢車道分隔線","有",55,"非汽(機)車駕駛人",121.641263,25.059834,"新北市","汐止區"
"追撞","2020",7,22,8,"晴","日間自然光線",90,"直路","快車道","柏油","乾燥","良好","無號誌","中央分向島","未繪設快慢車道分隔線","有",59,"非汽(機)車駕駛人",121.641263,25.059834,"新北市","汐止區"
"追撞","2020",7,22,8,"晴","日間自然光線",90,"直路","快車道","柏油","乾燥","良好","無號誌","中央分向島","未繪設快慢車道分隔線","有",56,"非汽(機)車駕駛人",121.641263,25.059834,"新北市","汐止區"
"追撞","2020",7,22,8,"晴","日間自然光線",90,"直路","快車道","柏油","乾燥","良好","無號誌","中央分向島","未繪設快慢車道分隔線","有",75,"非汽(機)車駕駛人",121.641263,25.059834,"新北市","汐止區"
"追撞","2020",7,22,8,"晴","日間自然光線",90,"直路","快車道","柏油","乾燥","良好","無號誌","中央分向島","未繪設快慢車道分隔線","有",40,"非汽(機)車駕駛人",121.641263,25.059834,"新北市","汐止區"
"追撞","2020",7,22,8,"晴","日間自然光線",90,"直路","快車道","柏油","乾燥","良好","無號誌","中央分向島","未繪設快慢車道分隔線","有",25,"非汽(機)車駕駛人",121.641263,25.059834,"新北市","汐止區"
"追撞","2020",7,22,8,"晴","日間自然光線",90,"直路","快車道","柏油","乾燥","良好","無號誌","中央分向島","未繪設快慢車道分隔線","有",59,"非汽(機)車駕駛人",121.641263,25.059834,"新北市","汐止區"
"追撞","2020",7,22,8,"晴","日間自然光線",90,"直路","快車道","柏油","乾燥","良好","無號誌","中央分向島","未繪設快慢車道分隔線","有",68,"非汽(機)車駕駛人",121.641263,25.059834,"新北市","汐止區"
"追撞","2020",7,22,8,"晴","日間自然光線",90,"直路","快車道","柏油","乾燥","良好","無號誌","中央分向島","未繪設快慢車道分隔線","有",46,"非汽(機)車駕駛人",121.641263,25.059834,"新北市","汐止區"
"追撞","2020",7,22,8,"晴","日間自然光線",90,"直路","快車道","柏油","乾燥","良好","無號誌","中央分向島","未繪設快慢車道分隔線","有",50,"非汽(機)車駕駛人",121.641263,25.059834,"新北市","汐止區"
"追撞","2020",7,22,8,"晴","日間自然光線",90,"直路","快車道","柏油","乾燥","良好","無號誌","中央分向島","未繪設快慢車道分隔線","有",69,"非汽(機)車駕駛人",121.641263,25.059834,"新北市","汐止區"
"追撞","2020",7,22,8,"晴","日間自然光線",90,"直路","快車道","柏油","乾燥","良好","無號誌","中央分向島","未繪設快慢車道分隔線","有",55,"非汽(機)車駕駛人",121.641263,25.059834,"新北市","汐止區"
"追撞","2020",7,22,8,"晴","日間自然光線",90,"直路","快車道","柏油","乾燥","良好","無號誌","中央分向島","未繪設快慢車道分隔線","有",62,"未使用",121.641263,25.059834,"新北市","汐止區"
"追撞","2020",7,22,8,"晴","日間自然光線",90,"直路","快車道","柏油","乾燥","良好","無號誌","中央分向島","未繪設快慢車道分隔線","有",57,"未使用",121.641263,25.059834,"新北市","汐止區"
"追撞","2020",7,22,8,"晴","日間自然光線",90,"直路","快車道","柏油","乾燥","良好","無號誌","中央分向島","未繪設快慢車道分隔線","有",44,"未使用",121.641263,25.059834,"新北市","汐止區"
"撞路樹、電桿","2020",7,22,14,"晴","日間自然光線",50,"彎曲路及附近","一般車道(未劃分快慢車道)","柏油","乾燥","良好","無號誌","雙向禁止超車線","未繪設快慢車道分隔線","有",109,"",120.4978,22.87294,"高雄市","旗山區"
"撞路樹、電桿","2020",7,22,14,"晴","日間自然光線",50,"彎曲路及附近","一般車道(未劃分快慢車道)","柏油","乾燥","良好","無號誌","雙向禁止超車線","未繪設快慢車道分隔線","有",40,"未使用",120.4978,22.87294,"高雄市","旗山區"
"撞路樹、電桿","2020",7,22,14,"晴","日間自然光線",50,"彎曲路及附近","一般車道(未劃分快慢車道)","柏油","乾燥","良好","無號誌","雙向禁止超車線","未繪設快慢車道分隔線","有",48,"非汽(機)車駕駛人",120.4978,22.87294,"高雄市","旗山區"
"撞路樹、電桿","2020",7,22,14,"晴","日間自然光線",50,"彎曲路及附近","一般車道(未劃分快慢車道)","柏油","乾燥","良好","無號誌","雙向禁止超車線","未繪設快慢車道分隔線","有",48,"非汽(機)車駕駛人",120.4978,22.87294,"高雄市","旗山區"
"追撞","2020",7,22,20,"晴","夜間(或隧道、地下道、涵洞)有照明",70,"高架道路","一般車道(未劃分快慢車道)","柏油","乾燥","良好","正常","中央分向島","快慢車道分隔線","有",37,"未使用",120.954136,24.872906,"新竹縣","竹北市"
"追撞","2020",7,22,20,"晴","夜間(或隧道、地下道、涵洞)有照明",70,"高架道路","一般車道(未劃分快慢車道)","柏油","乾燥","良好","正常","中央分向島","快慢車道分隔線","有",45,"未使用",120.954136,24.872906,"新竹縣","竹北市"
"追撞","2020",7,22,20,"晴","夜間(或隧道、地下道、涵洞)有照明",70,"高架道路","一般車道(未劃分快慢車道)","柏油","乾燥","良好","正常","中央分向島","快慢車道分隔線","有",32,"未使用",120.954136,24.872906,"新竹縣","竹北市"
"其他","2020",7,23,0,"陰","夜間(或隧道、地下道、涵洞)有照明",30,"三岔路","交叉口附近","柏油","乾燥","良好","正常","雙向禁止超車線","未繪設快慢車道分隔線","有",19,"不明",121.503718,25.025181,"臺北市","萬華區"
"其他","2020",7,23,0,"陰","夜間(或隧道、地下道、涵洞)有照明",30,"三岔路","交叉口附近","柏油","乾燥","良好","正常","雙向禁止超車線","未繪設快慢車道分隔線","有",91,"非汽(機)車駕駛人",121.503718,25.025181,"臺北市","萬華區"
"追撞","2020",7,23,3,"晴","夜間(或隧道、地下道、涵洞)有照明",60,"直路","一般車道(未劃分快慢車道)","柏油","乾燥","良好","正常","中央分向島","未繪設快慢車道分隔線","有",40,"不明",121.944716,25.01589,"新北市","貢寮區"
"追撞","2020",7,23,3,"晴","夜間(或隧道、地下道、涵洞)有照明",60,"直路","一般車道(未劃分快慢車道)","柏油","乾燥","良好","正常","中央分向島","未繪設快慢車道分隔線","有",46,"不明",121.944716,25.01589,"新北市","貢寮區"
"路口交岔撞","2020",7,23,8,"晴","日間自然光線",30,"四岔路","交叉路口內","柏油","乾燥","良好","無號誌","無","未繪設快慢車道分隔線","無",64,"未使用",121.562866,23.96922,"花蓮縣","吉安鄉"
"路口交岔撞","2020",7,23,8,"晴","日間自然光線",30,"四岔路","交叉路口內","柏油","乾燥","良好","無號誌","無","未繪設快慢車道分隔線","無",25,"未使用",121.562866,23.96922,"花蓮縣","吉安鄉"
"側撞","2020",7,23,8,"晴","日間自然光線",50,"直路","一般車道(未劃分快慢車道)","柏油","乾燥","良好","無號誌","雙向禁止超車線","未繪設快慢車道分隔線","有",75,"未使用",120.497114,22.676448,"屏東縣","屏東市"
"側撞","2020",7,23,8,"晴","日間自然光線",50,"直路","一般車道(未劃分快慢車道)","柏油","乾燥","良好","無號誌","雙向禁止超車線","未繪設快慢車道分隔線","有",84,"未使用",120.497114,22.676448,"屏東縣","屏東市"
"撞路樹、電桿","2020",7,23,11,"晴","日間自然光線",50,"直路","快車道","柏油","乾燥","良好","無號誌","中央分向島","未繪設快慢車道分隔線","有",29,"非汽(機)車駕駛人",121.769096,24.741653,"宜蘭縣","壯圍鄉"
"撞路樹、電桿","2020",7,23,11,"晴","日間自然光線",50,"直路","快車道","柏油","乾燥","良好","無號誌","中央分向島","未繪設快慢車道分隔線","有",37,"未使用",121.769096,24.741653,"宜蘭縣","壯圍鄉"
"撞路樹、電桿","2020",7,24,6,"晴","日間自然光線",60,"彎曲路及附近","慢車道","柏油","乾燥","良好","無號誌","行車分向線","未繪設快慢車道分隔線","有",78,"未使用",120.796354,24.289165,"臺中市","東勢區"
"撞路樹、電桿","2020",7,24,6,"晴","日間自然光線",60,"彎曲路及附近","慢車道","柏油","乾燥","良好","無號誌","行車分向線","未繪設快慢車道分隔線","有",73,"非汽(機)車駕駛人",120.796354,24.289165,"臺中市","東勢區"
"側撞","2020",7,24,7,"晴","日間自然光線",50,"四岔路","交叉路口內","柏油","乾燥","良好","正常","行車分向線","未繪設快慢車道分隔線","有",55,"不明",120.520227,23.837545,"彰化縣","溪州鄉"
"側撞","2020",7,24,7,"晴","日間自然光線",50,"四岔路","交叉路口內","柏油","乾燥","良好","正常","行車分向線","未繪設快慢車道分隔線","有",20,"不明",120.520227,23.837545,"彰化縣","溪州鄉"
"穿越道路中","2020",7,24,11,"晴","日間自然光線",50,"直路","快車道","柏油","乾燥","良好","無號誌","中央分向島","快慢車道分隔線","有",32,"未使用",120.530293,22.647192,"屏東縣","麟洛鄉"
"穿越道路中","2020",7,24,11,"晴","日間自然光線",50,"直路","快車道","柏油","乾燥","良好","無號誌","中央分向島","快慢車道分隔線","有",69,"非汽(機)車駕駛人",120.530293,22.647192,"屏東縣","麟洛鄉"
"側撞","2020",7,24,12,"晴","日間自然光線",50,"三岔路","交叉路口內","柏油","乾燥","良好","無號誌","雙向禁止超車線","未繪設快慢車道分隔線","有",34,"不明",121.228311,23.148601,"花蓮縣","富里鄉"
"側撞","2020",7,24,12,"晴","日間自然光線",50,"三岔路","交叉路口內","柏油","乾燥","良好","無號誌","雙向禁止超車線","未繪設快慢車道分隔線","有",48,"未使用",121.228311,23.148601,"花蓮縣","富里鄉"
"側撞","2020",7,24,12,"晴","日間自然光線",50,"三岔路","交叉路口內","柏油","乾燥","良好","無號誌","雙向禁止超車線","未繪設快慢車道分隔線","有",38,"非汽(機)車駕駛人",121.228311,23.148601,"花蓮縣","富里鄉"
"撞護欄(樁)","2020",7,24,16,"晴","日間自然光線",50,"彎曲路及附近","一般車道(未劃分快慢車道)","柏油","乾燥","良好","無號誌","行車分向線","未繪設快慢車道分隔線","有",24,"不明",120.616715,22.370438,"屏東縣","枋寮鄉"
"撞護欄(樁)","2020",7,24,19,"晴","夜間(或隧道、地下道、涵洞)有照明",60,"直路","路肩、路緣","柏油","乾燥","良好","正常","中央分向島","快慢車道分隔線","有",67,"未使用",120.669945,24.472538,"苗栗縣","通霄鎮"
"路口交岔撞","2020",7,24,23,"晴","夜間(或隧道、地下道、涵洞)有照明",50,"四岔路","交叉路口內","柏油","乾燥","良好","正常","無","未繪設快慢車道分隔線","有",21,"未使用",121.827847,24.616301,"宜蘭縣","蘇澳鎮"
"路口交岔撞","2020",7,24,23,"晴","夜間(或隧道、地下道、涵洞)有照明",50,"四岔路","交叉路口內","柏油","乾燥","良好","正常","無","未繪設快慢車道分隔線","有",40,"未使用",121.827847,24.616301,"宜蘭縣","蘇澳鎮"
"衝出路外","2020",7,25,12,"晴","日間自然光線",70,"直路","一般車道(未劃分快慢車道)","柏油","乾燥","良好","無號誌","雙向禁止超車線","未繪設快慢車道分隔線","有",63,"不明",119.612842,23.60308,"澎湖縣","湖西鄉"
"撞路樹、電桿","2020",7,26,2,"晴","夜間(或隧道、地下道、涵洞)有照明",50,"直路","一般車道(未劃分快慢車道)","柏油","乾燥","良好","無號誌","雙向禁止超車線","未繪設快慢車道分隔線","有",60,"未使用",120.590028,24.019822,"彰化縣","花壇鄉"
"撞路樹、電桿","2020",7,26,3,"晴","夜間(或隧道、地下道、涵洞)有照明",60,"直路","路肩、路緣","柏油","乾燥","良好","無號誌","行車分向線","快慢車道分隔線","有",109,"",120.5464,22.97454,"高雄市","杉林區"
"撞路樹、電桿","2020",7,26,3,"晴","夜間(或隧道、地下道、涵洞)有照明",60,"直路","路肩、路緣","柏油","乾燥","良好","無號誌","行車分向線","快慢車道分隔線","有",16,"未使用",120.5464,22.97454,"高雄市","杉林區"
"路口交岔撞","2020",7,26,10,"晴","日間自然光線",50,"四岔路","交叉路口內","柏油","乾燥","良好","正常","無","未繪設快慢車道分隔線","有",38,"未使用",120.249655,23.181888,"臺南市","麻豆區"
"路口交岔撞","2020",7,26,10,"晴","日間自然光線",50,"四岔路","交叉路口內","柏油","乾燥","良好","正常","無","未繪設快慢車道分隔線","有",90,"未使用",120.249655,23.181888,"臺南市","麻豆區"
"同向擦撞","2020",7,26,20,"晴","夜間(或隧道、地下道、涵洞)有照明",40,"直路","快車道","柏油","乾燥","良好","無號誌","中央分向島","快慢車道分隔線","有",10,"不明",121.371934,24.946116,"新北市","樹林區"
"同向擦撞","2020",7,26,20,"晴","夜間(或隧道、地下道、涵洞)有照明",40,"直路","快車道","柏油","乾燥","良好","無號誌","中央分向島","快慢車道分隔線","有",31,"不明",121.371934,24.946116,"新北市","樹林區"
"同向擦撞","2020",7,26,20,"晴","夜間(或隧道、地下道、涵洞)有照明",40,"直路","快車道","柏油","乾燥","良好","無號誌","中央分向島","快慢車道分隔線","有",37,"不明",121.371934,24.946116,"新北市","樹林區"
"路口交岔撞","2020",7,27,2,"晴","夜間(或隧道、地下道、涵洞)有照明",50,"四岔路","交叉路口內","柏油","乾燥","良好","正常","雙向禁止超車線","未繪設快慢車道分隔線","有",36,"未使用",120.416773,24.076947,"彰化縣","鹿港鎮"
"路口交岔撞","2020",7,27,2,"晴","夜間(或隧道、地下道、涵洞)有照明",50,"四岔路","交叉路口內","柏油","乾燥","良好","正常","雙向禁止超車線","未繪設快慢車道分隔線","有",29,"未使用",120.416773,24.076947,"彰化縣","鹿港鎮"
"側撞","2020",7,27,5,"晴","日間自然光線",30,"三岔路","交叉路口內","柏油","乾燥","良好","無號誌","無","未繪設快慢車道分隔線","無",46,"不明",120.370699,23.556001,"嘉義縣","新港鄉"
"側撞","2020",7,27,5,"晴","日間自然光線",30,"三岔路","交叉路口內","柏油","乾燥","良好","無號誌","無","未繪設快慢車道分隔線","無",55,"不明",120.370699,23.556001,"嘉義縣","新港鄉"
"其他","2020",7,27,14,"晴","日間自然光線",60,"彎曲路及附近","一般車道(未劃分快慢車道)","柏油","乾燥","良好","無號誌","雙向禁止超車線","未繪設快慢車道分隔線","有",79,"未使用",121.795124,24.784596,"宜蘭縣","壯圍鄉"
"撞交通島","2020",7,27,17,"陰","晨或暮光",40,"直路","慢車道","柏油","乾燥","良好","無號誌","雙向禁止超車線","寛式快慢車道分隔島(50公分以上)","有",46,"未使用",120.300396,23.275584,"臺南市","柳營區"
"撞護欄(樁)","2020",7,27,23,"晴","夜間(或隧道、地下道、涵洞)有照明",80,"直路","一般車道(未劃分快慢車道)","柏油","乾燥","良好","無號誌","中央分向島","未繪設快慢車道分隔線","無",41,"不明",120.720836,24.172028,"臺中市","北屯區"
"路口交岔撞","2020",7,28,8,"晴","日間自然光線",50,"直路","快車道","柏油","乾燥","良好","正常","中央分向島","寛式快慢車道分隔島(50公分以上)","有",27,"未使用",120.30152,22.62716,"高雄市","楠梓區"
"路口交岔撞","2020",7,28,8,"晴","日間自然光線",50,"直路","快車道","柏油","乾燥","良好","正常","中央分向島","寛式快慢車道分隔島(50公分以上)","有",48,"未使用",120.30152,22.62716,"高雄市","楠梓區"
"追撞","2020",7,28,9,"晴","日間自然光線",60,"直路","慢車道","柏油","乾燥","良好","無號誌","雙向禁止超車線","未繪設快慢車道分隔線","有",28,"不明",120.393054,23.898312,"彰化縣","二林鎮"
"追撞","2020",7,28,9,"晴","日間自然光線",60,"直路","慢車道","柏油","乾燥","良好","無號誌","雙向禁止超車線","未繪設快慢車道分隔線","有",50,"不明",120.393054,23.898312,"彰化縣","二林鎮"
"追撞","2020",7,28,12,"晴","日間自然光線",60,"三岔路","交叉路口內","柏油","乾燥","良好","正常","無","未繪設快慢車道分隔線","無",36,"未使用",120.199294,23.02033,"臺南市","北區"
"追撞","2020",7,28,12,"晴","日間自然光線",60,"三岔路","交叉路口內","柏油","乾燥","良好","正常","無","未繪設快慢車道分隔線","無",75,"非汽(機)車駕駛人",120.199294,23.02033,"臺南市","北區"
"穿越道路中","2020",7,28,16,"雨","日間自然光線",50,"直路","一般車道(未劃分快慢車道)","柏油","濕潤","良好","無號誌","雙向禁止超車線","未繪設快慢車道分隔線","有",23,"未使用",120.679567,24.491964,"苗栗縣","通霄鎮"
"穿越道路中","2020",7,28,16,"雨","日間自然光線",50,"直路","一般車道(未劃分快慢車道)","柏油","濕潤","良好","無號誌","雙向禁止超車線","未繪設快慢車道分隔線","有",1,"非汽(機)車駕駛人",120.679567,24.491964,"苗栗縣","通霄鎮"
"穿越道路中","2020",7,28,16,"雨","日間自然光線",50,"直路","一般車道(未劃分快慢車道)","柏油","濕潤","良好","無號誌","雙向禁止超車線","未繪設快慢車道分隔線","有",79,"非汽(機)車駕駛人",120.679567,24.491964,"苗栗縣","通霄鎮"
"其他","2020",7,28,21,"雨","夜間(或隧道、地下道、涵洞)有照明",60,"三岔路","交叉口附近","柏油","濕潤","良好","無號誌","雙向禁止超車線","快慢車道分隔線","有",40,"不明",120.590562,22.495268,"屏東縣","新埤鄉"
"其他","2020",7,28,21,"雨","夜間(或隧道、地下道、涵洞)有照明",60,"三岔路","交叉口附近","柏油","濕潤","良好","無號誌","雙向禁止超車線","快慢車道分隔線","有",37,"未使用",120.590562,22.495268,"屏東縣","新埤鄉"
"撞路樹、電桿","2020",7,29,1,"陰","夜間(或隧道、地下道、涵洞)有照明",70,"直路","路肩、路緣","柏油","乾燥","良好","無號誌","行車分向線","快慢車道分隔線","有",25,"不明",121.368055,23.496886,"花蓮縣","瑞穗鄉"
"追撞","2020",7,29,6,"晴","日間自然光線",50,"直路","一般車道(未劃分快慢車道)","柏油","乾燥","良好","無號誌","行車分向線","快慢車道分隔線","有",24,"未使用",120.472727,23.458858,"嘉義縣","中埔鄉"
"追撞","2020",7,29,6,"晴","日間自然光線",50,"直路","一般車道(未劃分快慢車道)","柏油","乾燥","良好","無號誌","行車分向線","快慢車道分隔線","有",68,"未使用",120.472727,23.458858,"嘉義縣","中埔鄉"
"穿越道路中","2020",7,29,11,"晴","日間自然光線",50,"四岔路","行人穿越道","柏油","乾燥","良好","正常","無","未繪設快慢車道分隔線","無",24,"未使用",120.722611,24.308871,"臺中市","后里區"
"穿越道路中","2020",7,29,11,"晴","日間自然光線",50,"四岔路","行人穿越道","柏油","乾燥","良好","正常","無","未繪設快慢車道分隔線","無",83,"非汽(機)車駕駛人",120.722611,24.308871,"臺中市","后里區"
"側撞","2020",7,29,19,"晴","夜間(或隧道、地下道、涵洞)有照明",50,"直路","一般車道(未劃分快慢車道)","柏油","乾燥","良好","無號誌","中央分向島","未繪設快慢車道分隔線","有",60,"未使用",120.296619,22.788057,"高雄市","岡山區"
"側撞","2020",7,29,19,"晴","夜間(或隧道、地下道、涵洞)有照明",50,"直路","一般車道(未劃分快慢車道)","柏油","乾燥","良好","無號誌","中央分向島","未繪設快慢車道分隔線","有",38,"未使用",120.296619,22.788057,"高雄市","岡山區"
"穿越道路中","2020",7,29,22,"晴","夜間(或隧道、地下道、涵洞)有照明",50,"直路","快車道","柏油","乾燥","良好","無號誌","中央分向島","快慢車道分隔線","有",25,"不明",120.814849,24.571898,"苗栗縣","苗栗市"
"穿越道路中","2020",7,29,22,"晴","夜間(或隧道、地下道、涵洞)有照明",50,"直路","快車道","柏油","乾燥","良好","無號誌","中央分向島","快慢車道分隔線","有",37,"非汽(機)車駕駛人",120.814849,24.571898,"苗栗縣","苗栗市"
"衝進路中","2020",7,29,22,"陰","夜間(或隧道、地下道、涵洞)有照明",50,"三岔路","交叉口附近","柏油","乾燥","不良","無號誌","行車分向線","未繪設快慢車道分隔線","有",58,"非汽(機)車駕駛人",120.615598,22.692053,"屏東縣","內埔鄉"
"衝進路中","2020",7,29,22,"陰","夜間(或隧道、地下道、涵洞)有照明",50,"三岔路","交叉口附近","柏油","乾燥","不良","無號誌","行車分向線","未繪設快慢車道分隔線","有",83,"未使用",120.615598,22.692053,"屏東縣","內埔鄉"
"撞交通島","2020",7,30,2,"陰","夜間(或隧道、地下道、涵洞)有照明",70,"四岔路","交叉口附近","柏油","乾燥","良好","正常","中央分向島","快慢車道分隔線","有",42,"未使用",120.544117,22.631576,"屏東縣","內埔鄉"
"穿越道路中","2020",7,30,5,"晴","日間自然光線",50,"四岔路","交叉路口內","柏油","乾燥","良好","正常","雙向禁止超車線","快慢車道分隔線","無",31,"不明",120.342753,22.635212,"高雄市","三民區"
"穿越道路中","2020",7,30,5,"晴","日間自然光線",50,"四岔路","交叉路口內","柏油","乾燥","良好","正常","雙向禁止超車線","快慢車道分隔線","無",89,"非汽(機)車駕駛人",120.342753,22.635212,"高雄市","三民區"
"路口交岔撞","2020",7,30,5,"晴","日間自然光線",70,"四岔路","交叉路口內","柏油","乾燥","良好","正常","中央分向島","未繪設快慢車道分隔線","有",27,"不明",120.295576,23.853125,"彰化縣","大城鄉"
"路口交岔撞","2020",7,30,5,"晴","日間自然光線",70,"四岔路","交叉路口內","柏油","乾燥","良好","正常","中央分向島","未繪設快慢車道分隔線","有",67,"非汽(機)車駕駛人",120.295576,23.853125,"彰化縣","大城鄉"
"路口交岔撞","2020",7,30,5,"晴","日間自然光線",70,"四岔路","交叉路口內","柏油","乾燥","良好","正常","中央分向島","未繪設快慢車道分隔線","有",68,"不明",120.295576,23.853125,"彰化縣","大城鄉"
"路口交岔撞","2020",7,30,16,"晴","日間自然光線",60,"四岔路","交叉路口內","柏油","乾燥","良好","正常","雙向禁止超車線","未繪設快慢車道分隔線","有",57,"未使用",121.780769,24.812584,"宜蘭縣","礁溪鄉"
"路口交岔撞","2020",7,30,16,"晴","日間自然光線",60,"四岔路","交叉路口內","柏油","乾燥","良好","正常","雙向禁止超車線","未繪設快慢車道分隔線","有",74,"未使用",121.780769,24.812584,"宜蘭縣","礁溪鄉"
"撞護欄(樁)","2020",7,31,3,"晴","晨或暮光",60,"三岔路","其他","柏油","乾燥","良好","正常","無","未繪設快慢車道分隔線","無",20,"不明",120.647796,24.196322,"臺中市","西屯區"
"撞護欄(樁)","2020",7,31,3,"晴","晨或暮光",60,"三岔路","其他","柏油","乾燥","良好","正常","無","未繪設快慢車道分隔線","無",20,"不明",120.647796,24.196322,"臺中市","西屯區"
"路口交岔撞","2020",7,31,5,"晴","晨或暮光",50,"四岔路","交叉路口內","柏油","乾燥","良好","正常","雙向禁止超車線","未繪設快慢車道分隔線","有",63,"不明",120.44157,23.975328,"彰化縣","埔鹽鄉"
"路口交岔撞","2020",7,31,5,"晴","晨或暮光",50,"四岔路","交叉路口內","柏油","乾燥","良好","正常","雙向禁止超車線","未繪設快慢車道分隔線","有",19,"未使用",120.44157,23.975328,"彰化縣","埔鹽鄉"
"追撞","2020",7,31,12,"晴","日間自然光線",50,"直路","一般車道(未劃分快慢車道)","柏油","乾燥","良好","無號誌","雙向禁止超車線","未繪設快慢車道分隔線","有",29,"未使用",120.466576,23.451286,"嘉義縣","中埔鄉"
"追撞","2020",7,31,12,"晴","日間自然光線",50,"直路","一般車道(未劃分快慢車道)","柏油","乾燥","良好","無號誌","雙向禁止超車線","未繪設快慢車道分隔線","有",12,"非汽(機)車駕駛人",120.466576,23.451286,"嘉義縣","中埔鄉"
"追撞","2020",7,31,12,"晴","日間自然光線",50,"直路","一般車道(未劃分快慢車道)","柏油","乾燥","良好","無號誌","雙向禁止超車線","未繪設快慢車道分隔線","有",15,"非汽(機)車駕駛人",120.466576,23.451286,"嘉義縣","中埔鄉"
"其他","2020",7,31,14,"晴","日間自然光線",50,"直路","一般車道(未劃分快慢車道)","柏油","乾燥","良好","無號誌","中央分向島","未繪設快慢車道分隔線","無",53,"未使用",121.544196,25.065166,"臺北市","中山區"
"其他","2020",7,31,14,"晴","日間自然光線",50,"直路","一般車道(未劃分快慢車道)","柏油","乾燥","良好","無號誌","中央分向島","未繪設快慢車道分隔線","無",23,"未使用",121.544196,25.065166,"臺北市","中山區"
"其他","2020",7,31,14,"晴","日間自然光線",50,"直路","一般車道(未劃分快慢車道)","柏油","乾燥","良好","無號誌","中央分向島","未繪設快慢車道分隔線","無",32,"未使用",121.544196,25.065166,"臺北市","中山區"
"側撞","2020",8,1,8,"晴","日間自然光線",40,"直路","快車道","柏油","乾燥","良好","無號誌","雙向禁止超車線","快慢車道分隔線","有",63,"未使用",121.411954,24.970359,"新北市","樹林區"
"側撞","2020",8,1,8,"晴","日間自然光線",40,"直路","快車道","柏油","乾燥","良好","無號誌","雙向禁止超車線","快慢車道分隔線","有",25,"未使用",121.411954,24.970359,"新北市","樹林區"
"同向擦撞","2020",8,1,10,"晴","日間自然光線",50,"彎曲路及附近","快車道","柏油","乾燥","良好","無號誌","雙向禁止超車線","快慢車道分隔線","有",77,"未使用",120.549343,22.695084,"屏東縣","長治鄉"
"同向擦撞","2020",8,1,10,"晴","日間自然光線",50,"彎曲路及附近","快車道","柏油","乾燥","良好","無號誌","雙向禁止超車線","快慢車道分隔線","有",79,"非汽(機)車駕駛人",120.549343,22.695084,"屏東縣","長治鄉"
"同向擦撞","2020",8,1,10,"晴","日間自然光線",50,"彎曲路及附近","快車道","柏油","乾燥","良好","無號誌","雙向禁止超車線","快慢車道分隔線","有",29,"未使用",120.549343,22.695084,"屏東縣","長治鄉"
"對撞","2020",8,1,22,"晴","夜間(或隧道、地下道、涵洞)有照明",40,"直路","一般車道(未劃分快慢車道)","柏油","乾燥","良好","無號誌","無","未繪設快慢車道分隔線","有",33,"不明",120.163914,23.627719,"雲林縣","口湖鄉"
"對撞","2020",8,1,22,"晴","夜間(或隧道、地下道、涵洞)有照明",40,"直路","一般車道(未劃分快慢車道)","柏油","乾燥","良好","無號誌","無","未繪設快慢車道分隔線","有",27,"不明",120.163914,23.627719,"雲林縣","口湖鄉"
"其他","2020",8,2,2,"晴","夜間(或隧道、地下道、涵洞)有照明",50,"多岔路","交叉口附近","柏油","乾燥","不良","無號誌","無","未繪設快慢車道分隔線","無",36,"不明",121.471517,25.08578,"新北市","蘆洲區"
"其他","2020",8,2,2,"晴","夜間(或隧道、地下道、涵洞)有照明",50,"多岔路","交叉口附近","柏油","乾燥","不良","無號誌","無","未繪設快慢車道分隔線","無",42,"不明",121.471517,25.08578,"新北市","蘆洲區"
"衝進路中","2020",8,2,11,"晴","日間自然光線",50,"直路","一般車道(未劃分快慢車道)","柏油","乾燥","良好","無號誌","行車分向線","未繪設快慢車道分隔線","有",24,"不明",121.224978,24.885386,"桃園市","龍潭區"
"衝進路中","2020",8,2,11,"晴","日間自然光線",50,"直路","一般車道(未劃分快慢車道)","柏油","乾燥","良好","無號誌","行車分向線","未繪設快慢車道分隔線","有",3,"非汽(機)車駕駛人",121.224978,24.885386,"桃園市","龍潭區"
"撞橋樑、建築物","2020",8,2,18,"晴","夜間(或隧道、地下道、涵洞)有照明",30,"三岔路","交叉路口內","柏油","乾燥","良好","無號誌","無","未繪設快慢車道分隔線","無",32,"非汽(機)車駕駛人",121.424782,24.984329,"新北市","樹林區"
"側撞","2020",8,2,20,"晴","夜間(或隧道、地下道、涵洞)有照明",30,"四岔路","交叉路口內","柏油","濕潤","良好","正常","無","未繪設快慢車道分隔線","無",23,"未使用",120.531976,24.228812,"臺中市","梧棲區"
"側撞","2020",8,2,20,"晴","夜間(或隧道、地下道、涵洞)有照明",30,"四岔路","交叉路口內","柏油","濕潤","良好","正常","無","未繪設快慢車道分隔線","無",39,"未使用",120.531976,24.228812,"臺中市","梧棲區"