"事故類型及型態子類別名稱","發生年度","發生月份","發生日期","發生時間","天候名稱","光線名稱","速限.第1當事者","道路型態子類別名稱","事故位置子類別名稱","路面狀況.路面鋪裝名稱","路面狀況.路面狀態名稱","道路障礙.視距品質名稱","號誌.號誌動作名稱","車道劃分設施.分向設施大類別名稱","車道劃分設施.分道設施.快慢車道間名稱","車道劃分設施.分道設施.路面邊線名稱","當事者事故發生時年齡","行動電話或電腦或其他相類功能裝置名稱","經度","緯度","縣市","鄉鎮"
"其他","2020",8,29,15,"雨","日間自然光線",50,"三岔路","交叉路口內","柏油","濕潤","不良","無號誌","雙向禁止超車線","未繪設快慢車道分隔線","有",36,"未使用",120.48156,23.675772,"雲林縣","斗南鎮"
"路上翻車、摔倒","2020",8,30,5,"陰","日間自然光線",30,"直路","一般車道(未劃分快慢車道)","柏油","乾燥","良好","無號誌","無","未繪設快慢車道分隔線","無",62,"不明",120.41015,23.431353,"嘉義縣","水上鄉"
"路上翻車、摔倒","2020",8,30,7,"晴","日間自然光線",40,"彎曲路及附近","其他","柏油","乾燥","良好","無號誌","無","未繪設快慢車道分隔線","有",21,"不明",120.739603,24.344049,"苗栗縣","三義鄉"
"衝出路外","2020",8,30,8,"晴","日間自然光線",40,"彎曲路及附近","一般車道(未劃分快慢車道)","柏油","乾燥","良好","無號誌","雙向禁止超車線","未繪設快慢車道分隔線","有",18,"未使用",121.720231,24.901738,"新北市","坪林區"
"撞護欄(樁)","2020",8,30,17,"陰","日間自然光線",90,"直路","一般車道(未劃分快慢車道)","柏油","乾燥","良好","無號誌","中央分向島","未繪設快慢車道分隔線","有",55,"不明",120.155517,23.369382,"嘉義縣","布袋鎮"
"撞護欄(樁)","2020",8,30,17,"陰","日間自然光線",90,"直路","一般車道(未劃分快慢車道)","柏油","乾燥","良好","無號誌","中央分向島","未繪設快慢車道分隔線","有",54,"未使用",120.155517,23.369382,"嘉義縣","布袋鎮"
"路口交岔撞","2020",8,30,18,"晴","夜間(或隧道、地下道、涵洞)有照明",50,"四岔路","交叉口附近","柏油","乾燥","良好","正常","行車分向線","未繪設快慢車道分隔線","有",45,"未使用",120.815165,24.603175,"苗栗縣","後龍鎮"
"路口交岔撞","2020",8,30,18,"晴","夜間(或隧道、地下道、涵洞)有照明",50,"四岔路","交叉口附近","柏油","乾燥","良好","正常","行車分向線","未繪設快慢車道分隔線","有",25,"未使用",120.815165,24.603175,"苗栗縣","後龍鎮"
"撞橋樑、建築物","2020",8,31,0,"晴","夜間(或隧道、地下道、涵洞)有照明",50,"三岔路","其他","柏油","乾燥","良好","無號誌","雙向禁止超車線","未繪設快慢車道分隔線","有",24,"不明",120.394271,23.702151,"雲林縣","虎尾鎮"
"撞橋樑、建築物","2020",8,31,0,"晴","夜間(或隧道、地下道、涵洞)有照明",50,"三岔路","其他","柏油","乾燥","良好","無號誌","雙向禁止超車線","未繪設快慢車道分隔線","有",25,"不明",120.394271,23.702151,"雲林縣","虎尾鎮"
"撞橋樑、建築物","2020",8,31,0,"晴","夜間(或隧道、地下道、涵洞)有照明",50,"三岔路","其他","柏油","乾燥","良好","無號誌","雙向禁止超車線","未繪設快慢車道分隔線","有",22,"不明",120.394271,23.702151,"雲林縣","虎尾鎮"
"撞橋樑、建築物","2020",8,31,0,"晴","夜間(或隧道、地下道、涵洞)有照明",50,"三岔路","其他","柏油","乾燥","良好","無號誌","雙向禁止超車線","未繪設快慢車道分隔線","有",32,"不明",120.394271,23.702151,"雲林縣","虎尾鎮"
"其他","2020",8,31,0,"晴","夜間(或隧道、地下道、涵洞)有照明",50,"直路","慢車道","柏油","乾燥","良好","無號誌","中央分向島","快慢車道分隔線","無",25,"未使用",120.636805,24.112363,"臺中市","烏日區"
"其他","2020",8,31,0,"晴","夜間(或隧道、地下道、涵洞)有照明",50,"直路","慢車道","柏油","乾燥","良好","無號誌","中央分向島","快慢車道分隔線","無",58,"未使用",120.636805,24.112363,"臺中市","烏日區"
"同向擦撞","2020",8,31,9,"晴","日間自然光線",60,"彎曲路及附近","一般車道(未劃分快慢車道)","柏油","乾燥","良好","無號誌","中央分向島","未繪設快慢車道分隔線","有",85,"未使用",121.41299,23.637164,"花蓮縣","光復鄉"
"同向擦撞","2020",8,31,9,"晴","日間自然光線",60,"彎曲路及附近","一般車道(未劃分快慢車道)","柏油","乾燥","良好","無號誌","中央分向島","未繪設快慢車道分隔線","有",34,"未使用",121.41299,23.637164,"花蓮縣","光復鄉"
"追撞","2020",8,31,10,"陰","日間自然光線",50,"三岔路","一般車道(未劃分快慢車道)","柏油","乾燥","良好","無號誌","雙向禁止超車線","未繪設快慢車道分隔線","有",80,"未使用",121.217105,24.955973,"桃園市","中壢區"
"追撞","2020",8,31,10,"陰","日間自然光線",50,"三岔路","一般車道(未劃分快慢車道)","柏油","乾燥","良好","無號誌","雙向禁止超車線","未繪設快慢車道分隔線","有",52,"未使用",121.217105,24.955973,"桃園市","中壢區"
"側撞","2020",8,31,12,"晴","日間自然光線",60,"直路","一般車道(未劃分快慢車道)","柏油","乾燥","良好","無號誌","雙向禁止超車線","未繪設快慢車道分隔線","有",86,"未使用",120.309599,23.620666,"雲林縣","元長鄉"
"側撞","2020",8,31,12,"晴","日間自然光線",60,"直路","一般車道(未劃分快慢車道)","柏油","乾燥","良好","無號誌","雙向禁止超車線","未繪設快慢車道分隔線","有",24,"未使用",120.309599,23.620666,"雲林縣","元長鄉"
"其他","2020",8,31,13,"晴","日間自然光線",15,"有遮斷器","其他","其他鋪裝","乾燥","良好","正常","無","未繪設快慢車道分隔線","無",35,"未使用",120.540936,24.17625,"臺中市","龍井區"
"其他","2020",8,31,13,"晴","日間自然光線",15,"有遮斷器","其他","其他鋪裝","乾燥","良好","正常","無","未繪設快慢車道分隔線","無",53,"非汽(機)車駕駛人",120.540936,24.17625,"臺中市","龍井區"
"路口交岔撞","2020",8,31,13,"晴","日間自然光線",40,"四岔路","交叉路口內","柏油","乾燥","良好","無號誌","無","未繪設快慢車道分隔線","無",24,"未使用",120.493367,23.908438,"彰化縣","田尾鄉"
"路口交岔撞","2020",8,31,13,"晴","日間自然光線",40,"四岔路","交叉路口內","柏油","乾燥","良好","無號誌","無","未繪設快慢車道分隔線","無",24,"未使用",120.493367,23.908438,"彰化縣","田尾鄉"
"路口交岔撞","2020",8,31,13,"晴","日間自然光線",40,"四岔路","交叉路口內","柏油","乾燥","良好","無號誌","無","未繪設快慢車道分隔線","無",30,"未使用",120.493367,23.908438,"彰化縣","田尾鄉"
"側撞","2020",8,31,16,"陰","日間自然光線",60,"三岔路","交叉口附近","柏油","濕潤","良好","無號誌","雙向禁止超車線","未繪設快慢車道分隔線","有",45,"未使用",120.922269,23.889671,"南投縣","魚池鄉"
"側撞","2020",8,31,16,"陰","日間自然光線",60,"三岔路","交叉口附近","柏油","濕潤","良好","無號誌","雙向禁止超車線","未繪設快慢車道分隔線","有",32,"未使用",120.922269,23.889671,"南投縣","魚池鄉"
"側撞","2020",8,31,16,"陰","日間自然光線",60,"三岔路","交叉口附近","柏油","濕潤","良好","無號誌","雙向禁止超車線","未繪設快慢車道分隔線","有",2,"非汽(機)車駕駛人",120.922269,23.889671,"南投縣","魚池鄉"
"其他","2020",8,31,19,"晴","夜間(或隧道、地下道、涵洞)有照明",50,"直路","慢車道","柏油","乾燥","良好","無號誌","雙向禁止超車線","快慢車道分隔線","有",63,"非汽(機)車駕駛人",120.438136,23.457829,"嘉義市","西區"
"其他","2020",8,31,19,"晴","夜間(或隧道、地下道、涵洞)有照明",50,"直路","慢車道","柏油","乾燥","良好","無號誌","雙向禁止超車線","快慢車道分隔線","有",49,"不明",120.438136,23.457829,"嘉義市","西區"
"穿越道路中","2020",9,1,5,"晴","日間自然光線",60,"四岔路","交叉路口內","柏油","乾燥","良好","正常","中央分向島","快慢車道分隔線","有",61,"非汽(機)車駕駛人",120.292383,22.801473,"高雄市","岡山區"
"穿越道路中","2020",9,1,5,"晴","日間自然光線",60,"四岔路","交叉路口內","柏油","乾燥","良好","正常","中央分向島","快慢車道分隔線","有",82,"未使用",120.292383,22.801473,"高雄市","岡山區"
"側撞","2020",9,1,8,"晴","日間自然光線",50,"直路","一般車道(未劃分快慢車道)","柏油","乾燥","良好","無號誌","雙向禁止超車線","快慢車道分隔線","有",65,"未使用",120.327137,22.614689,"高雄市","苓雅區"
"側撞","2020",9,1,8,"晴","日間自然光線",50,"直路","一般車道(未劃分快慢車道)","柏油","乾燥","良好","無號誌","雙向禁止超車線","快慢車道分隔線","有",19,"未使用",120.327137,22.614689,"高雄市","苓雅區"
"同向擦撞","2020",9,1,13,"晴","日間自然光線",90,"直路","路肩、路緣","柏油","乾燥","良好","無號誌","行車分向線","未繪設快慢車道分隔線","有",51,"未使用",120.675336,24.49143,"苗栗縣","通霄鎮"
"同向擦撞","2020",9,1,13,"晴","日間自然光線",90,"直路","路肩、路緣","柏油","乾燥","良好","無號誌","行車分向線","未繪設快慢車道分隔線","有",53,"未使用",120.675336,24.49143,"苗栗縣","通霄鎮"
"同向擦撞","2020",9,1,13,"晴","日間自然光線",90,"直路","路肩、路緣","柏油","乾燥","良好","無號誌","行車分向線","未繪設快慢車道分隔線","有",31,"非汽(機)車駕駛人",120.675336,24.49143,"苗栗縣","通霄鎮"
"同向擦撞","2020",9,1,13,"晴","日間自然光線",90,"直路","路肩、路緣","柏油","乾燥","良好","無號誌","行車分向線","未繪設快慢車道分隔線","有",70,"未使用",120.675336,24.49143,"苗栗縣","通霄鎮"
"同向擦撞","2020",9,1,13,"晴","日間自然光線",90,"直路","路肩、路緣","柏油","乾燥","良好","無號誌","行車分向線","未繪設快慢車道分隔線","有",69,"未使用",120.675336,24.49143,"苗栗縣","通霄鎮"
"側撞","2020",9,1,15,"晴","日間自然光線",60,"三岔路","交叉路口內","柏油","乾燥","良好","無號誌","無","未繪設快慢車道分隔線","無",80,"未使用",120.264344,23.525215,"嘉義縣","六腳鄉"
"側撞","2020",9,1,15,"晴","日間自然光線",60,"三岔路","交叉路口內","柏油","乾燥","良好","無號誌","無","未繪設快慢車道分隔線","無",20,"未使用",120.264344,23.525215,"嘉義縣","六腳鄉"
"對撞","2020",9,1,16,"晴","日間自然光線",50,"彎曲路及附近","一般車道(未劃分快慢車道)","柏油","乾燥","良好","無號誌","行車分向線","未繪設快慢車道分隔線","有",46,"未使用",121.24306,25.113278,"桃園市","大園區"
"對撞","2020",9,1,16,"晴","日間自然光線",50,"彎曲路及附近","一般車道(未劃分快慢車道)","柏油","乾燥","良好","無號誌","行車分向線","未繪設快慢車道分隔線","有",50,"未使用",121.24306,25.113278,"桃園市","大園區"
"追撞","2020",9,2,10,"晴","日間自然光線",50,"直路","機車優先道","柏油","乾燥","良好","無號誌","中央分向島","寛式快慢車道分隔島(50公分以上)","有",56,"不明",121.495074,25.121221,"臺北市","北投區"
"追撞","2020",9,2,10,"晴","日間自然光線",50,"直路","機車優先道","柏油","乾燥","良好","無號誌","中央分向島","寛式快慢車道分隔島(50公分以上)","有",47,"不明",121.495074,25.121221,"臺北市","北投區"
"路口交岔撞","2020",9,2,11,"晴","日間自然光線",50,"三岔路","交叉路口內","柏油","乾燥","良好","正常","中央分向島","未繪設快慢車道分隔線","有",72,"未使用",120.548942,24.096639,"彰化縣","彰化市"
"路口交岔撞","2020",9,2,11,"晴","日間自然光線",50,"三岔路","交叉路口內","柏油","乾燥","良好","正常","中央分向島","未繪設快慢車道分隔線","有",49,"未使用",120.548942,24.096639,"彰化縣","彰化市"
"追撞","2020",9,2,23,"晴","夜間(或隧道、地下道、涵洞)無照明",110,"直路","快車道","柏油","乾燥","良好","無號誌","中央分向島","未繪設快慢車道分隔線","有",61,"非汽(機)車駕駛人",120.286829,23.301761,"臺南市","新營區"
"追撞","2020",9,2,23,"晴","夜間(或隧道、地下道、涵洞)無照明",110,"直路","快車道","柏油","乾燥","良好","無號誌","中央分向島","未繪設快慢車道分隔線","有",26,"未使用",120.286829,23.301761,"臺南市","新營區"
"追撞","2020",9,2,23,"晴","夜間(或隧道、地下道、涵洞)無照明",110,"直路","快車道","柏油","乾燥","良好","無號誌","中央分向島","未繪設快慢車道分隔線","有",35,"未使用",120.286829,23.301761,"臺南市","新營區"
"追撞","2020",9,2,23,"晴","夜間(或隧道、地下道、涵洞)無照明",110,"直路","快車道","柏油","乾燥","良好","無號誌","中央分向島","未繪設快慢車道分隔線","有",61,"未使用",120.286829,23.301761,"臺南市","新營區"
"側撞","2020",9,3,5,"晴","日間自然光線",70,"三岔路","交叉路口內","柏油","乾燥","良好","正常","無","未繪設快慢車道分隔線","無",37,"不明",120.505994,24.21016,"臺中市","龍井區"
"側撞","2020",9,3,5,"晴","日間自然光線",70,"三岔路","交叉路口內","柏油","乾燥","良好","正常","無","未繪設快慢車道分隔線","無",50,"未使用",120.505994,24.21016,"臺中市","龍井區"
"撞路樹、電桿","2020",9,4,1,"晴","夜間(或隧道、地下道、涵洞)有照明",50,"四岔路","交叉口附近","柏油","乾燥","不良","正常","無","未繪設快慢車道分隔線","無",109,"",120.384043,22.501686,"高雄市","林園區"
"撞路樹、電桿","2020",9,4,1,"晴","夜間(或隧道、地下道、涵洞)有照明",50,"四岔路","交叉口附近","柏油","乾燥","不良","正常","無","未繪設快慢車道分隔線","無",18,"未使用",120.384043,22.501686,"高雄市","林園區"
"撞路樹、電桿","2020",9,4,1,"晴","夜間(或隧道、地下道、涵洞)有照明",50,"四岔路","交叉口附近","柏油","乾燥","不良","正常","無","未繪設快慢車道分隔線","無",16,"非汽(機)車駕駛人",120.384043,22.501686,"高雄市","林園區"
"側撞","2020",9,4,6,"晴","日間自然光線",25,"直路","一般車道(未劃分快慢車道)","柏油","乾燥","良好","無號誌","行車分向線","未繪設快慢車道分隔線","有",78,"未使用",120.58018,22.738791,"屏東縣","鹽埔鄉"
"側撞","2020",9,4,6,"晴","日間自然光線",25,"直路","一般車道(未劃分快慢車道)","柏油","乾燥","良好","無號誌","行車分向線","未繪設快慢車道分隔線","有",66,"未使用",120.58018,22.738791,"屏東縣","鹽埔鄉"
"側撞","2020",9,4,6,"晴","日間自然光線",25,"直路","一般車道(未劃分快慢車道)","柏油","乾燥","良好","無號誌","行車分向線","未繪設快慢車道分隔線","有",61,"非汽(機)車駕駛人",120.58018,22.738791,"屏東縣","鹽埔鄉"
"側撞","2020",9,4,9,"晴","日間自然光線",50,"直路","快車道","柏油","乾燥","良好","無號誌","中央分向島","快慢車道分隔線","有",23,"未使用",120.331123,22.732545,"高雄市","楠梓區"
"側撞","2020",9,4,9,"晴","日間自然光線",50,"直路","快車道","柏油","乾燥","良好","無號誌","中央分向島","快慢車道分隔線","有",22,"未使用",120.331123,22.732545,"高雄市","楠梓區"
"側撞","2020",9,4,9,"晴","日間自然光線",50,"直路","快車道","柏油","乾燥","良好","無號誌","中央分向島","快慢車道分隔線","有",76,"未使用",120.331123,22.732545,"高雄市","楠梓區"
"追撞","2020",9,4,19,"晴","夜間(或隧道、地下道、涵洞)無照明",90,"直路","快車道","柏油","乾燥","良好","無號誌","中央分向島","未繪設快慢車道分隔線","有",39,"不明",121.642705,25.063755,"新北市","汐止區"
"追撞","2020",9,4,19,"晴","夜間(或隧道、地下道、涵洞)無照明",90,"直路","快車道","柏油","乾燥","良好","無號誌","中央分向島","未繪設快慢車道分隔線","有",52,"未使用",121.642705,25.063755,"新北市","汐止區"
"對撞","2020",9,4,20,"晴","夜間(或隧道、地下道、涵洞)無照明",40,"彎曲路及附近","一般車道(未劃分快慢車道)","柏油","乾燥","良好","無號誌","行車分向線","未繪設快慢車道分隔線","有",26,"不明",120.82641,22.066582,"屏東縣","滿州鄉"
"對撞","2020",9,4,20,"晴","夜間(或隧道、地下道、涵洞)無照明",40,"彎曲路及附近","一般車道(未劃分快慢車道)","柏油","乾燥","良好","無號誌","行車分向線","未繪設快慢車道分隔線","有",22,"非汽(機)車駕駛人",120.82641,22.066582,"屏東縣","滿州鄉"
"對撞","2020",9,4,20,"晴","夜間(或隧道、地下道、涵洞)無照明",40,"彎曲路及附近","一般車道(未劃分快慢車道)","柏油","乾燥","良好","無號誌","行車分向線","未繪設快慢車道分隔線","有",31,"未使用",120.82641,22.066582,"屏東縣","滿州鄉"
"穿越道路中","2020",9,4,22,"晴","夜間(或隧道、地下道、涵洞)有照明",50,"四岔路","交叉路口內","柏油","乾燥","良好","無號誌","行車分向線","未繪設快慢車道分隔線","有",46,"未使用",120.976884,24.815463,"新竹市","東區"
"穿越道路中","2020",9,4,22,"晴","夜間(或隧道、地下道、涵洞)有照明",50,"四岔路","交叉路口內","柏油","乾燥","良好","無號誌","行車分向線","未繪設快慢車道分隔線","有",82,"非汽(機)車駕駛人",120.976884,24.815463,"新竹市","東區"
"側撞","2020",9,5,5,"晴","日間自然光線",50,"直路","慢車道","柏油","乾燥","良好","無號誌","中央分向島","快慢車道分隔線","無",24,"不明",120.654835,24.201128,"臺中市","西屯區"
"側撞","2020",9,5,5,"晴","日間自然光線",50,"直路","慢車道","柏油","乾燥","良好","無號誌","中央分向島","快慢車道分隔線","無",69,"不明",120.654835,24.201128,"臺中市","西屯區"
"側撞","2020",9,5,5,"晴","日間自然光線",50,"直路","慢車道","柏油","乾燥","良好","無號誌","中央分向島","快慢車道分隔線","無",28,"不明",120.654835,24.201128,"臺中市","西屯區"
"其他","2020",9,5,7,"晴","日間自然光線",50,"四岔路","交叉路口內","柏油","乾燥","良好","正常","雙向禁止超車線","未繪設快慢車道分隔線","有",59,"未使用",121.485198,24.993454,"新北市","中和區"
"其他","2020",9,5,7,"晴","日間自然光線",50,"四岔路","交叉路口內","柏油","乾燥","良好","正常","雙向禁止超車線","未繪設快慢車道分隔線","有",36,"未使用",121.485198,24.993454,"新北市","中和區"
"其他","2020",9,5,7,"晴","日間自然光線",50,"四岔路","交叉路口內","柏油","乾燥","良好","正常","雙向禁止超車線","未繪設快慢車道分隔線","有",28,"未使用",121.485198,24.993454,"新北市","中和區"
"側撞","2020",9,5,17,"晴","日間自然光線",30,"四岔路","交叉路口內","柏油","乾燥","良好","無號誌","無","未繪設快慢車道分隔線","無",64,"未使用",120.157817,23.245538,"臺南市","學甲區"
"側撞","2020",9,5,17,"晴","日間自然光線",30,"四岔路","交叉路口內","柏油","乾燥","良好","無號誌","無","未繪設快慢車道分隔線","無",86,"非汽(機)車駕駛人",120.157817,23.245538,"臺南市","學甲區"
"追撞","2020",9,5,18,"晴","夜間(或隧道、地下道、涵洞)無照明",90,"直路","快車道","柏油","乾燥","良好","無號誌","中央分向島","未繪設快慢車道分隔線","有",59,"未使用",120.484397,22.809858,"屏東縣","里港鄉"
"追撞","2020",9,5,18,"晴","夜間(或隧道、地下道、涵洞)無照明",90,"直路","快車道","柏油","乾燥","良好","無號誌","中央分向島","未繪設快慢車道分隔線","有",59,"未使用",120.484397,22.809858,"屏東縣","里港鄉"
"追撞","2020",9,5,18,"晴","夜間(或隧道、地下道、涵洞)無照明",90,"直路","快車道","柏油","乾燥","良好","無號誌","中央分向島","未繪設快慢車道分隔線","有",72,"未使用",120.484397,22.809858,"屏東縣","里港鄉"
"撞號誌、標誌桿","2020",9,5,20,"晴","夜間(或隧道、地下道、涵洞)有照明",40,"多岔路","交叉口附近","柏油","乾燥","良好","正常","無","未繪設快慢車道分隔線","有",41,"未使用",120.664527,24.083055,"臺中市","大里區"
"其他","2020",9,5,21,"晴","夜間(或隧道、地下道、涵洞)有照明",90,"直路","快車道","柏油","乾燥","良好","無號誌","中央分向島","未繪設快慢車道分隔線","有",39,"非汽(機)車駕駛人",121.2183,24.971384,"桃園市","中壢區"
"其他","2020",9,5,21,"晴","夜間(或隧道、地下道、涵洞)有照明",90,"直路","快車道","柏油","乾燥","良好","無號誌","中央分向島","未繪設快慢車道分隔線","有",52,"未使用",121.2183,24.971384,"桃園市","中壢區"
"其他","2020",9,5,21,"晴","夜間(或隧道、地下道、涵洞)有照明",90,"直路","快車道","柏油","乾燥","良好","無號誌","中央分向島","未繪設快慢車道分隔線","有",42,"未使用",121.2183,24.971384,"桃園市","中壢區"
"其他","2020",9,5,21,"晴","夜間(或隧道、地下道、涵洞)有照明",90,"直路","快車道","柏油","乾燥","良好","無號誌","中央分向島","未繪設快慢車道分隔線","有",50,"未使用",121.2183,24.971384,"桃園市","中壢區"
"衝出路外","2020",9,6,4,"晴","夜間(或隧道、地下道、涵洞)有照明",30,"彎曲路及附近","機車專用道","柏油","乾燥","良好","無號誌","中央分向島","未繪設快慢車道分隔線","有",18,"未使用",121.503865,25.047231,"臺北市","萬華區"
"穿越道路中","2020",9,6,6,"晴","晨或暮光",40,"直路","一般車道(未劃分快慢車道)","柏油","乾燥","良好","無號誌","行車分向線","未繪設快慢車道分隔線","有",73,"非汽(機)車駕駛人",120.999012,23.926061,"南投縣","埔里鎮"
"穿越道路中","2020",9,6,6,"晴","晨或暮光",40,"直路","一般車道(未劃分快慢車道)","柏油","乾燥","良好","無號誌","行車分向線","未繪設快慢車道分隔線","有",27,"未使用",120.999012,23.926061,"南投縣","埔里鎮"
"其他","2020",9,6,16,"晴","日間自然光線",50,"三岔路","交叉路口內","柏油","乾燥","良好","無號誌","雙向禁止超車線","未繪設快慢車道分隔線","有",19,"未使用",120.592046,24.035768,"彰化縣","芬園鄉"
"其他","2020",9,6,16,"晴","日間自然光線",50,"三岔路","交叉路口內","柏油","乾燥","良好","無號誌","雙向禁止超車線","未繪設快慢車道分隔線","有",40,"未使用",120.592046,24.035768,"彰化縣","芬園鄉"
"其他","2020",9,6,16,"晴","日間自然光線",30,"直路","一般車道(未劃分快慢車道)","柏油","乾燥","良好","無號誌","無","未繪設快慢車道分隔線","無",35,"未使用",121.766263,24.659999,"宜蘭縣","冬山鄉"
"其他","2020",9,6,16,"晴","日間自然光線",30,"直路","一般車道(未劃分快慢車道)","柏油","乾燥","良好","無號誌","無","未繪設快慢車道分隔線","無",83,"非汽(機)車駕駛人",121.766263,24.659999,"宜蘭縣","冬山鄉"
"其他","2020",9,6,16,"晴","日間自然光線",30,"直路","一般車道(未劃分快慢車道)","柏油","乾燥","良好","無號誌","無","未繪設快慢車道分隔線","無",56,"未使用",121.766263,24.659999,"宜蘭縣","冬山鄉"
"路口交岔撞","2020",9,7,10,"晴","日間自然光線",50,"四岔路","交叉路口內","柏油","乾燥","良好","正常","無","未繪設快慢車道分隔線","無",88,"未使用",119.599661,23.554778,"澎湖縣","馬公市"
"路口交岔撞","2020",9,7,10,"晴","日間自然光線",50,"四岔路","交叉路口內","柏油","乾燥","良好","正常","無","未繪設快慢車道分隔線","無",50,"未使用",119.599661,23.554778,"澎湖縣","馬公市"
"其他","2020",9,7,20,"陰","夜間(或隧道、地下道、涵洞)有照明",50,"直路","一般車道(未劃分快慢車道)","柏油","乾燥","良好","無號誌","行車分向線","未繪設快慢車道分隔線","有",31,"不明",120.49679,24.081359,"彰化縣","和美鎮"
"其他","2020",9,7,20,"陰","夜間(或隧道、地下道、涵洞)有照明",50,"直路","一般車道(未劃分快慢車道)","柏油","乾燥","良好","無號誌","行車分向線","未繪設快慢車道分隔線","有",56,"未使用",120.49679,24.081359,"彰化縣","和美鎮"
"追撞","2020",9,7,21,"晴","夜間(或隧道、地下道、涵洞)無照明",50,"直路","一般車道(未劃分快慢車道)","柏油","乾燥","良好","無號誌","雙向禁止超車線","未繪設快慢車道分隔線","有",20,"未使用",120.248727,22.940091,"臺南市","仁德區"
"追撞","2020",9,7,21,"晴","夜間(或隧道、地下道、涵洞)無照明",50,"直路","一般車道(未劃分快慢車道)","柏油","乾燥","良好","無號誌","雙向禁止超車線","未繪設快慢車道分隔線","有",35,"未使用",120.248727,22.940091,"臺南市","仁德區"
"追撞","2020",9,7,23,"晴","夜間(或隧道、地下道、涵洞)有照明",50,"直路","快車道","柏油","乾燥","良好","正常","中央分向島","窄式快慢車道分隔島(無柵欄)","無",43,"未使用",120.343064,22.569795,"高雄市","小港區"
"追撞","2020",9,7,23,"晴","夜間(或隧道、地下道、涵洞)有照明",50,"直路","快車道","柏油","乾燥","良好","正常","中央分向島","窄式快慢車道分隔島(無柵欄)","無",58,"未使用",120.343064,22.569795,"高雄市","小港區"
"追撞","2020",9,7,23,"晴","夜間(或隧道、地下道、涵洞)有照明",50,"直路","快車道","柏油","乾燥","良好","正常","中央分向島","窄式快慢車道分隔島(無柵欄)","無",47,"非汽(機)車駕駛人",120.343064,22.569795,"高雄市","小港區"
"路口交岔撞","2020",9,8,0,"陰","夜間(或隧道、地下道、涵洞)有照明",50,"四岔路","交叉路口內","柏油","乾燥","良好","無號誌","無","快慢車道分隔線","無",15,"不明",121.449729,25.102366,"新北市","五股區"
"路口交岔撞","2020",9,8,0,"陰","夜間(或隧道、地下道、涵洞)有照明",50,"四岔路","交叉路口內","柏油","乾燥","良好","無號誌","無","快慢車道分隔線","無",23,"不明",121.449729,25.102366,"新北市","五股區"
"同向擦撞","2020",9,8,11,"晴","日間自然光線",50,"直路","快車道","柏油","乾燥","良好","無號誌","中央分向島","快慢車道分隔線","無",78,"不明",120.331741,22.638347,"高雄市","三民區"
"同向擦撞","2020",9,8,11,"晴","日間自然光線",50,"直路","快車道","柏油","乾燥","良好","無號誌","中央分向島","快慢車道分隔線","無",54,"未使用",120.331741,22.638347,"高雄市","三民區"
"側撞","2020",9,8,15,"晴","日間自然光線",60,"四岔路","交叉路口內","柏油","乾燥","良好","正常","無","未繪設快慢車道分隔線","無",40,"未使用",121.255442,25.050082,"桃園市","蘆竹區"
"側撞","2020",9,8,15,"晴","日間自然光線",60,"四岔路","交叉路口內","柏油","乾燥","良好","正常","無","未繪設快慢車道分隔線","無",32,"未使用",121.255442,25.050082,"桃園市","蘆竹區"
"同向擦撞","2020",9,9,6,"晴","日間自然光線",50,"直路","一般車道(未劃分快慢車道)","柏油","乾燥","良好","無號誌","行車分向線","未繪設快慢車道分隔線","無",46,"未使用",120.606979,24.192539,"臺中市","西屯區"
"同向擦撞","2020",9,9,6,"晴","日間自然光線",50,"直路","一般車道(未劃分快慢車道)","柏油","乾燥","良好","無號誌","行車分向線","未繪設快慢車道分隔線","無",58,"未使用",120.606979,24.192539,"臺中市","西屯區"
"路上翻車、摔倒","2020",9,9,6,"晴","日間自然光線",40,"直路","慢車道","柏油","乾燥","良好","無號誌","行車分向線","快慢車道分隔線","無",109,"",120.361417,22.513167,"高雄市","小港區"
"路上翻車、摔倒","2020",9,9,6,"晴","日間自然光線",40,"直路","慢車道","柏油","乾燥","良好","無號誌","行車分向線","快慢車道分隔線","無",18,"未使用",120.361417,22.513167,"高雄市","小港區"
"路上翻車、摔倒","2020",9,9,6,"晴","日間自然光線",40,"直路","慢車道","柏油","乾燥","良好","無號誌","行車分向線","快慢車道分隔線","無",15,"未使用",120.361417,22.513167,"高雄市","小港區"
"同向擦撞","2020",9,9,7,"晴","日間自然光線",50,"直路","一般車道(未劃分快慢車道)","柏油","乾燥","良好","無號誌","雙向禁止超車線","未繪設快慢車道分隔線","有",65,"不明",121.275328,24.903641,"桃園市","大溪區"
"同向擦撞","2020",9,9,7,"晴","日間自然光線",50,"直路","一般車道(未劃分快慢車道)","柏油","乾燥","良好","無號誌","雙向禁止超車線","未繪設快慢車道分隔線","有",63,"不明",121.275328,24.903641,"桃園市","大溪區"
"對撞","2020",9,9,8,"晴","日間自然光線",50,"直路","快車道","柏油","乾燥","良好","無號誌","行車分向線","快慢車道分隔線","有",81,"未使用",120.4745,22.87476,"高雄市","旗山區"