"事故類型及型態子類別名稱","發生年度","發生月份","發生日期","發生時間","天候名稱","光線名稱","速限.第1當事者","道路型態子類別名稱","事故位置子類別名稱","路面狀況.路面鋪裝名稱","路面狀況.路面狀態名稱","道路障礙.視距品質名稱","號誌.號誌動作名稱","車道劃分設施.分向設施大類別名稱","車道劃分設施.分道設施.快慢車道間名稱","車道劃分設施.分道設施.路面邊線名稱","當事者事故發生時年齡","行動電話或電腦或其他相類功能裝置名稱","經度","緯度","縣市","鄉鎮"
"對撞","2020",9,9,8,"晴","日間自然光線",50,"直路","快車道","柏油","乾燥","良好","無號誌","行車分向線","快慢車道分隔線","有",44,"未使用",120.4745,22.87476,"高雄市","旗山區"
"其他","2020",9,9,11,"晴","日間自然光線",40,"直路","一般車道(未劃分快慢車道)","柏油","乾燥","良好","無號誌","無","未繪設快慢車道分隔線","有",79,"不明",121.822215,24.644197,"宜蘭縣","蘇澳鎮"
"穿越道路中","2020",9,9,19,"晴","夜間(或隧道、地下道、涵洞)有照明",50,"直路","快車道","柏油","乾燥","良好","無號誌","中央分向島","快慢車道分隔線","有",44,"未使用",120.323137,22.668425,"高雄市","三民區"
"穿越道路中","2020",9,9,19,"晴","夜間(或隧道、地下道、涵洞)有照明",50,"直路","快車道","柏油","乾燥","良好","無號誌","中央分向島","快慢車道分隔線","有",74,"非汽(機)車駕駛人",120.323137,22.668425,"高雄市","三民區"
"路口交岔撞","2020",9,9,19,"晴","夜間(或隧道、地下道、涵洞)有照明",60,"四岔路","交叉口附近","柏油","乾燥","良好","正常","中央分向島","快慢車道分隔線","有",39,"未使用",120.627521,24.10411,"臺中市","烏日區"
"路口交岔撞","2020",9,9,19,"晴","夜間(或隧道、地下道、涵洞)有照明",60,"四岔路","交叉口附近","柏油","乾燥","良好","正常","中央分向島","快慢車道分隔線","有",61,"未使用",120.627521,24.10411,"臺中市","烏日區"
"其他","2020",9,9,20,"陰","夜間(或隧道、地下道、涵洞)無照明",70,"三岔路","快車道","柏油","乾燥","良好","正常","中央分向島","快慢車道分隔線","有",47,"未使用",120.644189,22.295697,"屏東縣","枋寮鄉"
"其他","2020",9,9,20,"陰","夜間(或隧道、地下道、涵洞)無照明",70,"三岔路","快車道","柏油","乾燥","良好","正常","中央分向島","快慢車道分隔線","有",53,"未使用",120.644189,22.295697,"屏東縣","枋寮鄉"
"其他","2020",9,9,20,"陰","夜間(或隧道、地下道、涵洞)無照明",70,"三岔路","快車道","柏油","乾燥","良好","正常","中央分向島","快慢車道分隔線","有",66,"非汽(機)車駕駛人",120.644189,22.295697,"屏東縣","枋寮鄉"
"衝出路外","2020",9,10,12,"晴","日間自然光線",50,"直路","其他","柏油","乾燥","良好","無號誌","雙向禁止超車線","未繪設快慢車道分隔線","有",80,"不明",120.382442,23.929621,"彰化縣","二林鎮"
"同向擦撞","2020",9,10,14,"晴","日間自然光線",50,"直路","一般車道(未劃分快慢車道)","柏油","乾燥","良好","正常","中央分向島","未繪設快慢車道分隔線","有",71,"未使用",120.360175,22.758936,"高雄市","燕巢區"
"同向擦撞","2020",9,10,14,"晴","日間自然光線",50,"直路","一般車道(未劃分快慢車道)","柏油","乾燥","良好","正常","中央分向島","未繪設快慢車道分隔線","有",24,"未使用",120.360175,22.758936,"高雄市","燕巢區"
"衝出路外","2020",9,10,22,"陰","夜間(或隧道、地下道、涵洞)有照明",50,"彎曲路及附近","一般車道(未劃分快慢車道)","柏油","濕潤","良好","無號誌","中央分向島","快慢車道分隔線","無",16,"未使用",121.197933,24.920956,"桃園市","平鎮區"
"撞路樹、電桿","2020",9,11,4,"晴","夜間(或隧道、地下道、涵洞)有照明",50,"直路","一般車道(未劃分快慢車道)","柏油","乾燥","良好","無號誌","行車分向線","未繪設快慢車道分隔線","有",38,"未使用",120.545338,22.606486,"屏東縣","內埔鄉"
"追撞","2020",9,11,9,"晴","日間自然光線",50,"四岔路","交叉路口內","柏油","乾燥","良好","正常","無","未繪設快慢車道分隔線","無",52,"未使用",120.298463,22.807505,"高雄市","岡山區"
"追撞","2020",9,11,9,"晴","日間自然光線",50,"四岔路","交叉路口內","柏油","乾燥","良好","正常","無","未繪設快慢車道分隔線","無",41,"未使用",120.298463,22.807505,"高雄市","岡山區"
"同向擦撞","2020",9,11,10,"晴","日間自然光線",50,"直路","一般車道(未劃分快慢車道)","柏油","乾燥","良好","無號誌","雙向禁止超車線","未繪設快慢車道分隔線","有",45,"未使用",120.534645,23.469186,"嘉義縣","番路鄉"
"同向擦撞","2020",9,11,10,"晴","日間自然光線",50,"直路","一般車道(未劃分快慢車道)","柏油","乾燥","良好","無號誌","雙向禁止超車線","未繪設快慢車道分隔線","有",72,"未使用",120.534645,23.469186,"嘉義縣","番路鄉"
"穿越道路中","2020",9,11,22,"晴","夜間(或隧道、地下道、涵洞)有照明",50,"直路","快車道","柏油","乾燥","良好","無號誌","雙向禁止超車線","快慢車道分隔線","有",47,"未使用",120.488983,22.689778,"屏東縣","屏東市"
"穿越道路中","2020",9,11,22,"晴","夜間(或隧道、地下道、涵洞)有照明",50,"直路","快車道","柏油","乾燥","良好","無號誌","雙向禁止超車線","快慢車道分隔線","有",53,"非汽(機)車駕駛人",120.488983,22.689778,"屏東縣","屏東市"
"其他","2020",9,11,22,"晴","夜間(或隧道、地下道、涵洞)有照明",50,"四岔路","交叉口附近","柏油","乾燥","良好","無號誌","雙向禁止超車線","未繪設快慢車道分隔線","有",43,"未使用",120.996243,24.843636,"新竹縣","竹北市"
"其他","2020",9,11,22,"晴","夜間(或隧道、地下道、涵洞)有照明",50,"四岔路","交叉口附近","柏油","乾燥","良好","無號誌","雙向禁止超車線","未繪設快慢車道分隔線","有",64,"非汽(機)車駕駛人",120.996243,24.843636,"新竹縣","竹北市"
"其他","2020",9,11,22,"晴","夜間(或隧道、地下道、涵洞)有照明",50,"四岔路","交叉口附近","柏油","乾燥","良好","無號誌","雙向禁止超車線","未繪設快慢車道分隔線","有",52,"未使用",120.996243,24.843636,"新竹縣","竹北市"
"路口交岔撞","2020",9,12,6,"晴","日間自然光線",70,"三岔路","交叉路口內","柏油","乾燥","良好","正常","中央分向島","快慢車道分隔線","有",79,"未使用",120.696873,24.029894,"臺中市","霧峰區"
"路口交岔撞","2020",9,12,6,"晴","日間自然光線",70,"三岔路","交叉路口內","柏油","乾燥","良好","正常","中央分向島","快慢車道分隔線","有",55,"未使用",120.696873,24.029894,"臺中市","霧峰區"
"路口交岔撞","2020",9,12,6,"晴","日間自然光線",70,"三岔路","交叉路口內","柏油","乾燥","良好","正常","中央分向島","快慢車道分隔線","有",63,"未使用",120.696873,24.029894,"臺中市","霧峰區"
"同向擦撞","2020",9,12,21,"陰","夜間(或隧道、地下道、涵洞)有照明",50,"四岔路","交叉路口內","柏油","濕潤","良好","正常","無","未繪設快慢車道分隔線","無",65,"未使用",121.743984,25.130468,"基隆市","仁愛區"
"同向擦撞","2020",9,12,21,"陰","夜間(或隧道、地下道、涵洞)有照明",50,"四岔路","交叉路口內","柏油","濕潤","良好","正常","無","未繪設快慢車道分隔線","無",61,"未使用",121.743984,25.130468,"基隆市","仁愛區"
"同向擦撞","2020",9,12,21,"陰","夜間(或隧道、地下道、涵洞)有照明",50,"四岔路","交叉路口內","柏油","濕潤","良好","正常","無","未繪設快慢車道分隔線","無",61,"非汽(機)車駕駛人",121.743984,25.130468,"基隆市","仁愛區"
"對撞","2020",9,12,22,"陰","夜間(或隧道、地下道、涵洞)有照明",50,"直路","一般車道(未劃分快慢車道)","柏油","濕潤","良好","無號誌","雙向禁止超車線","未繪設快慢車道分隔線","有",42,"不明",121.63824,25.073213,"新北市","汐止區"
"對撞","2020",9,12,22,"陰","夜間(或隧道、地下道、涵洞)有照明",50,"直路","一般車道(未劃分快慢車道)","柏油","濕潤","良好","無號誌","雙向禁止超車線","未繪設快慢車道分隔線","有",49,"未使用",121.63824,25.073213,"新北市","汐止區"
"路上翻車、摔倒","2020",9,13,3,"晴","夜間(或隧道、地下道、涵洞)有照明",50,"直路","一般車道(未劃分快慢車道)","柏油","濕潤","良好","無號誌","雙向禁止超車線","未繪設快慢車道分隔線","有",15,"未使用",121.642364,25.09741,"新北市","汐止區"
"其他","2020",9,13,19,"晴","夜間(或隧道、地下道、涵洞)有照明",30,"彎曲路及附近","一般車道(未劃分快慢車道)","柏油","乾燥","良好","無號誌","無","未繪設快慢車道分隔線","有",69,"不明",120.538032,24.036331,"彰化縣","花壇鄉"
"路口交岔撞","2020",9,13,20,"晴","夜間(或隧道、地下道、涵洞)有照明",70,"四岔路","交叉路口內","柏油","乾燥","良好","正常","無","未繪設快慢車道分隔線","無",49,"未使用",120.287915,23.012871,"臺南市","永康區"
"路口交岔撞","2020",9,13,20,"晴","夜間(或隧道、地下道、涵洞)有照明",70,"四岔路","交叉路口內","柏油","乾燥","良好","正常","無","未繪設快慢車道分隔線","無",39,"未使用",120.287915,23.012871,"臺南市","永康區"
"路口交岔撞","2020",9,13,20,"晴","夜間(或隧道、地下道、涵洞)有照明",70,"四岔路","交叉路口內","柏油","乾燥","良好","正常","無","未繪設快慢車道分隔線","無",8,"非汽(機)車駕駛人",120.287915,23.012871,"臺南市","永康區"
"路口交岔撞","2020",9,13,20,"晴","夜間(或隧道、地下道、涵洞)有照明",70,"四岔路","交叉路口內","柏油","乾燥","良好","正常","無","未繪設快慢車道分隔線","無",3,"非汽(機)車駕駛人",120.287915,23.012871,"臺南市","永康區"
"側撞","2020",9,14,6,"晴","日間自然光線",50,"四岔路","交叉路口內","柏油","乾燥","良好","正常","無","未繪設快慢車道分隔線","無",22,"不明",120.475055,23.522302,"嘉義縣","民雄鄉"
"側撞","2020",9,14,6,"晴","日間自然光線",50,"四岔路","交叉路口內","柏油","乾燥","良好","正常","無","未繪設快慢車道分隔線","無",89,"未使用",120.475055,23.522302,"嘉義縣","民雄鄉"
"路口交岔撞","2020",9,14,7,"晴","日間自然光線",30,"四岔路","一般車道(未劃分快慢車道)","柏油","乾燥","良好","無號誌","無","未繪設快慢車道分隔線","有",73,"不明",120.355875,23.865584,"彰化縣","二林鎮"
"路口交岔撞","2020",9,14,7,"晴","日間自然光線",30,"四岔路","一般車道(未劃分快慢車道)","柏油","乾燥","良好","無號誌","無","未繪設快慢車道分隔線","有",17,"未使用",120.355875,23.865584,"彰化縣","二林鎮"
"穿越道路中","2020",9,14,9,"晴","日間自然光線",50,"直路","快車道","柏油","乾燥","良好","無號誌","雙向禁止超車線","未繪設快慢車道分隔線","有",28,"未使用",120.206015,22.995645,"臺南市","西區"
"穿越道路中","2020",9,14,9,"晴","日間自然光線",50,"直路","快車道","柏油","乾燥","良好","無號誌","雙向禁止超車線","未繪設快慢車道分隔線","有",27,"未使用",120.206015,22.995645,"臺南市","西區"
"穿越道路中","2020",9,14,9,"晴","日間自然光線",50,"直路","快車道","柏油","乾燥","良好","無號誌","雙向禁止超車線","未繪設快慢車道分隔線","有",87,"未使用",120.206015,22.995645,"臺南市","西區"
"其他","2020",9,14,10,"晴","日間自然光線",60,"直路","快車道","柏油","乾燥","良好","無號誌","中央分向島","未繪設快慢車道分隔線","有",39,"未使用",120.411691,22.56154,"高雄市","大寮區"
"其他","2020",9,14,10,"晴","日間自然光線",60,"直路","快車道","柏油","乾燥","良好","無號誌","中央分向島","未繪設快慢車道分隔線","有",52,"未使用",120.411691,22.56154,"高雄市","大寮區"
"側撞","2020",9,14,10,"晴","日間自然光線",50,"直路","一般車道(未劃分快慢車道)","柏油","乾燥","良好","正常","無","未繪設快慢車道分隔線","有",43,"未使用",120.2604,22.991177,"臺南市","仁德區"
"側撞","2020",9,14,10,"晴","日間自然光線",50,"直路","一般車道(未劃分快慢車道)","柏油","乾燥","良好","正常","無","未繪設快慢車道分隔線","有",28,"未使用",120.2604,22.991177,"臺南市","仁德區"
"路口交岔撞","2020",9,14,11,"晴","日間自然光線",50,"三岔路","交叉路口內","柏油","乾燥","良好","正常","無","未繪設快慢車道分隔線","無",69,"未使用",120.342776,22.583046,"高雄市","小港區"
"路口交岔撞","2020",9,14,11,"晴","日間自然光線",50,"三岔路","交叉路口內","柏油","乾燥","良好","正常","無","未繪設快慢車道分隔線","無",31,"未使用",120.342776,22.583046,"高雄市","小港區"
"撞路樹、電桿","2020",9,14,13,"晴","日間自然光線",50,"四岔路","路肩、路緣","柏油","乾燥","良好","無號誌","雙向禁止超車線","快慢車道分隔線","有",26,"未使用",120.346009,23.406714,"嘉義縣","鹿草鄉"
"撞路樹、電桿","2020",9,14,13,"晴","日間自然光線",50,"四岔路","路肩、路緣","柏油","乾燥","良好","無號誌","雙向禁止超車線","快慢車道分隔線","有",39,"非汽(機)車駕駛人",120.346009,23.406714,"嘉義縣","鹿草鄉"
"路口交岔撞","2020",9,15,10,"晴","日間自然光線",50,"四岔路","交叉路口內","柏油","乾燥","良好","無號誌","無","未繪設快慢車道分隔線","無",32,"不明",121.410759,25.15497,"新北市","八里區"
"路口交岔撞","2020",9,15,10,"晴","日間自然光線",50,"四岔路","交叉路口內","柏油","乾燥","良好","無號誌","無","未繪設快慢車道分隔線","無",62,"不明",121.410759,25.15497,"新北市","八里區"
"追撞","2020",9,15,16,"晴","日間自然光線",100,"高架道路","快車道","柏油","乾燥","良好","無號誌","無","未繪設快慢車道分隔線","有",28,"未使用",121.314763,25.046246,"桃園市","蘆竹區"
"追撞","2020",9,15,16,"晴","日間自然光線",100,"高架道路","快車道","柏油","乾燥","良好","無號誌","無","未繪設快慢車道分隔線","有",54,"未使用",121.314763,25.046246,"桃園市","蘆竹區"
"追撞","2020",9,15,16,"晴","日間自然光線",100,"高架道路","快車道","柏油","乾燥","良好","無號誌","無","未繪設快慢車道分隔線","有",22,"未使用",121.314763,25.046246,"桃園市","蘆竹區"
"追撞","2020",9,15,16,"晴","日間自然光線",100,"高架道路","快車道","柏油","乾燥","良好","無號誌","無","未繪設快慢車道分隔線","有",26,"未使用",121.314763,25.046246,"桃園市","蘆竹區"
"路口交岔撞","2020",9,15,22,"晴","夜間(或隧道、地下道、涵洞)有照明",50,"四岔路","交叉路口內","柏油","乾燥","良好","正常","無","未繪設快慢車道分隔線","無",31,"未使用",120.2812,22.62443,"高雄市","鹽埕區"
"路口交岔撞","2020",9,15,22,"晴","夜間(或隧道、地下道、涵洞)有照明",50,"四岔路","交叉路口內","柏油","乾燥","良好","正常","無","未繪設快慢車道分隔線","無",19,"未使用",120.2812,22.62443,"高雄市","鹽埕區"
"同向擦撞","2020",9,16,7,"晴","日間自然光線",50,"直路","一般車道(未劃分快慢車道)","柏油","乾燥","良好","無號誌","行車分向線","未繪設快慢車道分隔線","有",57,"未使用",120.446456,23.722149,"雲林縣","虎尾鎮"
"同向擦撞","2020",9,16,7,"晴","日間自然光線",50,"直路","一般車道(未劃分快慢車道)","柏油","乾燥","良好","無號誌","行車分向線","未繪設快慢車道分隔線","有",42,"未使用",120.446456,23.722149,"雲林縣","虎尾鎮"
"同向擦撞","2020",9,16,7,"晴","日間自然光線",50,"直路","一般車道(未劃分快慢車道)","柏油","乾燥","良好","無號誌","行車分向線","未繪設快慢車道分隔線","有",39,"未使用",120.446456,23.722149,"雲林縣","虎尾鎮"
"其他","2020",9,16,12,"晴","日間自然光線",50,"直路","一般車道(未劃分快慢車道)","柏油","乾燥","良好","無號誌","行車分向線","未繪設快慢車道分隔線","無",68,"未使用",121.462375,25.121215,"臺北市","北投區"
"其他","2020",9,16,12,"晴","日間自然光線",50,"直路","一般車道(未劃分快慢車道)","柏油","乾燥","良好","無號誌","行車分向線","未繪設快慢車道分隔線","無",66,"未使用",121.462375,25.121215,"臺北市","北投區"
"其他","2020",9,16,19,"晴","夜間(或隧道、地下道、涵洞)有照明",40,"直路","一般車道(未劃分快慢車道)","柏油","乾燥","良好","無號誌","無","未繪設快慢車道分隔線","無",64,"未使用",120.497377,23.88957,"彰化縣","埤頭鄉"
"其他","2020",9,17,8,"晴","日間自然光線",30,"直路","一般車道(未劃分快慢車道)","柏油","乾燥","良好","無號誌","無","未繪設快慢車道分隔線","無",66,"未使用",120.188701,23.457693,"嘉義縣","東石鄉"
"同向擦撞","2020",9,17,10,"晴","日間自然光線",60,"多岔路","交叉口附近","柏油","乾燥","良好","正常","中央分向島","未繪設快慢車道分隔線","無",84,"不明",120.885215,24.682415,"苗栗縣","頭份市"
"同向擦撞","2020",9,17,10,"晴","日間自然光線",60,"多岔路","交叉口附近","柏油","乾燥","良好","正常","中央分向島","未繪設快慢車道分隔線","無",24,"未使用",120.885215,24.682415,"苗栗縣","頭份市"
"側撞","2020",9,17,10,"晴","日間自然光線",60,"直路","一般車道(未劃分快慢車道)","柏油","乾燥","良好","無號誌","中央分向島","未繪設快慢車道分隔線","有",48,"不明",120.373257,23.790675,"雲林縣","二崙鄉"
"側撞","2020",9,17,10,"晴","日間自然光線",60,"直路","一般車道(未劃分快慢車道)","柏油","乾燥","良好","無號誌","中央分向島","未繪設快慢車道分隔線","有",87,"未使用",120.373257,23.790675,"雲林縣","二崙鄉"
"其他","2020",9,17,15,"晴","日間自然光線",40,"直路","路肩、路緣","柏油","乾燥","良好","無號誌","中央分向島","快慢車道分隔線","有",39,"不明",120.554615,24.006631,"彰化縣","花壇鄉"
"其他","2020",9,17,15,"晴","日間自然光線",40,"直路","路肩、路緣","柏油","乾燥","良好","無號誌","中央分向島","快慢車道分隔線","有",32,"不明",120.554615,24.006631,"彰化縣","花壇鄉"
"其他","2020",9,17,15,"晴","日間自然光線",40,"直路","路肩、路緣","柏油","乾燥","良好","無號誌","中央分向島","快慢車道分隔線","有",25,"不明",120.554615,24.006631,"彰化縣","花壇鄉"
"其他","2020",9,17,15,"晴","日間自然光線",40,"直路","路肩、路緣","柏油","乾燥","良好","無號誌","中央分向島","快慢車道分隔線","有",21,"未使用",120.554615,24.006631,"彰化縣","花壇鄉"
"其他","2020",9,17,15,"晴","日間自然光線",40,"直路","路肩、路緣","柏油","乾燥","良好","無號誌","中央分向島","快慢車道分隔線","有",75,"未使用",120.554615,24.006631,"彰化縣","花壇鄉"
"路口交岔撞","2020",9,17,17,"晴","日間自然光線",30,"四岔路","交叉路口內","柏油","乾燥","良好","無號誌","無","未繪設快慢車道分隔線","無",24,"未使用",120.569974,24.241587,"臺中市","沙鹿區"
"路口交岔撞","2020",9,17,17,"晴","日間自然光線",30,"四岔路","交叉路口內","柏油","乾燥","良好","無號誌","無","未繪設快慢車道分隔線","無",34,"未使用",120.569974,24.241587,"臺中市","沙鹿區"
"側撞","2020",9,17,19,"晴","夜間(或隧道、地下道、涵洞)有照明",60,"直路","一般車道(未劃分快慢車道)","柏油","乾燥","良好","無號誌","雙向禁止超車線","未繪設快慢車道分隔線","有",23,"未使用",120.644301,24.087235,"臺中市","烏日區"
"側撞","2020",9,17,19,"晴","夜間(或隧道、地下道、涵洞)有照明",60,"直路","一般車道(未劃分快慢車道)","柏油","乾燥","良好","無號誌","雙向禁止超車線","未繪設快慢車道分隔線","有",34,"未使用",120.644301,24.087235,"臺中市","烏日區"
"衝出路外","2020",9,17,20,"晴","夜間(或隧道、地下道、涵洞)有照明",60,"直路","路肩、路緣","柏油","乾燥","良好","無號誌","中央分向島","快慢車道分隔線","有",37,"不明",120.222863,23.691094,"雲林縣","臺西鄉"
"路口交岔撞","2020",9,18,7,"晴","日間自然光線",30,"四岔路","交叉路口內","柏油","乾燥","良好","無號誌","無","未繪設快慢車道分隔線","無",59,"不明",120.384437,23.692854,"雲林縣","土庫鎮"
"路口交岔撞","2020",9,18,7,"晴","日間自然光線",30,"四岔路","交叉路口內","柏油","乾燥","良好","無號誌","無","未繪設快慢車道分隔線","無",59,"未使用",120.384437,23.692854,"雲林縣","土庫鎮"
"撞護欄(樁)","2020",9,18,10,"晴","日間自然光線",60,"直路","一般車道(未劃分快慢車道)","柏油","乾燥","良好","正常","行車分向線","未繪設快慢車道分隔線","有",48,"未使用",120.786304,24.611013,"苗栗縣","後龍鎮"
"路口交岔撞","2020",9,18,13,"晴","日間自然光線",50,"四岔路","交叉路口內","柏油","乾燥","不良","無號誌","無","未繪設快慢車道分隔線","無",29,"未使用",121.22353,25.094574,"桃園市","大園區"
"路口交岔撞","2020",9,18,13,"晴","日間自然光線",50,"四岔路","交叉路口內","柏油","乾燥","不良","無號誌","無","未繪設快慢車道分隔線","無",50,"未使用",121.22353,25.094574,"桃園市","大園區"
"路口交岔撞","2020",9,18,13,"晴","日間自然光線",50,"四岔路","交叉路口內","柏油","乾燥","不良","無號誌","無","未繪設快慢車道分隔線","無",31,"非汽(機)車駕駛人",121.22353,25.094574,"桃園市","大園區"
"側撞","2020",9,18,15,"晴","晨或暮光",60,"三岔路","交叉口附近","柏油","乾燥","良好","無號誌","雙向禁止超車線","快慢車道分隔線","有",72,"未使用",121.179062,23.091002,"臺東縣","關山鎮"
"側撞","2020",9,18,15,"晴","晨或暮光",60,"三岔路","交叉口附近","柏油","乾燥","良好","無號誌","雙向禁止超車線","快慢車道分隔線","有",48,"未使用",121.179062,23.091002,"臺東縣","關山鎮"
"側撞","2020",9,18,15,"晴","晨或暮光",60,"三岔路","交叉口附近","柏油","乾燥","良好","無號誌","雙向禁止超車線","快慢車道分隔線","有",73,"非汽(機)車駕駛人",121.179062,23.091002,"臺東縣","關山鎮"
"路口交岔撞","2020",9,19,7,"晴","日間自然光線",30,"四岔路","交叉路口內","柏油","乾燥","良好","無號誌","無","未繪設快慢車道分隔線","無",38,"未使用",120.639146,24.448771,"苗栗縣","苑裡鎮"
"路口交岔撞","2020",9,19,7,"晴","日間自然光線",30,"四岔路","交叉路口內","柏油","乾燥","良好","無號誌","無","未繪設快慢車道分隔線","無",64,"未使用",120.639146,24.448771,"苗栗縣","苑裡鎮"
"側撞","2020",9,19,11,"晴","日間自然光線",50,"三岔路","交叉口附近","柏油","乾燥","良好","正常","無","未繪設快慢車道分隔線","無",58,"未使用",121.529178,24.948349,"新北市","新店區"
"側撞","2020",9,19,11,"晴","日間自然光線",50,"三岔路","交叉口附近","柏油","乾燥","良好","正常","無","未繪設快慢車道分隔線","無",42,"未使用",121.529178,24.948349,"新北市","新店區"
"側撞","2020",9,19,11,"晴","日間自然光線",50,"三岔路","交叉口附近","柏油","乾燥","良好","正常","無","未繪設快慢車道分隔線","無",6,"非汽(機)車駕駛人",121.529178,24.948349,"新北市","新店區"
"側撞","2020",9,19,11,"晴","日間自然光線",50,"三岔路","交叉口附近","柏油","乾燥","良好","正常","無","未繪設快慢車道分隔線","無",10,"未使用",121.529178,24.948349,"新北市","新店區"
"撞路樹、電桿","2020",9,19,11,"晴","日間自然光線",70,"直路","路肩、路緣","柏油","乾燥","良好","無號誌","中央分向島","未繪設快慢車道分隔線","有",69,"不明",121.448756,23.740834,"花蓮縣","鳳林鎮"
"撞路樹、電桿","2020",9,19,11,"晴","日間自然光線",70,"直路","路肩、路緣","柏油","乾燥","良好","無號誌","中央分向島","未繪設快慢車道分隔線","有",68,"非汽(機)車駕駛人",121.448756,23.740834,"花蓮縣","鳳林鎮"
"撞路樹、電桿","2020",9,19,11,"晴","日間自然光線",70,"直路","路肩、路緣","柏油","乾燥","良好","無號誌","中央分向島","未繪設快慢車道分隔線","有",69,"非汽(機)車駕駛人",121.448756,23.740834,"花蓮縣","鳳林鎮"
"撞路樹、電桿","2020",9,19,11,"晴","日間自然光線",70,"直路","路肩、路緣","柏油","乾燥","良好","無號誌","中央分向島","未繪設快慢車道分隔線","有",55,"非汽(機)車駕駛人",121.448756,23.740834,"花蓮縣","鳳林鎮"
"側撞","2020",9,19,15,"陰","日間自然光線",50,"四岔路","交叉路口內","柏油","乾燥","良好","正常","無","快慢車道分隔線","無",40,"未使用",121.560468,24.954717,"新北市","新店區"
"側撞","2020",9,19,15,"陰","日間自然光線",50,"四岔路","交叉路口內","柏油","乾燥","良好","正常","無","快慢車道分隔線","無",22,"未使用",121.560468,24.954717,"新北市","新店區"
"路口交岔撞","2020",9,19,18,"晴","夜間(或隧道、地下道、涵洞)有照明",50,"四岔路","交叉路口內","柏油","乾燥","良好","正常","無","未繪設快慢車道分隔線","無",35,"未使用",120.269253,23.141669,"臺南市","善化區"
"路口交岔撞","2020",9,19,18,"晴","夜間(或隧道、地下道、涵洞)有照明",50,"四岔路","交叉路口內","柏油","乾燥","良好","正常","無","未繪設快慢車道分隔線","無",58,"未使用",120.269253,23.141669,"臺南市","善化區"
"撞護欄(樁)","2020",9,19,21,"晴","夜間(或隧道、地下道、涵洞)有照明",50,"直路","一般車道(未劃分快慢車道)","柏油","乾燥","良好","無號誌","雙向禁止超車線","未繪設快慢車道分隔線","無",24,"未使用",120.572605,24.197775,"臺中市","沙鹿區"
"撞護欄(樁)","2020",9,19,21,"晴","夜間(或隧道、地下道、涵洞)有照明",50,"直路","一般車道(未劃分快慢車道)","柏油","乾燥","良好","無號誌","雙向禁止超車線","未繪設快慢車道分隔線","無",34,"未使用",120.572605,24.197775,"臺中市","沙鹿區"
"側撞","2020",9,20,3,"陰","夜間(或隧道、地下道、涵洞)有照明",50,"四岔路","交叉路口內","柏油","濕潤","良好","正常","雙向禁止超車線","快慢車道分隔線","有",70,"未使用",120.276186,23.579772,"雲林縣","北港鎮"
"側撞","2020",9,20,3,"陰","夜間(或隧道、地下道、涵洞)有照明",50,"四岔路","交叉路口內","柏油","濕潤","良好","正常","雙向禁止超車線","快慢車道分隔線","有",68,"未使用",120.276186,23.579772,"雲林縣","北港鎮"
"追撞","2020",9,20,5,"晴","晨或暮光",70,"橋樑","機車優先道","柏油","乾燥","良好","無號誌","中央分向島","快慢車道分隔線","有",23,"未使用",120.173914,23.02339,"臺南市","南區"
"追撞","2020",9,20,5,"晴","晨或暮光",70,"橋樑","機車優先道","柏油","乾燥","良好","無號誌","中央分向島","快慢車道分隔線","有",44,"未使用",120.173914,23.02339,"臺南市","南區"
"撞路樹、電桿","2020",9,20,12,"晴","日間自然光線",60,"直路","路肩、路緣","柏油","乾燥","良好","無號誌","單向禁止超車線","未繪設快慢車道分隔線","有",44,"不明",120.459586,22.494634,"屏東縣","新園鄉"
"撞路樹、電桿","2020",9,20,12,"晴","日間自然光線",60,"直路","路肩、路緣","柏油","乾燥","良好","無號誌","單向禁止超車線","未繪設快慢車道分隔線","有",49,"不明",120.459586,22.494634,"屏東縣","新園鄉"
"衝出路外","2020",9,20,16,"雨","日間自然光線",30,"坡路","路肩、路緣","柏油","濕潤","良好","無號誌","無","未繪設快慢車道分隔線","有",47,"未使用",121.643924,25.019186,"新北市","石碇區"
"衝出路外","2020",9,20,16,"雨","日間自然光線",30,"坡路","路肩、路緣","柏油","濕潤","良好","無號誌","無","未繪設快慢車道分隔線","有",43,"未使用",121.643924,25.019186,"新北市","石碇區"
"衝出路外","2020",9,20,16,"雨","日間自然光線",30,"坡路","路肩、路緣","柏油","濕潤","良好","無號誌","無","未繪設快慢車道分隔線","有",67,"未使用",121.643924,25.019186,"新北市","石碇區"
"衝出路外","2020",9,20,16,"雨","日間自然光線",30,"坡路","路肩、路緣","柏油","濕潤","良好","無號誌","無","未繪設快慢車道分隔線","有",57,"未使用",121.643924,25.019186,"新北市","石碇區"
"側撞","2020",9,21,11,"晴","日間自然光線",60,"直路","快車道","柏油","乾燥","良好","無號誌","中央分向島","快慢車道分隔線","有",27,"未使用",120.690027,23.999618,"南投縣","草屯鎮"
"側撞","2020",9,21,11,"晴","日間自然光線",60,"直路","快車道","柏油","乾燥","良好","無號誌","中央分向島","快慢車道分隔線","有",76,"未使用",120.690027,23.999618,"南投縣","草屯鎮"