"事故類型及型態子類別名稱","發生年度","發生月份","發生日期","發生時間","天候名稱","光線名稱","速限.第1當事者","道路型態子類別名稱","事故位置子類別名稱","路面狀況.路面鋪裝名稱","路面狀況.路面狀態名稱","道路障礙.視距品質名稱","號誌.號誌動作名稱","車道劃分設施.分向設施大類別名稱","車道劃分設施.分道設施.快慢車道間名稱","車道劃分設施.分道設施.路面邊線名稱","當事者事故發生時年齡","行動電話或電腦或其他相類功能裝置名稱","經度","緯度","縣市","鄉鎮"
"穿越道路中","2020",9,21,17,"晴","日間自然光線",50,"直路","一般車道(未劃分快慢車道)","柏油","乾燥","良好","無號誌","雙向禁止超車線","未繪設快慢車道分隔線","有",19,"未使用",121.054259,24.919053,"新竹縣","湖口鄉"
"穿越道路中","2020",9,21,17,"晴","日間自然光線",50,"直路","一般車道(未劃分快慢車道)","柏油","乾燥","良好","無號誌","雙向禁止超車線","未繪設快慢車道分隔線","有",19,"未使用",121.054259,24.919053,"新竹縣","湖口鄉"
"穿越道路中","2020",9,21,17,"晴","日間自然光線",50,"直路","一般車道(未劃分快慢車道)","柏油","乾燥","良好","無號誌","雙向禁止超車線","未繪設快慢車道分隔線","有",52,"未使用",121.054259,24.919053,"新竹縣","湖口鄉"
"穿越道路中","2020",9,21,17,"晴","日間自然光線",50,"直路","一般車道(未劃分快慢車道)","柏油","乾燥","良好","無號誌","雙向禁止超車線","未繪設快慢車道分隔線","有",56,"未使用",121.054259,24.919053,"新竹縣","湖口鄉"
"穿越道路中","2020",9,21,17,"晴","日間自然光線",50,"直路","一般車道(未劃分快慢車道)","柏油","乾燥","良好","無號誌","雙向禁止超車線","未繪設快慢車道分隔線","有",77,"非汽(機)車駕駛人",121.054259,24.919053,"新竹縣","湖口鄉"
"其他","2020",9,21,20,"晴","夜間(或隧道、地下道、涵洞)有照明",50,"四岔路","交叉口附近","柏油","乾燥","良好","正常","中央分向島","未繪設快慢車道分隔線","無",26,"不明",121.570849,25.081454,"臺北市","內湖區"
"其他","2020",9,21,20,"晴","夜間(或隧道、地下道、涵洞)有照明",50,"四岔路","交叉口附近","柏油","乾燥","良好","正常","中央分向島","未繪設快慢車道分隔線","無",29,"不明",121.570849,25.081454,"臺北市","內湖區"
"其他","2020",9,21,20,"晴","夜間(或隧道、地下道、涵洞)有照明",50,"四岔路","交叉口附近","柏油","乾燥","良好","正常","中央分向島","未繪設快慢車道分隔線","無",28,"不明",121.570849,25.081454,"臺北市","內湖區"
"其他","2020",9,21,20,"晴","夜間(或隧道、地下道、涵洞)有照明",50,"四岔路","交叉口附近","柏油","乾燥","良好","正常","中央分向島","未繪設快慢車道分隔線","無",37,"不明",121.570849,25.081454,"臺北市","內湖區"
"其他","2020",9,21,20,"晴","夜間(或隧道、地下道、涵洞)有照明",50,"四岔路","交叉口附近","柏油","乾燥","良好","正常","中央分向島","未繪設快慢車道分隔線","無",38,"不明",121.570849,25.081454,"臺北市","內湖區"
"其他","2020",9,21,20,"晴","夜間(或隧道、地下道、涵洞)有照明",50,"四岔路","交叉口附近","柏油","乾燥","良好","正常","中央分向島","未繪設快慢車道分隔線","無",47,"不明",121.570849,25.081454,"臺北市","內湖區"
"其他","2020",9,21,20,"晴","夜間(或隧道、地下道、涵洞)有照明",50,"四岔路","交叉口附近","柏油","乾燥","良好","正常","中央分向島","未繪設快慢車道分隔線","無",29,"不明",121.570849,25.081454,"臺北市","內湖區"
"其他","2020",9,21,20,"晴","夜間(或隧道、地下道、涵洞)有照明",50,"四岔路","交叉口附近","柏油","乾燥","良好","正常","中央分向島","未繪設快慢車道分隔線","無",30,"不明",121.570849,25.081454,"臺北市","內湖區"
"其他","2020",9,21,20,"晴","夜間(或隧道、地下道、涵洞)有照明",50,"四岔路","交叉口附近","柏油","乾燥","良好","正常","中央分向島","未繪設快慢車道分隔線","無",38,"不明",121.570849,25.081454,"臺北市","內湖區"
"其他","2020",9,21,20,"晴","夜間(或隧道、地下道、涵洞)有照明",50,"四岔路","交叉口附近","柏油","乾燥","良好","正常","中央分向島","未繪設快慢車道分隔線","無",36,"不明",121.570849,25.081454,"臺北市","內湖區"
"其他","2020",9,21,20,"晴","夜間(或隧道、地下道、涵洞)有照明",50,"四岔路","交叉口附近","柏油","乾燥","良好","正常","中央分向島","未繪設快慢車道分隔線","無",52,"不明",121.570849,25.081454,"臺北市","內湖區"
"其他","2020",9,21,20,"晴","夜間(或隧道、地下道、涵洞)有照明",50,"四岔路","交叉口附近","柏油","乾燥","良好","正常","中央分向島","未繪設快慢車道分隔線","無",44,"不明",121.570849,25.081454,"臺北市","內湖區"
"其他","2020",9,21,20,"晴","夜間(或隧道、地下道、涵洞)有照明",50,"四岔路","交叉口附近","柏油","乾燥","良好","正常","中央分向島","未繪設快慢車道分隔線","無",47,"不明",121.570849,25.081454,"臺北市","內湖區"
"其他","2020",9,21,20,"晴","夜間(或隧道、地下道、涵洞)有照明",50,"四岔路","交叉口附近","柏油","乾燥","良好","正常","中央分向島","未繪設快慢車道分隔線","無",53,"不明",121.570849,25.081454,"臺北市","內湖區"
"其他","2020",9,21,20,"晴","夜間(或隧道、地下道、涵洞)有照明",50,"四岔路","交叉口附近","柏油","乾燥","良好","正常","中央分向島","未繪設快慢車道分隔線","無",41,"不明",121.570849,25.081454,"臺北市","內湖區"
"其他","2020",9,21,20,"晴","夜間(或隧道、地下道、涵洞)有照明",50,"四岔路","交叉口附近","柏油","乾燥","良好","正常","中央分向島","未繪設快慢車道分隔線","無",32,"不明",121.570849,25.081454,"臺北市","內湖區"
"其他","2020",9,21,20,"晴","夜間(或隧道、地下道、涵洞)有照明",50,"四岔路","交叉口附近","柏油","乾燥","良好","正常","中央分向島","未繪設快慢車道分隔線","無",29,"不明",121.570849,25.081454,"臺北市","內湖區"
"其他","2020",9,21,20,"晴","夜間(或隧道、地下道、涵洞)有照明",50,"四岔路","交叉口附近","柏油","乾燥","良好","正常","中央分向島","未繪設快慢車道分隔線","無",48,"不明",121.570849,25.081454,"臺北市","內湖區"
"其他","2020",9,21,20,"晴","夜間(或隧道、地下道、涵洞)有照明",50,"四岔路","交叉口附近","柏油","乾燥","良好","正常","中央分向島","未繪設快慢車道分隔線","無",54,"不明",121.570849,25.081454,"臺北市","內湖區"
"其他","2020",9,21,20,"晴","夜間(或隧道、地下道、涵洞)有照明",50,"四岔路","交叉口附近","柏油","乾燥","良好","正常","中央分向島","未繪設快慢車道分隔線","無",34,"不明",121.570849,25.081454,"臺北市","內湖區"
"其他","2020",9,21,20,"晴","夜間(或隧道、地下道、涵洞)有照明",50,"四岔路","交叉口附近","柏油","乾燥","良好","正常","中央分向島","未繪設快慢車道分隔線","無",38,"不明",121.570849,25.081454,"臺北市","內湖區"
"其他","2020",9,21,20,"晴","夜間(或隧道、地下道、涵洞)有照明",50,"四岔路","交叉口附近","柏油","乾燥","良好","正常","中央分向島","未繪設快慢車道分隔線","無",44,"不明",121.570849,25.081454,"臺北市","內湖區"
"其他","2020",9,21,20,"晴","夜間(或隧道、地下道、涵洞)有照明",50,"四岔路","交叉口附近","柏油","乾燥","良好","正常","中央分向島","未繪設快慢車道分隔線","無",47,"未使用",121.570849,25.081454,"臺北市","內湖區"
"其他","2020",9,21,20,"晴","夜間(或隧道、地下道、涵洞)有照明",50,"四岔路","交叉口附近","柏油","乾燥","良好","正常","中央分向島","未繪設快慢車道分隔線","無",53,"非汽(機)車駕駛人",121.570849,25.081454,"臺北市","內湖區"
"其他","2020",9,21,20,"晴","夜間(或隧道、地下道、涵洞)有照明",50,"四岔路","交叉口附近","柏油","乾燥","良好","正常","中央分向島","未繪設快慢車道分隔線","無",38,"未使用",121.570849,25.081454,"臺北市","內湖區"
"其他","2020",9,21,20,"晴","夜間(或隧道、地下道、涵洞)有照明",50,"四岔路","交叉口附近","柏油","乾燥","良好","正常","中央分向島","未繪設快慢車道分隔線","無",45,"未使用",121.570849,25.081454,"臺北市","內湖區"
"穿越道路中","2020",9,22,8,"晴","日間自然光線",50,"四岔路","行人穿越道","柏油","乾燥","良好","正常","無","未繪設快慢車道分隔線","無",42,"不明",120.65457,24.140082,"臺中市","南屯區"
"穿越道路中","2020",9,22,8,"晴","日間自然光線",50,"四岔路","行人穿越道","柏油","乾燥","良好","正常","無","未繪設快慢車道分隔線","無",86,"非汽(機)車駕駛人",120.65457,24.140082,"臺中市","南屯區"
"撞路樹、電桿","2020",9,22,17,"晴","日間自然光線",40,"直路","路肩、路緣","柏油","乾燥","良好","無號誌","無","未繪設快慢車道分隔線","有",19,"未使用",121.114494,24.667482,"新竹縣","竹東鎮"
"撞路樹、電桿","2020",9,22,18,"晴","夜間(或隧道、地下道、涵洞)有照明",50,"直路","一般車道(未劃分快慢車道)","柏油","乾燥","良好","無號誌","行車分向線","未繪設快慢車道分隔線","有",56,"未使用",121.274217,24.940888,"桃園市","八德區"
"路口交岔撞","2020",9,22,21,"晴","夜間(或隧道、地下道、涵洞)有照明",50,"四岔路","交叉路口內","柏油","乾燥","良好","正常","中央分向島","快慢車道分隔線","無",27,"不明",120.3125,22.72056,"高雄市","楠梓區"
"路口交岔撞","2020",9,22,21,"晴","夜間(或隧道、地下道、涵洞)有照明",50,"四岔路","交叉路口內","柏油","乾燥","良好","正常","中央分向島","快慢車道分隔線","無",39,"不明",120.3125,22.72056,"高雄市","楠梓區"
"路口交岔撞","2020",9,22,21,"晴","夜間(或隧道、地下道、涵洞)有照明",50,"四岔路","交叉路口內","柏油","乾燥","良好","正常","中央分向島","快慢車道分隔線","無",63,"不明",120.3125,22.72056,"高雄市","楠梓區"
"路口交岔撞","2020",9,22,21,"晴","夜間(或隧道、地下道、涵洞)有照明",50,"四岔路","交叉路口內","柏油","乾燥","良好","正常","中央分向島","快慢車道分隔線","無",47,"不明",120.3125,22.72056,"高雄市","楠梓區"
"路口交岔撞","2020",9,22,21,"晴","夜間(或隧道、地下道、涵洞)有照明",50,"四岔路","交叉路口內","柏油","乾燥","良好","正常","中央分向島","快慢車道分隔線","無",47,"不明",120.3125,22.72056,"高雄市","楠梓區"
"路口交岔撞","2020",9,22,21,"晴","夜間(或隧道、地下道、涵洞)有照明",50,"四岔路","交叉路口內","柏油","乾燥","良好","正常","中央分向島","快慢車道分隔線","無",29,"未使用",120.3125,22.72056,"高雄市","楠梓區"
"路口交岔撞","2020",9,22,21,"晴","夜間(或隧道、地下道、涵洞)有照明",50,"四岔路","交叉路口內","柏油","乾燥","良好","正常","中央分向島","快慢車道分隔線","無",25,"未使用",120.3125,22.72056,"高雄市","楠梓區"
"路口交岔撞","2020",9,22,21,"晴","夜間(或隧道、地下道、涵洞)有照明",50,"四岔路","交叉路口內","柏油","乾燥","良好","正常","中央分向島","快慢車道分隔線","無",24,"非汽(機)車駕駛人",120.3125,22.72056,"高雄市","楠梓區"
"衝出路外","2020",9,23,5,"晴","日間自然光線",50,"彎曲路及附近","路肩、路緣","柏油","乾燥","良好","無號誌","雙向禁止超車線","未繪設快慢車道分隔線","有",47,"不明",120.672914,23.881318,"南投縣","南投市"
"對向擦撞","2020",9,23,10,"晴","日間自然光線",60,"涵洞","一般車道(未劃分快慢車道)","柏油","乾燥","不良","無號誌","雙向禁止超車線","未繪設快慢車道分隔線","有",39,"不明",120.850651,24.464887,"苗栗縣","公館鄉"
"對向擦撞","2020",9,23,10,"晴","日間自然光線",60,"涵洞","一般車道(未劃分快慢車道)","柏油","乾燥","不良","無號誌","雙向禁止超車線","未繪設快慢車道分隔線","有",49,"不明",120.850651,24.464887,"苗栗縣","公館鄉"
"撞路樹、電桿","2020",9,23,15,"晴","日間自然光線",50,"直路","一般車道(未劃分快慢車道)","柏油","乾燥","良好","無號誌","中央分向島","未繪設快慢車道分隔線","有",34,"未使用",121.26633,25.049741,"桃園市","蘆竹區"
"撞路樹、電桿","2020",9,23,15,"晴","日間自然光線",50,"直路","一般車道(未劃分快慢車道)","柏油","乾燥","良好","無號誌","中央分向島","未繪設快慢車道分隔線","有",9,"非汽(機)車駕駛人",121.26633,25.049741,"桃園市","蘆竹區"
"撞路樹、電桿","2020",9,23,15,"晴","日間自然光線",50,"直路","一般車道(未劃分快慢車道)","柏油","乾燥","良好","無號誌","中央分向島","未繪設快慢車道分隔線","有",23,"未使用",121.26633,25.049741,"桃園市","蘆竹區"
"撞路樹、電桿","2020",9,23,15,"晴","日間自然光線",50,"直路","一般車道(未劃分快慢車道)","柏油","乾燥","良好","無號誌","中央分向島","未繪設快慢車道分隔線","有",6,"非汽(機)車駕駛人",121.26633,25.049741,"桃園市","蘆竹區"
"其他","2020",9,23,15,"晴","日間自然光線",40,"直路","一般車道(未劃分快慢車道)","柏油","乾燥","良好","無號誌","行車分向線","未繪設快慢車道分隔線","有",54,"未使用",121.106528,24.974224,"桃園市","新屋區"
"其他","2020",9,23,15,"晴","日間自然光線",40,"直路","一般車道(未劃分快慢車道)","柏油","乾燥","良好","無號誌","行車分向線","未繪設快慢車道分隔線","有",56,"未使用",121.106528,24.974224,"桃園市","新屋區"
"其他","2020",9,23,15,"晴","日間自然光線",40,"直路","一般車道(未劃分快慢車道)","柏油","乾燥","良好","無號誌","行車分向線","未繪設快慢車道分隔線","有",19,"未使用",121.106528,24.974224,"桃園市","新屋區"
"其他","2020",9,23,15,"晴","日間自然光線",40,"直路","一般車道(未劃分快慢車道)","柏油","乾燥","良好","無號誌","行車分向線","未繪設快慢車道分隔線","有",45,"未使用",121.106528,24.974224,"桃園市","新屋區"
"穿越道路中","2020",9,23,21,"晴","夜間(或隧道、地下道、涵洞)有照明",50,"四岔路","交叉路口內","柏油","乾燥","良好","正常","中央分向島","快慢車道分隔線","有",36,"未使用",120.713708,22.077365,"屏東縣","車城鄉"
"穿越道路中","2020",9,23,21,"晴","夜間(或隧道、地下道、涵洞)有照明",50,"四岔路","交叉路口內","柏油","乾燥","良好","正常","中央分向島","快慢車道分隔線","有",66,"非汽(機)車駕駛人",120.713708,22.077365,"屏東縣","車城鄉"
"撞路樹、電桿","2020",9,23,22,"晴","夜間(或隧道、地下道、涵洞)有照明",50,"直路","路肩、路緣","柏油","乾燥","良好","無號誌","行車分向線","未繪設快慢車道分隔線","有",33,"不明",120.54457,23.516351,"嘉義縣","竹崎鄉"
"對向擦撞","2020",9,24,6,"晴","日間自然光線",60,"直路","一般車道(未劃分快慢車道)","柏油","乾燥","良好","無號誌","行車分向線","未繪設快慢車道分隔線","有",35,"未使用",120.62033,22.565451,"屏東縣","萬巒鄉"
"對向擦撞","2020",9,24,6,"晴","日間自然光線",60,"直路","一般車道(未劃分快慢車道)","柏油","乾燥","良好","無號誌","行車分向線","未繪設快慢車道分隔線","有",42,"未使用",120.62033,22.565451,"屏東縣","萬巒鄉"
"同向擦撞","2020",9,24,9,"晴","日間自然光線",50,"直路","慢車道","柏油","乾燥","良好","無號誌","行車分向線","快慢車道分隔線","無",27,"不明",120.656591,24.258775,"臺中市","神岡區"
"同向擦撞","2020",9,24,9,"晴","日間自然光線",50,"直路","慢車道","柏油","乾燥","良好","無號誌","行車分向線","快慢車道分隔線","無",50,"不明",120.656591,24.258775,"臺中市","神岡區"
"同向擦撞","2020",9,24,9,"晴","日間自然光線",50,"直路","慢車道","柏油","乾燥","良好","無號誌","行車分向線","快慢車道分隔線","無",80,"非汽(機)車駕駛人",120.656591,24.258775,"臺中市","神岡區"
"其他","2020",9,24,15,"晴","日間自然光線",40,"直路","快車道","柏油","乾燥","良好","無號誌","雙向禁止超車線","快慢車道分隔線","無",73,"未使用",120.716095,24.204473,"臺中市","潭子區"
"其他","2020",9,24,15,"晴","日間自然光線",40,"直路","快車道","柏油","乾燥","良好","無號誌","雙向禁止超車線","快慢車道分隔線","無",24,"未使用",120.716095,24.204473,"臺中市","潭子區"
"同向擦撞","2020",9,24,15,"晴","日間自然光線",50,"四岔路","交叉路口內","柏油","乾燥","良好","正常","中央分向島","快慢車道分隔線","有",34,"未使用",121.777645,24.674618,"宜蘭縣","羅東鎮"
"同向擦撞","2020",9,24,15,"晴","日間自然光線",50,"四岔路","交叉路口內","柏油","乾燥","良好","正常","中央分向島","快慢車道分隔線","有",18,"未使用",121.777645,24.674618,"宜蘭縣","羅東鎮"
"同向擦撞","2020",9,24,15,"晴","日間自然光線",50,"四岔路","交叉路口內","柏油","乾燥","良好","正常","中央分向島","快慢車道分隔線","有",56,"非汽(機)車駕駛人",121.777645,24.674618,"宜蘭縣","羅東鎮"
"同向擦撞","2020",9,24,19,"晴","夜間(或隧道、地下道、涵洞)有照明",50,"三岔路","交叉口附近","柏油","乾燥","良好","無號誌","雙向禁止超車線","未繪設快慢車道分隔線","有",16,"未使用",120.2647,22.75031,"高雄市","梓官區"
"同向擦撞","2020",9,24,19,"晴","夜間(或隧道、地下道、涵洞)有照明",50,"三岔路","交叉口附近","柏油","乾燥","良好","無號誌","雙向禁止超車線","未繪設快慢車道分隔線","有",55,"未使用",120.2647,22.75031,"高雄市","梓官區"
"同向擦撞","2020",9,24,19,"晴","夜間(或隧道、地下道、涵洞)有照明",50,"三岔路","交叉口附近","柏油","乾燥","良好","無號誌","雙向禁止超車線","未繪設快慢車道分隔線","有",29,"未使用",120.2647,22.75031,"高雄市","梓官區"
"同向擦撞","2020",9,24,19,"晴","夜間(或隧道、地下道、涵洞)有照明",50,"三岔路","交叉口附近","柏油","乾燥","良好","無號誌","雙向禁止超車線","未繪設快慢車道分隔線","有",29,"非汽(機)車駕駛人",120.2647,22.75031,"高雄市","梓官區"
"追撞","2020",9,24,22,"晴","日間自然光線",70,"直路","一般車道(未劃分快慢車道)","柏油","乾燥","良好","無號誌","中央分向島","未繪設快慢車道分隔線","有",36,"未使用",120.4817,23.93494,"彰化縣","溪湖鎮"
"追撞","2020",9,24,22,"晴","日間自然光線",70,"直路","一般車道(未劃分快慢車道)","柏油","乾燥","良好","無號誌","中央分向島","未繪設快慢車道分隔線","有",46,"未使用",120.4817,23.93494,"彰化縣","溪湖鎮"
"穿越道路中","2020",9,24,23,"晴","夜間(或隧道、地下道、涵洞)有照明",50,"直路","一般車道(未劃分快慢車道)","柏油","乾燥","良好","無號誌","行車分向線","未繪設快慢車道分隔線","有",21,"不明",120.452118,23.706153,"雲林縣","虎尾鎮"
"穿越道路中","2020",9,24,23,"晴","夜間(或隧道、地下道、涵洞)有照明",50,"直路","一般車道(未劃分快慢車道)","柏油","乾燥","良好","無號誌","行車分向線","未繪設快慢車道分隔線","有",76,"非汽(機)車駕駛人",120.452118,23.706153,"雲林縣","虎尾鎮"
"同向擦撞","2020",9,25,7,"晴","日間自然光線",50,"直路","慢車道","柏油","乾燥","良好","無號誌","中央分向島","快慢車道分隔線","有",34,"未使用",120.287477,23.447527,"嘉義縣","朴子市"
"同向擦撞","2020",9,25,7,"晴","日間自然光線",50,"直路","慢車道","柏油","乾燥","良好","無號誌","中央分向島","快慢車道分隔線","有",79,"未使用",120.287477,23.447527,"嘉義縣","朴子市"
"同向擦撞","2020",9,25,11,"晴","日間自然光線",50,"彎曲路及附近","一般車道(未劃分快慢車道)","柏油","乾燥","不良","無號誌","雙向禁止超車線","快慢車道分隔線","有",61,"未使用",120.512159,23.477267,"嘉義縣","番路鄉"
"同向擦撞","2020",9,25,11,"晴","日間自然光線",50,"彎曲路及附近","一般車道(未劃分快慢車道)","柏油","乾燥","不良","無號誌","雙向禁止超車線","快慢車道分隔線","有",85,"未使用",120.512159,23.477267,"嘉義縣","番路鄉"
"其他","2020",9,26,4,"晴","日間自然光線",90,"直路","快車道","柏油","乾燥","良好","無號誌","中央分向島","未繪設快慢車道分隔線","有",53,"未使用",120.379089,23.474405,"嘉義縣","太保市"
"其他","2020",9,26,4,"晴","日間自然光線",90,"直路","快車道","柏油","乾燥","良好","無號誌","中央分向島","未繪設快慢車道分隔線","有",36,"未使用",120.379089,23.474405,"嘉義縣","太保市"
"其他","2020",9,26,4,"晴","日間自然光線",90,"直路","快車道","柏油","乾燥","良好","無號誌","中央分向島","未繪設快慢車道分隔線","有",46,"未使用",120.379089,23.474405,"嘉義縣","太保市"
"其他","2020",9,26,4,"晴","日間自然光線",90,"直路","快車道","柏油","乾燥","良好","無號誌","中央分向島","未繪設快慢車道分隔線","有",31,"未使用",120.379089,23.474405,"嘉義縣","太保市"
"側撞","2020",9,26,14,"晴","日間自然光線",50,"四岔路","交叉路口內","柏油","乾燥","良好","正常","無","未繪設快慢車道分隔線","無",77,"未使用",120.232901,22.994839,"臺南市","東區"
"側撞","2020",9,26,14,"晴","日間自然光線",50,"四岔路","交叉路口內","柏油","乾燥","良好","正常","無","未繪設快慢車道分隔線","無",41,"未使用",120.232901,22.994839,"臺南市","東區"
"撞交通島","2020",9,26,15,"晴","日間自然光線",40,"直路","直線匝道","柏油","乾燥","良好","無號誌","中央分向島","寛式快慢車道分隔島(50公分以上)","有",26,"不明",120.53438,24.245449,"臺中市","梧棲區"
"追撞","2020",9,26,15,"陰","日間自然光線",50,"直路","一般車道(未劃分快慢車道)","柏油","乾燥","良好","無號誌","中央分向島","未繪設快慢車道分隔線","無",82,"未使用",121.603892,24.955276,"新北市","新店區"
"追撞","2020",9,26,15,"陰","日間自然光線",50,"直路","一般車道(未劃分快慢車道)","柏油","乾燥","良好","無號誌","中央分向島","未繪設快慢車道分隔線","無",49,"非汽(機)車駕駛人",121.603892,24.955276,"新北市","新店區"
"追撞","2020",9,26,15,"陰","日間自然光線",50,"直路","一般車道(未劃分快慢車道)","柏油","乾燥","良好","無號誌","中央分向島","未繪設快慢車道分隔線","無",35,"未使用",121.603892,24.955276,"新北市","新店區"
"追撞","2020",9,26,15,"陰","日間自然光線",50,"直路","一般車道(未劃分快慢車道)","柏油","乾燥","良好","無號誌","中央分向島","未繪設快慢車道分隔線","無",24,"未使用",121.603892,24.955276,"新北市","新店區"
"追撞","2020",9,26,15,"陰","日間自然光線",50,"直路","一般車道(未劃分快慢車道)","柏油","乾燥","良好","無號誌","中央分向島","未繪設快慢車道分隔線","無",57,"未使用",121.603892,24.955276,"新北市","新店區"
"追撞","2020",9,26,15,"陰","日間自然光線",50,"直路","一般車道(未劃分快慢車道)","柏油","乾燥","良好","無號誌","中央分向島","未繪設快慢車道分隔線","無",60,"未使用",121.603892,24.955276,"新北市","新店區"
"追撞","2020",9,26,15,"陰","日間自然光線",50,"直路","一般車道(未劃分快慢車道)","柏油","乾燥","良好","無號誌","中央分向島","未繪設快慢車道分隔線","無",23,"未使用",121.603892,24.955276,"新北市","新店區"
"路口交岔撞","2020",9,26,19,"晴","夜間(或隧道、地下道、涵洞)有照明",50,"四岔路","交叉路口內","柏油","乾燥","良好","正常","雙向禁止超車線","快慢車道分隔線","有",40,"未使用",120.562592,23.727544,"雲林縣","斗六市"
"路口交岔撞","2020",9,26,19,"晴","夜間(或隧道、地下道、涵洞)有照明",50,"四岔路","交叉路口內","柏油","乾燥","良好","正常","雙向禁止超車線","快慢車道分隔線","有",25,"未使用",120.562592,23.727544,"雲林縣","斗六市"
"路口交岔撞","2020",9,26,19,"晴","夜間(或隧道、地下道、涵洞)有照明",50,"四岔路","交叉路口內","柏油","乾燥","良好","正常","雙向禁止超車線","快慢車道分隔線","有",12,"非汽(機)車駕駛人",120.562592,23.727544,"雲林縣","斗六市"
"路口交岔撞","2020",9,26,19,"晴","夜間(或隧道、地下道、涵洞)有照明",50,"四岔路","交叉路口內","柏油","乾燥","良好","正常","雙向禁止超車線","快慢車道分隔線","有",10,"非汽(機)車駕駛人",120.562592,23.727544,"雲林縣","斗六市"
"同向擦撞","2020",9,27,11,"晴","日間自然光線",60,"直路","快車道","柏油","乾燥","良好","無號誌","中央分向島","快慢車道分隔線","有",51,"未使用",120.30419,23.316948,"臺南市","新營區"
"同向擦撞","2020",9,27,11,"晴","日間自然光線",60,"直路","快車道","柏油","乾燥","良好","無號誌","中央分向島","快慢車道分隔線","有",33,"未使用",120.30419,23.316948,"臺南市","新營區"
"同向擦撞","2020",9,27,11,"晴","日間自然光線",60,"直路","快車道","柏油","乾燥","良好","無號誌","中央分向島","快慢車道分隔線","有",62,"非汽(機)車駕駛人",120.30419,23.316948,"臺南市","新營區"
"側撞","2020",9,27,14,"晴","日間自然光線",50,"四岔路","交叉路口內","柏油","乾燥","良好","正常","無","未繪設快慢車道分隔線","無",72,"未使用",120.681948,24.102458,"臺中市","大里區"
"側撞","2020",9,27,14,"晴","日間自然光線",50,"四岔路","交叉路口內","柏油","乾燥","良好","正常","無","未繪設快慢車道分隔線","無",36,"未使用",120.681948,24.102458,"臺中市","大里區"
"側撞","2020",9,27,14,"晴","日間自然光線",50,"四岔路","交叉路口內","柏油","乾燥","良好","正常","無","未繪設快慢車道分隔線","無",26,"未使用",120.681948,24.102458,"臺中市","大里區"
"側撞","2020",9,27,14,"晴","日間自然光線",50,"四岔路","交叉路口內","柏油","乾燥","良好","正常","無","未繪設快慢車道分隔線","無",62,"非汽(機)車駕駛人",120.681948,24.102458,"臺中市","大里區"
"側撞","2020",9,27,14,"晴","日間自然光線",50,"四岔路","交叉路口內","柏油","乾燥","良好","正常","無","未繪設快慢車道分隔線","無",37,"未使用",120.681948,24.102458,"臺中市","大里區"
"路口交岔撞","2020",9,27,15,"晴","日間自然光線",30,"四岔路","交叉路口內","柏油","乾燥","良好","無號誌","無","未繪設快慢車道分隔線","無",57,"未使用",120.326752,23.398493,"嘉義縣","鹿草鄉"
"路口交岔撞","2020",9,27,15,"晴","日間自然光線",30,"四岔路","交叉路口內","柏油","乾燥","良好","無號誌","無","未繪設快慢車道分隔線","無",73,"未使用",120.326752,23.398493,"嘉義縣","鹿草鄉"
"側撞","2020",9,27,20,"晴","夜間(或隧道、地下道、涵洞)有照明",60,"三岔路","交叉口附近","柏油","乾燥","良好","正常","無","未繪設快慢車道分隔線","無",59,"不明",120.528586,24.095968,"彰化縣","和美鎮"
"側撞","2020",9,27,20,"晴","夜間(或隧道、地下道、涵洞)有照明",60,"三岔路","交叉口附近","柏油","乾燥","良好","正常","無","未繪設快慢車道分隔線","無",19,"未使用",120.528586,24.095968,"彰化縣","和美鎮"
"側撞","2020",9,27,20,"晴","夜間(或隧道、地下道、涵洞)有照明",60,"三岔路","交叉口附近","柏油","乾燥","良好","正常","無","未繪設快慢車道分隔線","無",61,"非汽(機)車駕駛人",120.528586,24.095968,"彰化縣","和美鎮"
"追撞","2020",9,27,20,"晴","夜間(或隧道、地下道、涵洞)有照明",40,"直路","一般車道(未劃分快慢車道)","柏油","乾燥","良好","無號誌","行車分向線","未繪設快慢車道分隔線","有",109,"",120.299071,22.57078,"高雄市","旗津區"
"追撞","2020",9,27,20,"晴","夜間(或隧道、地下道、涵洞)有照明",40,"直路","一般車道(未劃分快慢車道)","柏油","乾燥","良好","無號誌","行車分向線","未繪設快慢車道分隔線","有",20,"未使用",120.299071,22.57078,"高雄市","旗津區"
"追撞","2020",9,27,20,"晴","夜間(或隧道、地下道、涵洞)有照明",40,"直路","一般車道(未劃分快慢車道)","柏油","乾燥","良好","無號誌","行車分向線","未繪設快慢車道分隔線","有",62,"未使用",120.299071,22.57078,"高雄市","旗津區"
"追撞","2020",9,27,20,"晴","夜間(或隧道、地下道、涵洞)有照明",40,"直路","一般車道(未劃分快慢車道)","柏油","乾燥","良好","無號誌","行車分向線","未繪設快慢車道分隔線","有",28,"未使用",120.299071,22.57078,"高雄市","旗津區"