"事故類型及型態子類別名稱","發生年度","發生月份","發生日期","發生時間","天候名稱","光線名稱","速限.第1當事者","道路型態子類別名稱","事故位置子類別名稱","路面狀況.路面鋪裝名稱","路面狀況.路面狀態名稱","道路障礙.視距品質名稱","號誌.號誌動作名稱","車道劃分設施.分向設施大類別名稱","車道劃分設施.分道設施.快慢車道間名稱","車道劃分設施.分道設施.路面邊線名稱","當事者事故發生時年齡","行動電話或電腦或其他相類功能裝置名稱","經度","緯度","縣市","鄉鎮"
"追撞","2020",9,27,20,"晴","夜間(或隧道、地下道、涵洞)有照明",40,"直路","一般車道(未劃分快慢車道)","柏油","乾燥","良好","無號誌","行車分向線","未繪設快慢車道分隔線","有",49,"未使用",120.299071,22.57078,"高雄市","旗津區"
"對向通行中","2020",9,28,8,"晴","日間自然光線",60,"三岔路","交叉路口內","柏油","乾燥","良好","正常","無","未繪設快慢車道分隔線","無",22,"未使用",120.438525,23.395322,"臺南市","白河區"
"對向通行中","2020",9,28,8,"晴","日間自然光線",60,"三岔路","交叉路口內","柏油","乾燥","良好","正常","無","未繪設快慢車道分隔線","無",75,"非汽(機)車駕駛人",120.438525,23.395322,"臺南市","白河區"
"側撞","2020",9,28,8,"晴","日間自然光線",60,"直路","一般車道(未劃分快慢車道)","柏油","乾燥","良好","無號誌","中央分向島","快慢車道分隔線","有",69,"未使用",120.19569,22.934145,"臺南市","南區"
"側撞","2020",9,28,8,"晴","日間自然光線",60,"直路","一般車道(未劃分快慢車道)","柏油","乾燥","良好","無號誌","中央分向島","快慢車道分隔線","有",41,"未使用",120.19569,22.934145,"臺南市","南區"
"側撞","2020",9,28,8,"晴","日間自然光線",60,"直路","一般車道(未劃分快慢車道)","柏油","乾燥","良好","無號誌","中央分向島","快慢車道分隔線","有",54,"未使用",120.19569,22.934145,"臺南市","南區"
"路口交岔撞","2020",9,28,15,"晴","日間自然光線",50,"多岔路","交叉路口內","柏油","乾燥","良好","正常","無","未繪設快慢車道分隔線","無",44,"未使用",120.210111,23.089489,"臺南市","安定區"
"路口交岔撞","2020",9,28,15,"晴","日間自然光線",50,"多岔路","交叉路口內","柏油","乾燥","良好","正常","無","未繪設快慢車道分隔線","無",27,"未使用",120.210111,23.089489,"臺南市","安定區"
"倒車撞","2020",9,28,15,"晴","日間自然光線",40,"四岔路","交叉口附近","柏油","乾燥","良好","正常","中央分向島","快慢車道分隔線","有",43,"未使用",120.418399,22.592269,"高雄市","大寮區"
"倒車撞","2020",9,28,15,"晴","日間自然光線",40,"四岔路","交叉口附近","柏油","乾燥","良好","正常","中央分向島","快慢車道分隔線","有",27,"未使用",120.418399,22.592269,"高雄市","大寮區"
"倒車撞","2020",9,28,15,"晴","日間自然光線",40,"四岔路","交叉口附近","柏油","乾燥","良好","正常","中央分向島","快慢車道分隔線","有",57,"未使用",120.418399,22.592269,"高雄市","大寮區"
"穿越道路中","2020",9,28,18,"晴","夜間(或隧道、地下道、涵洞)有照明",60,"直路","一般車道(未劃分快慢車道)","柏油","乾燥","良好","無號誌","雙向禁止超車線","未繪設快慢車道分隔線","有",27,"不明",120.236113,22.828358,"高雄市","永安區"
"穿越道路中","2020",9,28,18,"晴","夜間(或隧道、地下道、涵洞)有照明",60,"直路","一般車道(未劃分快慢車道)","柏油","乾燥","良好","無號誌","雙向禁止超車線","未繪設快慢車道分隔線","有",27,"未使用",120.236113,22.828358,"高雄市","永安區"
"穿越道路中","2020",9,28,18,"晴","夜間(或隧道、地下道、涵洞)有照明",60,"直路","一般車道(未劃分快慢車道)","柏油","乾燥","良好","無號誌","雙向禁止超車線","未繪設快慢車道分隔線","有",34,"未使用",120.236113,22.828358,"高雄市","永安區"
"穿越道路中","2020",9,28,18,"晴","夜間(或隧道、地下道、涵洞)有照明",60,"直路","一般車道(未劃分快慢車道)","柏油","乾燥","良好","無號誌","雙向禁止超車線","未繪設快慢車道分隔線","有",76,"非汽(機)車駕駛人",120.236113,22.828358,"高雄市","永安區"
"同向擦撞","2020",9,29,7,"晴","晨或暮光",60,"直路","其他","柏油","乾燥","良好","無號誌","無","未繪設快慢車道分隔線","無",30,"不明",120.189359,23.146603,"臺南市","佳里區"
"同向擦撞","2020",9,29,7,"晴","晨或暮光",60,"直路","其他","柏油","乾燥","良好","無號誌","無","未繪設快慢車道分隔線","無",46,"不明",120.189359,23.146603,"臺南市","佳里區"
"同向擦撞","2020",9,29,7,"晴","晨或暮光",60,"直路","其他","柏油","乾燥","良好","無號誌","無","未繪設快慢車道分隔線","無",76,"非汽(機)車駕駛人",120.189359,23.146603,"臺南市","佳里區"
"衝出路外","2020",9,29,10,"晴","日間自然光線",50,"彎曲路及附近","一般車道(未劃分快慢車道)","柏油","乾燥","良好","無號誌","雙向禁止超車線","未繪設快慢車道分隔線","有",41,"未使用",120.819769,24.6035,"苗栗縣","後龍鎮"
"路上翻車、摔倒","2020",9,29,10,"晴","日間自然光線",50,"三岔路","交叉口附近","柏油","乾燥","良好","無號誌","行車分向線","未繪設快慢車道分隔線","無",55,"不明",120.2944,23.232802,"臺南市","六甲區"
"路上翻車、摔倒","2020",9,29,10,"晴","日間自然光線",50,"三岔路","交叉口附近","柏油","乾燥","良好","無號誌","行車分向線","未繪設快慢車道分隔線","無",68,"不明",120.2944,23.232802,"臺南市","六甲區"
"側撞","2020",9,29,12,"晴","日間自然光線",50,"四岔路","交叉路口內","柏油","乾燥","良好","正常","無","未繪設快慢車道分隔線","無",65,"未使用",120.538903,22.713286,"屏東縣","長治鄉"
"側撞","2020",9,29,12,"晴","日間自然光線",50,"四岔路","交叉路口內","柏油","乾燥","良好","正常","無","未繪設快慢車道分隔線","無",54,"未使用",120.538903,22.713286,"屏東縣","長治鄉"
"撞護欄(樁)","2020",9,30,0,"晴","夜間(或隧道、地下道、涵洞)有照明",60,"彎曲路及附近","環道匝道","柏油","乾燥","良好","無號誌","無","未繪設快慢車道分隔線","有",36,"未使用",120.566336,24.105133,"彰化縣","彰化市"
"側撞","2020",9,30,7,"晴","日間自然光線",50,"四岔路","交叉路口內","柏油","乾燥","良好","正常","無","未繪設快慢車道分隔線","無",65,"未使用",120.725958,24.134064,"臺中市","太平區"
"側撞","2020",9,30,7,"晴","日間自然光線",50,"四岔路","交叉路口內","柏油","乾燥","良好","正常","無","未繪設快慢車道分隔線","無",26,"未使用",120.725958,24.134064,"臺中市","太平區"
"同向擦撞","2020",9,30,8,"晴","日間自然光線",40,"直路","快車道","柏油","乾燥","良好","無號誌","中央分向島","快慢車道分隔線","有",72,"未使用",120.230105,22.98156,"臺南市","東區"
"同向擦撞","2020",9,30,8,"晴","日間自然光線",40,"直路","快車道","柏油","乾燥","良好","無號誌","中央分向島","快慢車道分隔線","有",59,"未使用",120.230105,22.98156,"臺南市","東區"
"同向擦撞","2020",9,30,8,"晴","日間自然光線",40,"直路","快車道","柏油","乾燥","良好","無號誌","中央分向島","快慢車道分隔線","有",50,"未使用",120.230105,22.98156,"臺南市","東區"
"其他","2020",9,30,14,"雨","日間自然光線",60,"直路","一般車道(未劃分快慢車道)","柏油","濕潤","良好","無號誌","中央分向島","未繪設快慢車道分隔線","有",51,"未使用",121.111759,24.738823,"新竹縣","芎林鄉"
"其他","2020",9,30,14,"雨","日間自然光線",60,"直路","一般車道(未劃分快慢車道)","柏油","濕潤","良好","無號誌","中央分向島","未繪設快慢車道分隔線","有",77,"非汽(機)車駕駛人",121.111759,24.738823,"新竹縣","芎林鄉"
"其他","2020",9,30,14,"雨","日間自然光線",60,"直路","一般車道(未劃分快慢車道)","柏油","濕潤","良好","無號誌","中央分向島","未繪設快慢車道分隔線","有",48,"使用手持或有礙駕駛安全",121.111759,24.738823,"新竹縣","芎林鄉"
"側撞","2020",9,30,15,"晴","日間自然光線",50,"直路","一般車道(未劃分快慢車道)","柏油","乾燥","良好","無號誌","雙向禁止超車線","未繪設快慢車道分隔線","有",34,"未使用",120.405588,23.518965,"嘉義縣","民雄鄉"
"側撞","2020",9,30,15,"晴","日間自然光線",50,"直路","一般車道(未劃分快慢車道)","柏油","乾燥","良好","無號誌","雙向禁止超車線","未繪設快慢車道分隔線","有",70,"非汽(機)車駕駛人",120.405588,23.518965,"嘉義縣","民雄鄉"
"路上翻車、摔倒","2020",9,30,22,"晴","夜間(或隧道、地下道、涵洞)有照明",50,"四岔路","交叉路口內","柏油","乾燥","良好","無號誌","無","未繪設快慢車道分隔線","無",33,"未使用",120.369637,23.2332,"臺南市","六甲區"
"路上翻車、摔倒","2020",9,30,22,"晴","夜間(或隧道、地下道、涵洞)有照明",50,"四岔路","交叉路口內","柏油","乾燥","良好","無號誌","無","未繪設快慢車道分隔線","無",51,"非汽(機)車駕駛人",120.369637,23.2332,"臺南市","六甲區"
"路口交岔撞","2020",10,1,2,"晴","夜間(或隧道、地下道、涵洞)有照明",50,"四岔路","交叉路口內","柏油","乾燥","良好","正常","無","未繪設快慢車道分隔線","無",44,"未使用",121.259903,24.973455,"桃園市","中壢區"
"路口交岔撞","2020",10,1,2,"晴","夜間(或隧道、地下道、涵洞)有照明",50,"四岔路","交叉路口內","柏油","乾燥","良好","正常","無","未繪設快慢車道分隔線","無",21,"未使用",121.259903,24.973455,"桃園市","中壢區"
"路上翻車、摔倒","2020",10,1,4,"晴","夜間(或隧道、地下道、涵洞)有照明",60,"直路","一般車道(未劃分快慢車道)","柏油","乾燥","良好","無號誌","行車分向線","未繪設快慢車道分隔線","有",14,"未使用",120.834194,24.50945,"苗栗縣","公館鄉"
"撞路樹、電桿","2020",10,1,4,"晴","日間自然光線",60,"直路","一般車道(未劃分快慢車道)","柏油","乾燥","良好","無號誌","雙向禁止超車線","未繪設快慢車道分隔線","有",20,"不明",120.401191,23.914136,"彰化縣","二林鎮"
"撞路樹、電桿","2020",10,1,4,"晴","日間自然光線",60,"直路","一般車道(未劃分快慢車道)","柏油","乾燥","良好","無號誌","雙向禁止超車線","未繪設快慢車道分隔線","有",21,"非汽(機)車駕駛人",120.401191,23.914136,"彰化縣","二林鎮"
"撞路樹、電桿","2020",10,1,4,"晴","日間自然光線",60,"直路","一般車道(未劃分快慢車道)","柏油","乾燥","良好","無號誌","雙向禁止超車線","未繪設快慢車道分隔線","有",29,"非汽(機)車駕駛人",120.401191,23.914136,"彰化縣","二林鎮"
"撞路樹、電桿","2020",10,1,4,"晴","日間自然光線",60,"直路","一般車道(未劃分快慢車道)","柏油","乾燥","良好","無號誌","雙向禁止超車線","未繪設快慢車道分隔線","有",20,"非汽(機)車駕駛人",120.401191,23.914136,"彰化縣","二林鎮"
"側撞","2020",10,1,6,"晴","日間自然光線",50,"四岔路","交叉路口內","柏油","乾燥","良好","正常","中央分向島","未繪設快慢車道分隔線","有",49,"未使用",121.033194,24.825979,"新竹縣","竹北市"
"側撞","2020",10,1,6,"晴","日間自然光線",50,"四岔路","交叉路口內","柏油","乾燥","良好","正常","中央分向島","未繪設快慢車道分隔線","有",68,"未使用",121.033194,24.825979,"新竹縣","竹北市"
"路口交岔撞","2020",10,1,7,"晴","日間自然光線",50,"四岔路","交叉路口內","柏油","乾燥","良好","正常","無","未繪設快慢車道分隔線","無",52,"未使用",120.166069,23.459437,"嘉義縣","東石鄉"
"路口交岔撞","2020",10,1,7,"晴","日間自然光線",50,"四岔路","交叉路口內","柏油","乾燥","良好","正常","無","未繪設快慢車道分隔線","無",23,"未使用",120.166069,23.459437,"嘉義縣","東石鄉"
"側撞","2020",10,1,8,"晴","日間自然光線",60,"三岔路","交叉路口內","柏油","乾燥","良好","正常","無","未繪設快慢車道分隔線","有",62,"不明",120.268219,23.651726,"雲林縣","四湖鄉"
"側撞","2020",10,1,8,"晴","日間自然光線",60,"三岔路","交叉路口內","柏油","乾燥","良好","正常","無","未繪設快慢車道分隔線","有",48,"未使用",120.268219,23.651726,"雲林縣","四湖鄉"
"側撞","2020",10,1,19,"晴","夜間(或隧道、地下道、涵洞)有照明",40,"直路","一般車道(未劃分快慢車道)","柏油","乾燥","良好","無號誌","雙向禁止超車線","未繪設快慢車道分隔線","有",64,"不明",121.417364,24.928716,"新北市","三峽區"
"側撞","2020",10,1,19,"晴","夜間(或隧道、地下道、涵洞)有照明",40,"直路","一般車道(未劃分快慢車道)","柏油","乾燥","良好","無號誌","雙向禁止超車線","未繪設快慢車道分隔線","有",48,"不明",121.417364,24.928716,"新北市","三峽區"
"路上翻車、摔倒","2020",10,1,19,"晴","夜間(或隧道、地下道、涵洞)有照明",40,"彎曲路及附近","一般車道(未劃分快慢車道)","柏油","乾燥","良好","無號誌","雙向禁止超車線","未繪設快慢車道分隔線","有",34,"不明",120.459868,23.540829,"嘉義縣","民雄鄉"
"穿越道路中","2020",10,2,5,"晴","夜間(或隧道、地下道、涵洞)無照明",50,"多岔路","交叉路口內","柏油","乾燥","良好","正常","無","未繪設快慢車道分隔線","無",64,"未使用",120.355398,22.626147,"高雄市","鳳山區"
"穿越道路中","2020",10,2,5,"晴","夜間(或隧道、地下道、涵洞)無照明",50,"多岔路","交叉路口內","柏油","乾燥","良好","正常","無","未繪設快慢車道分隔線","無",91,"非汽(機)車駕駛人",120.355398,22.626147,"高雄市","鳳山區"
"側撞","2020",10,2,17,"晴","晨或暮光",60,"四岔路","交叉路口內","柏油","乾燥","良好","無號誌","無","未繪設快慢車道分隔線","無",56,"未使用",120.125989,23.264882,"臺南市","北門區"
"側撞","2020",10,2,17,"晴","晨或暮光",60,"四岔路","交叉路口內","柏油","乾燥","良好","無號誌","無","未繪設快慢車道分隔線","無",37,"未使用",120.125989,23.264882,"臺南市","北門區"
"側撞","2020",10,3,17,"晴","日間自然光線",40,"三岔路","交叉路口內","柏油","乾燥","良好","正常","無","未繪設快慢車道分隔線","無",23,"未使用",120.369982,22.552652,"高雄市","小港區"
"側撞","2020",10,3,17,"晴","日間自然光線",40,"三岔路","交叉路口內","柏油","乾燥","良好","正常","無","未繪設快慢車道分隔線","無",64,"未使用",120.369982,22.552652,"高雄市","小港區"
"穿越道路中","2020",10,3,22,"晴","夜間(或隧道、地下道、涵洞)有照明",50,"三岔路","交叉路口內","柏油","乾燥","良好","正常","中央分向島","未繪設快慢車道分隔線","有",22,"未使用",121.035188,24.81502,"新竹縣","竹北市"
"穿越道路中","2020",10,3,22,"晴","夜間(或隧道、地下道、涵洞)有照明",50,"三岔路","交叉路口內","柏油","乾燥","良好","正常","中央分向島","未繪設快慢車道分隔線","有",86,"非汽(機)車駕駛人",121.035188,24.81502,"新竹縣","竹北市"
"撞交通島","2020",10,4,5,"晴","日間自然光線",50,"三岔路","交叉路口內","柏油","乾燥","良好","無號誌","中央分向島","快慢車道分隔線","有",38,"不明",121.161375,25.056107,"桃園市","大園區"
"路口交岔撞","2020",10,4,7,"晴","日間自然光線",30,"多岔路","交叉路口內","柏油","乾燥","良好","無號誌","無","未繪設快慢車道分隔線","無",81,"不明",120.327222,22.959401,"臺南市","關廟區"
"路口交岔撞","2020",10,4,7,"晴","日間自然光線",30,"多岔路","交叉路口內","柏油","乾燥","良好","無號誌","無","未繪設快慢車道分隔線","無",20,"未使用",120.327222,22.959401,"臺南市","關廟區"
"路口交岔撞","2020",10,4,10,"晴","日間自然光線",50,"四岔路","交叉路口內","柏油","乾燥","良好","正常","無","未繪設快慢車道分隔線","無",37,"未使用",121.243749,25.029149,"桃園市","蘆竹區"
"路口交岔撞","2020",10,4,10,"晴","日間自然光線",50,"四岔路","交叉路口內","柏油","乾燥","良好","正常","無","未繪設快慢車道分隔線","無",24,"未使用",121.243749,25.029149,"桃園市","蘆竹區"
"撞交通島","2020",10,4,14,"晴","日間自然光線",50,"彎曲路及附近","快車道","柏油","乾燥","良好","無號誌","中央分向島","快慢車道分隔線","有",20,"未使用",120.391893,22.94812,"臺南市","龍崎區"
"撞號誌、標誌桿","2020",10,4,15,"晴","日間自然光線",60,"直路","路肩、路緣","柏油","乾燥","良好","無號誌","雙向禁止超車線","未繪設快慢車道分隔線","有",109,"",120.2277,22.86007,"高雄市","路竹區"
"撞號誌、標誌桿","2020",10,4,15,"晴","日間自然光線",60,"直路","路肩、路緣","柏油","乾燥","良好","無號誌","雙向禁止超車線","未繪設快慢車道分隔線","有",35,"未使用",120.2277,22.86007,"高雄市","路竹區"
"撞路樹、電桿","2020",10,4,22,"晴","夜間(或隧道、地下道、涵洞)有照明",50,"直路","一般車道(未劃分快慢車道)","柏油","乾燥","良好","無號誌","行車分向線","未繪設快慢車道分隔線","有",18,"未使用",120.537389,22.777825,"屏東縣","里港鄉"
"撞路樹、電桿","2020",10,4,22,"晴","夜間(或隧道、地下道、涵洞)有照明",50,"直路","一般車道(未劃分快慢車道)","柏油","乾燥","良好","無號誌","行車分向線","未繪設快慢車道分隔線","有",15,"非汽(機)車駕駛人",120.537389,22.777825,"屏東縣","里港鄉"
"穿越道路中","2020",10,5,0,"晴","夜間(或隧道、地下道、涵洞)有照明",50,"三岔路","交叉口附近","柏油","乾燥","良好","正常","雙向禁止超車線","未繪設快慢車道分隔線","有",25,"未使用",120.394307,22.609137,"高雄市","大寮區"
"穿越道路中","2020",10,5,0,"晴","夜間(或隧道、地下道、涵洞)有照明",50,"三岔路","交叉口附近","柏油","乾燥","良好","正常","雙向禁止超車線","未繪設快慢車道分隔線","有",77,"非汽(機)車駕駛人",120.394307,22.609137,"高雄市","大寮區"
"撞號誌、標誌桿","2020",10,5,2,"陰","夜間(或隧道、地下道、涵洞)有照明",50,"四岔路","交叉路口內","柏油","乾燥","良好","正常","無","未繪設快慢車道分隔線","無",109,"",120.354776,22.584857,"高雄市","小港區"
"撞號誌、標誌桿","2020",10,5,2,"陰","夜間(或隧道、地下道、涵洞)有照明",50,"四岔路","交叉路口內","柏油","乾燥","良好","正常","無","未繪設快慢車道分隔線","無",22,"未使用",120.354776,22.584857,"高雄市","小港區"
"追撞","2020",10,5,15,"晴","日間自然光線",50,"直路","一般車道(未劃分快慢車道)","柏油","乾燥","良好","無號誌","雙向禁止超車線","未繪設快慢車道分隔線","有",68,"不明",120.420414,23.352413,"臺南市","白河區"
"追撞","2020",10,5,15,"晴","日間自然光線",50,"直路","一般車道(未劃分快慢車道)","柏油","乾燥","良好","無號誌","雙向禁止超車線","未繪設快慢車道分隔線","有",74,"未使用",120.420414,23.352413,"臺南市","白河區"
"追撞","2020",10,5,15,"晴","日間自然光線",50,"直路","一般車道(未劃分快慢車道)","柏油","乾燥","良好","無號誌","雙向禁止超車線","未繪設快慢車道分隔線","有",72,"未使用",120.420414,23.352413,"臺南市","白河區"
"穿越道路中","2020",10,5,18,"晴","夜間(或隧道、地下道、涵洞)有照明",50,"四岔路","交叉路口內","柏油","乾燥","良好","正常","無","未繪設快慢車道分隔線","無",65,"未使用",120.472055,23.451576,"嘉義縣","中埔鄉"
"穿越道路中","2020",10,5,18,"晴","夜間(或隧道、地下道、涵洞)有照明",50,"四岔路","交叉路口內","柏油","乾燥","良好","正常","無","未繪設快慢車道分隔線","無",83,"非汽(機)車駕駛人",120.472055,23.451576,"嘉義縣","中埔鄉"
"側撞","2020",10,5,22,"晴","夜間(或隧道、地下道、涵洞)有照明",30,"四岔路","交叉路口內","柏油","乾燥","良好","無號誌","無","未繪設快慢車道分隔線","無",34,"未使用",120.414057,22.537296,"高雄市","大寮區"
"側撞","2020",10,5,22,"晴","夜間(或隧道、地下道、涵洞)有照明",30,"四岔路","交叉路口內","柏油","乾燥","良好","無號誌","無","未繪設快慢車道分隔線","無",35,"未使用",120.414057,22.537296,"高雄市","大寮區"
"同向擦撞","2020",10,6,15,"晴","日間自然光線",50,"四岔路","交叉路口內","柏油","乾燥","良好","正常","無","未繪設快慢車道分隔線","無",55,"未使用",120.171446,22.99352,"臺南市","安平區"
"同向擦撞","2020",10,6,15,"晴","日間自然光線",50,"四岔路","交叉路口內","柏油","乾燥","良好","正常","無","未繪設快慢車道分隔線","無",74,"未使用",120.171446,22.99352,"臺南市","安平區"
"同向擦撞","2020",10,6,15,"晴","日間自然光線",40,"直路","慢車道","柏油","乾燥","良好","無號誌","中央分向島","寛式快慢車道分隔島(50公分以上)","無",43,"未使用",120.652958,24.165274,"臺中市","西屯區"
"同向擦撞","2020",10,6,15,"晴","日間自然光線",40,"直路","慢車道","柏油","乾燥","良好","無號誌","中央分向島","寛式快慢車道分隔島(50公分以上)","無",18,"未使用",120.652958,24.165274,"臺中市","西屯區"
"同向擦撞","2020",10,6,15,"晴","日間自然光線",40,"直路","慢車道","柏油","乾燥","良好","無號誌","中央分向島","寛式快慢車道分隔島(50公分以上)","無",35,"未使用",120.652958,24.165274,"臺中市","西屯區"
"同向通行中","2020",10,6,16,"晴","日間自然光線",50,"直路","一般車道(未劃分快慢車道)","柏油","乾燥","良好","無號誌","行車分向線","未繪設快慢車道分隔線","有",47,"未使用",121.233886,24.889642,"桃園市","平鎮區"
"同向通行中","2020",10,6,16,"晴","日間自然光線",50,"直路","一般車道(未劃分快慢車道)","柏油","乾燥","良好","無號誌","行車分向線","未繪設快慢車道分隔線","有",39,"未使用",121.233886,24.889642,"桃園市","平鎮區"
"同向通行中","2020",10,6,16,"晴","日間自然光線",50,"直路","一般車道(未劃分快慢車道)","柏油","乾燥","良好","無號誌","行車分向線","未繪設快慢車道分隔線","有",83,"非汽(機)車駕駛人",121.233886,24.889642,"桃園市","平鎮區"
"衝出路外","2020",10,6,16,"晴","日間自然光線",50,"彎曲路及附近","路肩、路緣","柏油","乾燥","良好","無號誌","中央分向島","寛式快慢車道分隔島(50公分以上)","有",22,"未使用",121.370242,25.025031,"桃園市","龜山區"
"側撞","2020",10,7,8,"晴","日間自然光線",30,"三岔路","交叉口附近","柏油","乾燥","良好","無號誌","無","未繪設快慢車道分隔線","有",61,"未使用",120.539143,22.625069,"屏東縣","內埔鄉"
"側撞","2020",10,7,8,"晴","日間自然光線",30,"三岔路","交叉口附近","柏油","乾燥","良好","無號誌","無","未繪設快慢車道分隔線","有",26,"未使用",120.539143,22.625069,"屏東縣","內埔鄉"
"側撞","2020",10,7,13,"晴","日間自然光線",60,"其他","其他","柏油","乾燥","良好","無號誌","無","未繪設快慢車道分隔線","無",51,"未使用",120.373189,22.535068,"高雄市","小港區"
"側撞","2020",10,7,13,"晴","日間自然光線",60,"其他","其他","柏油","乾燥","良好","無號誌","無","未繪設快慢車道分隔線","無",23,"未使用",120.373189,22.535068,"高雄市","小港區"
"路上翻車、摔倒","2020",10,8,6,"晴","晨或暮光",50,"直路","路肩、路緣","柏油","乾燥","良好","無號誌","中央分向島","未繪設快慢車道分隔線","有",66,"未使用",121.034968,24.789027,"新竹縣","竹東鎮"
"側撞","2020",10,8,8,"陰","日間自然光線",70,"四岔路","交叉路口內","柏油","乾燥","良好","正常","無","未繪設快慢車道分隔線","無",23,"未使用",121.25524,25.050409,"桃園市","蘆竹區"
"側撞","2020",10,8,8,"陰","日間自然光線",70,"四岔路","交叉路口內","柏油","乾燥","良好","正常","無","未繪設快慢車道分隔線","無",63,"未使用",121.25524,25.050409,"桃園市","蘆竹區"
"側撞","2020",10,8,17,"晴","日間自然光線",60,"三岔路","交叉路口內","柏油","乾燥","良好","正常","無","未繪設快慢車道分隔線","無",81,"未使用",121.111159,22.771044,"臺東縣","臺東市"
"側撞","2020",10,8,17,"晴","日間自然光線",60,"三岔路","交叉路口內","柏油","乾燥","良好","正常","無","未繪設快慢車道分隔線","無",23,"未使用",121.111159,22.771044,"臺東縣","臺東市"
"穿越道路中","2020",10,8,17,"晴","晨或暮光",60,"直路","快車道","柏油","乾燥","良好","無號誌","雙向禁止超車線","快慢車道分隔線","有",48,"未使用",120.392288,23.060306,"臺南市","左鎮區"
"穿越道路中","2020",10,8,17,"晴","晨或暮光",60,"直路","快車道","柏油","乾燥","良好","無號誌","雙向禁止超車線","快慢車道分隔線","有",62,"非汽(機)車駕駛人",120.392288,23.060306,"臺南市","左鎮區"
"撞護欄(樁)","2020",10,8,21,"晴","夜間(或隧道、地下道、涵洞)有照明",50,"彎曲路及附近","快車道","柏油","乾燥","良好","無號誌","中央分向島","快慢車道分隔線","無",20,"未使用",120.238354,22.954172,"臺南市","仁德區"
"追撞","2020",10,9,4,"晴","日間自然光線",40,"直路","慢車道","柏油","乾燥","良好","無號誌","行車分向線","快慢車道分隔線","有",28,"未使用",118.317009,24.43553,"金門縣","金城鎮"
"追撞","2020",10,9,4,"晴","日間自然光線",40,"直路","慢車道","柏油","乾燥","良好","無號誌","行車分向線","快慢車道分隔線","有",60,"未使用",118.317009,24.43553,"金門縣","金城鎮"
"側撞","2020",10,9,11,"晴","日間自然光線",60,"四岔路","交叉路口內","柏油","乾燥","良好","正常","中央分向島","寛式快慢車道分隔島(50公分以上)","無",22,"未使用",120.649163,24.162761,"臺中市","西屯區"
"側撞","2020",10,9,11,"晴","日間自然光線",60,"四岔路","交叉路口內","柏油","乾燥","良好","正常","中央分向島","寛式快慢車道分隔島(50公分以上)","無",43,"未使用",120.649163,24.162761,"臺中市","西屯區"
"其他","2020",10,9,15,"晴","日間自然光線",60,"直路","快車道","柏油","乾燥","良好","無號誌","中央分向島","未繪設快慢車道分隔線","有",49,"未使用",121.126578,24.893827,"桃園市","楊梅區"
"其他","2020",10,9,15,"晴","日間自然光線",60,"直路","快車道","柏油","乾燥","良好","無號誌","中央分向島","未繪設快慢車道分隔線","有",43,"非汽(機)車駕駛人",121.126578,24.893827,"桃園市","楊梅區"
"其他","2020",10,9,15,"晴","日間自然光線",60,"直路","快車道","柏油","乾燥","良好","無號誌","中央分向島","未繪設快慢車道分隔線","有",55,"未使用",121.126578,24.893827,"桃園市","楊梅區"
"其他","2020",10,9,15,"晴","日間自然光線",60,"直路","快車道","柏油","乾燥","良好","無號誌","中央分向島","未繪設快慢車道分隔線","有",53,"未使用",121.126578,24.893827,"桃園市","楊梅區"
"撞橋樑、建築物","2020",10,10,20,"晴","夜間(或隧道、地下道、涵洞)有照明",70,"直路","路肩、路緣","柏油","乾燥","良好","無號誌","中央分向島","快慢車道分隔線","有",22,"未使用",120.460533,23.608877,"嘉義縣","大林鎮"
"撞橋樑、建築物","2020",10,10,20,"晴","夜間(或隧道、地下道、涵洞)有照明",70,"直路","路肩、路緣","柏油","乾燥","良好","無號誌","中央分向島","快慢車道分隔線","有",22,"非汽(機)車駕駛人",120.460533,23.608877,"嘉義縣","大林鎮"
"其他","2020",10,10,21,"晴","夜間(或隧道、地下道、涵洞)有照明",40,"三岔路","交叉路口內","柏油","乾燥","良好","無號誌","雙向禁止超車線","未繪設快慢車道分隔線","有",36,"不明",121.016874,24.89148,"新竹縣","新豐鄉"
"其他","2020",10,10,21,"晴","夜間(或隧道、地下道、涵洞)有照明",40,"三岔路","交叉路口內","柏油","乾燥","良好","無號誌","雙向禁止超車線","未繪設快慢車道分隔線","有",55,"未使用",121.016874,24.89148,"新竹縣","新豐鄉"
"對向擦撞","2020",10,10,21,"晴","夜間(或隧道、地下道、涵洞)有照明",50,"彎曲路及附近","一般車道(未劃分快慢車道)","柏油","乾燥","良好","無號誌","雙向禁止超車線","未繪設快慢車道分隔線","有",17,"未使用",120.60423,22.690368,"屏東縣","內埔鄉"
"對向擦撞","2020",10,10,21,"晴","夜間(或隧道、地下道、涵洞)有照明",50,"彎曲路及附近","一般車道(未劃分快慢車道)","柏油","乾燥","良好","無號誌","雙向禁止超車線","未繪設快慢車道分隔線","有",14,"未使用",120.60423,22.690368,"屏東縣","內埔鄉"
"對向擦撞","2020",10,10,21,"晴","夜間(或隧道、地下道、涵洞)有照明",50,"彎曲路及附近","一般車道(未劃分快慢車道)","柏油","乾燥","良好","無號誌","雙向禁止超車線","未繪設快慢車道分隔線","有",36,"未使用",120.60423,22.690368,"屏東縣","內埔鄉"