"事故類型及型態子類別名稱","發生年度","發生月份","發生日期","發生時間","天候名稱","光線名稱","速限.第1當事者","道路型態子類別名稱","事故位置子類別名稱","路面狀況.路面鋪裝名稱","路面狀況.路面狀態名稱","道路障礙.視距品質名稱","號誌.號誌動作名稱","車道劃分設施.分向設施大類別名稱","車道劃分設施.分道設施.快慢車道間名稱","車道劃分設施.分道設施.路面邊線名稱","當事者事故發生時年齡","行動電話或電腦或其他相類功能裝置名稱","經度","緯度","縣市","鄉鎮"
"撞路樹、電桿","2020",10,11,6,"晴","日間自然光線",50,"直路","一般車道(未劃分快慢車道)","柏油","乾燥","良好","無號誌","雙向禁止超車線","未繪設快慢車道分隔線","有",26,"不明",121.194537,24.978488,"桃園市","中壢區"
"路上翻車、摔倒","2020",10,11,9,"晴","日間自然光線",50,"彎曲路及附近","路肩、路緣","柏油","乾燥","良好","無號誌","雙向禁止超車線","未繪設快慢車道分隔線","無",18,"未使用",121.543671,23.942732,"花蓮縣","吉安鄉"
"追撞","2020",10,11,16,"晴","日間自然光線",50,"直路","路肩、路緣","柏油","乾燥","良好","無號誌","中央分向島","未繪設快慢車道分隔線","有",31,"未使用",120.330328,23.454278,"嘉義縣","太保市"
"追撞","2020",10,11,16,"晴","日間自然光線",50,"直路","路肩、路緣","柏油","乾燥","良好","無號誌","中央分向島","未繪設快慢車道分隔線","有",49,"未使用",120.330328,23.454278,"嘉義縣","太保市"
"追撞","2020",10,11,16,"晴","日間自然光線",50,"直路","路肩、路緣","柏油","乾燥","良好","無號誌","中央分向島","未繪設快慢車道分隔線","有",72,"非汽(機)車駕駛人",120.330328,23.454278,"嘉義縣","太保市"
"側撞","2020",10,11,17,"晴","晨或暮光",30,"三岔路","交叉路口內","柏油","乾燥","良好","無號誌","無","未繪設快慢車道分隔線","無",16,"未使用",120.489807,23.830719,"彰化縣","社頭鄉"
"側撞","2020",10,11,17,"晴","晨或暮光",30,"三岔路","交叉路口內","柏油","乾燥","良好","無號誌","無","未繪設快慢車道分隔線","無",16,"非汽(機)車駕駛人",120.489807,23.830719,"彰化縣","社頭鄉"
"側撞","2020",10,11,17,"晴","晨或暮光",30,"三岔路","交叉路口內","柏油","乾燥","良好","無號誌","無","未繪設快慢車道分隔線","無",63,"未使用",120.489807,23.830719,"彰化縣","社頭鄉"
"撞橋樑、建築物","2020",10,12,6,"雨","日間自然光線",60,"直路","路肩、路緣","柏油","濕潤","良好","無號誌","行車分向線","快慢車道分隔線","有",19,"未使用",121.081654,25.037107,"桃園市","觀音區"
"穿越道路中","2020",10,12,7,"陰","日間自然光線",40,"直路","一般車道(未劃分快慢車道)","柏油","濕潤","良好","無號誌","雙向禁止超車線","未繪設快慢車道分隔線","有",25,"不明",121.660169,24.990944,"新北市","石碇區"
"穿越道路中","2020",10,12,7,"陰","日間自然光線",40,"直路","一般車道(未劃分快慢車道)","柏油","濕潤","良好","無號誌","雙向禁止超車線","未繪設快慢車道分隔線","有",86,"非汽(機)車駕駛人",121.660169,24.990944,"新北市","石碇區"
"撞路樹、電桿","2020",10,12,11,"晴","日間自然光線",30,"其他","其他","水泥","乾燥","良好","無號誌","無","未繪設快慢車道分隔線","有",58,"不明",120.916639,24.675274,"苗栗縣","頭份市"
"路上翻車、摔倒","2020",10,12,18,"雨","夜間(或隧道、地下道、涵洞)有照明",50,"彎曲路及附近","一般車道(未劃分快慢車道)","柏油","濕潤","良好","無號誌","雙向禁止超車線","未繪設快慢車道分隔線","有",23,"未使用",121.917346,25.074329,"新北市","貢寮區"
"其他","2020",10,12,22,"晴","夜間(或隧道、地下道、涵洞)有照明",25,"三岔路","交叉路口內","柏油","乾燥","不良","無號誌","行車分向線","未繪設快慢車道分隔線","有",44,"未使用",120.319475,22.578022,"高雄市","前鎮區"
"側撞","2020",10,13,6,"雨","日間自然光線",40,"三岔路","交叉路口內","柏油","濕潤","良好","正常","單向禁止超車線","未繪設快慢車道分隔線","有",54,"不明",121.561206,25.015368,"臺北市","大安區"
"側撞","2020",10,13,6,"雨","日間自然光線",40,"三岔路","交叉路口內","柏油","濕潤","良好","正常","單向禁止超車線","未繪設快慢車道分隔線","有",19,"非汽(機)車駕駛人",121.561206,25.015368,"臺北市","大安區"
"側撞","2020",10,13,6,"雨","日間自然光線",40,"三岔路","交叉路口內","柏油","濕潤","良好","正常","單向禁止超車線","未繪設快慢車道分隔線","有",19,"未使用",121.561206,25.015368,"臺北市","大安區"
"路口交岔撞","2020",10,13,7,"晴","日間自然光線",40,"四岔路","交叉路口內","柏油","乾燥","良好","無號誌","行車分向線","未繪設快慢車道分隔線","有",74,"未使用",120.473205,23.904118,"彰化縣","埤頭鄉"
"路口交岔撞","2020",10,13,7,"晴","日間自然光線",40,"四岔路","交叉路口內","柏油","乾燥","良好","無號誌","行車分向線","未繪設快慢車道分隔線","有",35,"未使用",120.473205,23.904118,"彰化縣","埤頭鄉"
"路口交岔撞","2020",10,13,8,"晴","日間自然光線",40,"四岔路","交叉路口內","柏油","乾燥","良好","無號誌","無","未繪設快慢車道分隔線","無",58,"未使用",120.322444,23.582483,"雲林縣","北港鎮"
"路口交岔撞","2020",10,13,8,"晴","日間自然光線",40,"四岔路","交叉路口內","柏油","乾燥","良好","無號誌","無","未繪設快慢車道分隔線","無",39,"未使用",120.322444,23.582483,"雲林縣","北港鎮"
"側撞","2020",10,13,10,"晴","日間自然光線",50,"四岔路","交叉口附近","柏油","乾燥","良好","正常","雙向禁止超車線","未繪設快慢車道分隔線","有",45,"未使用",120.3335,22.88619,"高雄市","阿蓮區"
"側撞","2020",10,13,10,"晴","日間自然光線",50,"四岔路","交叉口附近","柏油","乾燥","良好","正常","雙向禁止超車線","未繪設快慢車道分隔線","有",83,"非汽(機)車駕駛人",120.3335,22.88619,"高雄市","阿蓮區"
"追撞","2020",10,13,11,"雨","日間自然光線",60,"直路","一般車道(未劃分快慢車道)","柏油","濕潤","良好","無號誌","雙向禁止超車線","未繪設快慢車道分隔線","有",47,"不明",121.836277,25.127351,"新北市","瑞芳區"
"追撞","2020",10,13,11,"雨","日間自然光線",60,"直路","一般車道(未劃分快慢車道)","柏油","濕潤","良好","無號誌","雙向禁止超車線","未繪設快慢車道分隔線","有",41,"不明",121.836277,25.127351,"新北市","瑞芳區"
"追撞","2020",10,13,11,"雨","日間自然光線",60,"直路","一般車道(未劃分快慢車道)","柏油","濕潤","良好","無號誌","雙向禁止超車線","未繪設快慢車道分隔線","有",49,"不明",121.836277,25.127351,"新北市","瑞芳區"
"穿越道路中","2020",10,13,16,"晴","日間自然光線",50,"三岔路","一般車道(未劃分快慢車道)","柏油","乾燥","良好","無號誌","無","未繪設快慢車道分隔線","有",33,"未使用",120.821427,24.560159,"苗栗縣","苗栗市"
"穿越道路中","2020",10,13,16,"晴","日間自然光線",50,"三岔路","一般車道(未劃分快慢車道)","柏油","乾燥","良好","無號誌","無","未繪設快慢車道分隔線","有",79,"非汽(機)車駕駛人",120.821427,24.560159,"苗栗縣","苗栗市"
"撞交通島","2020",10,13,19,"晴","夜間(或隧道、地下道、涵洞)有照明",40,"彎曲路及附近","慢車道","柏油","乾燥","良好","無號誌","中央分向島","寛式快慢車道分隔島(50公分以上)","無",109,"",120.3618,22.55489,"高雄市","小港區"
"撞交通島","2020",10,13,19,"晴","夜間(或隧道、地下道、涵洞)有照明",40,"彎曲路及附近","慢車道","柏油","乾燥","良好","無號誌","中央分向島","寛式快慢車道分隔島(50公分以上)","無",40,"未使用",120.3618,22.55489,"高雄市","小港區"
"追撞","2020",10,13,20,"晴","日間自然光線",90,"直路","快車道","柏油","乾燥","良好","無號誌","中央分向島","未繪設快慢車道分隔線","有",45,"未使用",120.668141,24.026339,"南投縣","草屯鎮"
"追撞","2020",10,13,20,"晴","日間自然光線",90,"直路","快車道","柏油","乾燥","良好","無號誌","中央分向島","未繪設快慢車道分隔線","有",29,"未使用",120.668141,24.026339,"南投縣","草屯鎮"
"衝出路外","2020",10,14,1,"晴","夜間(或隧道、地下道、涵洞)有照明",40,"直路","路肩、路緣","柏油","乾燥","良好","無號誌","雙向禁止超車線","未繪設快慢車道分隔線","有",26,"不明",121.050282,24.77183,"新竹縣","竹東鎮"
"衝出路外","2020",10,14,1,"晴","夜間(或隧道、地下道、涵洞)有照明",40,"直路","路肩、路緣","柏油","乾燥","良好","無號誌","雙向禁止超車線","未繪設快慢車道分隔線","有",20,"不明",121.050282,24.77183,"新竹縣","竹東鎮"
"衝出路外","2020",10,14,1,"晴","夜間(或隧道、地下道、涵洞)有照明",40,"直路","路肩、路緣","柏油","乾燥","良好","無號誌","雙向禁止超車線","未繪設快慢車道分隔線","有",24,"不明",121.050282,24.77183,"新竹縣","竹東鎮"
"衝出路外","2020",10,14,1,"晴","夜間(或隧道、地下道、涵洞)有照明",40,"直路","路肩、路緣","柏油","乾燥","良好","無號誌","雙向禁止超車線","未繪設快慢車道分隔線","有",23,"非汽(機)車駕駛人",121.050282,24.77183,"新竹縣","竹東鎮"
"衝出路外","2020",10,14,1,"晴","夜間(或隧道、地下道、涵洞)有照明",40,"直路","路肩、路緣","柏油","乾燥","良好","無號誌","雙向禁止超車線","未繪設快慢車道分隔線","有",19,"非汽(機)車駕駛人",121.050282,24.77183,"新竹縣","竹東鎮"
"同向擦撞","2020",10,14,7,"晴","日間自然光線",50,"四岔路","交叉路口內","柏油","乾燥","良好","正常","行車分向線","快慢車道分隔線","無",52,"不明",120.942254,24.681919,"苗栗縣","頭份市"
"同向擦撞","2020",10,14,7,"晴","日間自然光線",50,"四岔路","交叉路口內","柏油","乾燥","良好","正常","行車分向線","快慢車道分隔線","無",70,"不明",120.942254,24.681919,"苗栗縣","頭份市"
"同向擦撞","2020",10,14,8,"晴","日間自然光線",50,"四岔路","交叉口附近","柏油","乾燥","良好","無號誌","雙向禁止超車線","未繪設快慢車道分隔線","有",25,"未使用",120.706775,24.377317,"苗栗縣","苑裡鎮"
"同向擦撞","2020",10,14,8,"晴","日間自然光線",50,"四岔路","交叉口附近","柏油","乾燥","良好","無號誌","雙向禁止超車線","未繪設快慢車道分隔線","有",62,"未使用",120.706775,24.377317,"苗栗縣","苑裡鎮"
"穿越道路中","2020",10,14,18,"晴","夜間(或隧道、地下道、涵洞)有照明",60,"直路","一般車道(未劃分快慢車道)","柏油","乾燥","良好","無號誌","雙向禁止超車線","未繪設快慢車道分隔線","有",75,"非汽(機)車駕駛人",120.945122,24.618257,"苗栗縣","三灣鄉"
"穿越道路中","2020",10,14,18,"晴","夜間(或隧道、地下道、涵洞)有照明",60,"直路","一般車道(未劃分快慢車道)","柏油","乾燥","良好","無號誌","雙向禁止超車線","未繪設快慢車道分隔線","有",59,"未使用",120.945122,24.618257,"苗栗縣","三灣鄉"
"其他","2020",10,14,18,"晴","夜間(或隧道、地下道、涵洞)有照明",40,"直路","一般車道(未劃分快慢車道)","柏油","乾燥","良好","無號誌","行車分向線","未繪設快慢車道分隔線","有",57,"未使用",121.368297,25.031044,"桃園市","龜山區"
"穿越道路中","2020",10,14,22,"晴","夜間(或隧道、地下道、涵洞)有照明",50,"三岔路","交叉路口內","柏油","乾燥","良好","正常","無","未繪設快慢車道分隔線","無",64,"非汽(機)車駕駛人",120.656788,24.124285,"臺中市","南區"
"穿越道路中","2020",10,14,22,"晴","夜間(或隧道、地下道、涵洞)有照明",50,"三岔路","交叉路口內","柏油","乾燥","良好","正常","無","未繪設快慢車道分隔線","無",26,"未使用",120.656788,24.124285,"臺中市","南區"
"穿越道路中","2020",10,14,22,"晴","夜間(或隧道、地下道、涵洞)有照明",50,"三岔路","交叉路口內","柏油","乾燥","良好","正常","無","未繪設快慢車道分隔線","無",23,"未使用",120.656788,24.124285,"臺中市","南區"
"穿越道路中","2020",10,14,22,"晴","夜間(或隧道、地下道、涵洞)有照明",50,"三岔路","交叉路口內","柏油","乾燥","良好","正常","無","未繪設快慢車道分隔線","無",24,"未使用",120.656788,24.124285,"臺中市","南區"
"路口交岔撞","2020",10,15,8,"晴","日間自然光線",30,"四岔路","交叉路口內","柏油","乾燥","良好","無號誌","無","未繪設快慢車道分隔線","無",19,"未使用",120.369062,23.548249,"嘉義縣","新港鄉"
"路口交岔撞","2020",10,15,8,"晴","日間自然光線",30,"四岔路","交叉路口內","柏油","乾燥","良好","無號誌","無","未繪設快慢車道分隔線","無",49,"未使用",120.369062,23.548249,"嘉義縣","新港鄉"
"衝進路中","2020",10,15,14,"陰","日間自然光線",50,"三岔路","交叉路口內","柏油","乾燥","良好","正常","中央分向島","未繪設快慢車道分隔線","無",44,"非汽(機)車駕駛人",121.552117,25.057947,"臺北市","松山區"
"衝進路中","2020",10,15,14,"陰","日間自然光線",50,"三岔路","交叉路口內","柏油","乾燥","良好","正常","中央分向島","未繪設快慢車道分隔線","無",42,"未使用",121.552117,25.057947,"臺北市","松山區"
"衝進路中","2020",10,15,14,"陰","日間自然光線",50,"三岔路","交叉路口內","柏油","乾燥","良好","正常","中央分向島","未繪設快慢車道分隔線","無",59,"未使用",121.552117,25.057947,"臺北市","松山區"
"側撞","2020",10,15,17,"晴","晨或暮光",50,"四岔路","交叉路口內","柏油","乾燥","良好","正常","雙向禁止超車線","未繪設快慢車道分隔線","有",58,"未使用",120.550592,24.079458,"彰化縣","彰化市"
"側撞","2020",10,15,17,"晴","晨或暮光",50,"四岔路","交叉路口內","柏油","乾燥","良好","正常","雙向禁止超車線","未繪設快慢車道分隔線","有",28,"未使用",120.550592,24.079458,"彰化縣","彰化市"
"路口交岔撞","2020",10,16,8,"晴","日間自然光線",50,"四岔路","交叉路口內","柏油","乾燥","良好","正常","雙向禁止超車線","未繪設快慢車道分隔線","無",53,"不明",120.217182,23.678468,"雲林縣","臺西鄉"
"路口交岔撞","2020",10,16,8,"晴","日間自然光線",50,"四岔路","交叉路口內","柏油","乾燥","良好","正常","雙向禁止超車線","未繪設快慢車道分隔線","無",70,"不明",120.217182,23.678468,"雲林縣","臺西鄉"
"側撞","2020",10,16,10,"晴","日間自然光線",30,"三岔路","交叉路口內","柏油","乾燥","良好","無號誌","無","未繪設快慢車道分隔線","無",35,"未使用",120.333907,23.875025,"彰化縣","大城鄉"
"側撞","2020",10,16,10,"晴","日間自然光線",30,"三岔路","交叉路口內","柏油","乾燥","良好","無號誌","無","未繪設快慢車道分隔線","無",75,"未使用",120.333907,23.875025,"彰化縣","大城鄉"
"對向擦撞","2020",10,16,12,"晴","日間自然光線",40,"彎曲路及附近","一般車道(未劃分快慢車道)","柏油","乾燥","良好","無號誌","雙向禁止超車線","未繪設快慢車道分隔線","有",60,"非汽(機)車駕駛人",121.111344,24.00803,"南投縣","仁愛鄉"
"對向擦撞","2020",10,16,12,"晴","日間自然光線",40,"彎曲路及附近","一般車道(未劃分快慢車道)","柏油","乾燥","良好","無號誌","雙向禁止超車線","未繪設快慢車道分隔線","有",50,"未使用",121.111344,24.00803,"南投縣","仁愛鄉"
"對向擦撞","2020",10,16,12,"晴","日間自然光線",40,"彎曲路及附近","一般車道(未劃分快慢車道)","柏油","乾燥","良好","無號誌","雙向禁止超車線","未繪設快慢車道分隔線","有",29,"未使用",121.111344,24.00803,"南投縣","仁愛鄉"
"路口交岔撞","2020",10,16,18,"陰","夜間(或隧道、地下道、涵洞)有照明",50,"四岔路","交叉路口內","柏油","濕潤","良好","正常","中央分向島","未繪設快慢車道分隔線","有",21,"未使用",121.521718,25.045223,"臺北市","中正區"
"路口交岔撞","2020",10,16,18,"陰","夜間(或隧道、地下道、涵洞)有照明",50,"四岔路","交叉路口內","柏油","濕潤","良好","正常","中央分向島","未繪設快慢車道分隔線","有",63,"未使用",121.521718,25.045223,"臺北市","中正區"
"路口交岔撞","2020",10,16,18,"陰","夜間(或隧道、地下道、涵洞)有照明",50,"四岔路","交叉路口內","柏油","濕潤","良好","正常","中央分向島","未繪設快慢車道分隔線","有",64,"未使用",121.521718,25.045223,"臺北市","中正區"
"穿越道路中","2020",10,17,8,"晴","日間自然光線",50,"四岔路","交叉口附近","柏油","乾燥","良好","正常","雙向禁止超車線","未繪設快慢車道分隔線","有",48,"不明",120.349786,23.976203,"彰化縣","芳苑鄉"
"穿越道路中","2020",10,17,8,"晴","日間自然光線",50,"四岔路","交叉口附近","柏油","乾燥","良好","正常","雙向禁止超車線","未繪設快慢車道分隔線","有",78,"非汽(機)車駕駛人",120.349786,23.976203,"彰化縣","芳苑鄉"
"路口交岔撞","2020",10,17,9,"晴","日間自然光線",50,"四岔路","交叉路口內","柏油","乾燥","不良","正常","無","未繪設快慢車道分隔線","無",44,"未使用",120.436275,23.483176,"嘉義市","西區"
"路口交岔撞","2020",10,17,9,"晴","日間自然光線",50,"四岔路","交叉路口內","柏油","乾燥","不良","正常","無","未繪設快慢車道分隔線","無",34,"未使用",120.436275,23.483176,"嘉義市","西區"
"側撞","2020",10,17,12,"晴","日間自然光線",50,"三岔路","交叉路口內","柏油","乾燥","良好","正常","無","未繪設快慢車道分隔線","無",26,"不明",120.264987,23.089726,"臺南市","新市區"
"側撞","2020",10,17,12,"晴","日間自然光線",50,"三岔路","交叉路口內","柏油","乾燥","良好","正常","無","未繪設快慢車道分隔線","無",37,"未使用",120.264987,23.089726,"臺南市","新市區"
"同向通行中","2020",10,17,19,"晴","夜間(或隧道、地下道、涵洞)有照明",50,"直路","一般車道(未劃分快慢車道)","柏油","乾燥","良好","無號誌","雙向禁止超車線","未繪設快慢車道分隔線","有",49,"未使用",120.575172,24.280378,"臺中市","清水區"
"同向通行中","2020",10,17,19,"晴","夜間(或隧道、地下道、涵洞)有照明",50,"直路","一般車道(未劃分快慢車道)","柏油","乾燥","良好","無號誌","雙向禁止超車線","未繪設快慢車道分隔線","有",69,"未使用",120.575172,24.280378,"臺中市","清水區"
"同向通行中","2020",10,17,19,"晴","夜間(或隧道、地下道、涵洞)有照明",50,"直路","一般車道(未劃分快慢車道)","柏油","乾燥","良好","無號誌","雙向禁止超車線","未繪設快慢車道分隔線","有",19,"未使用",120.575172,24.280378,"臺中市","清水區"
"同向通行中","2020",10,17,19,"晴","夜間(或隧道、地下道、涵洞)有照明",50,"直路","一般車道(未劃分快慢車道)","柏油","乾燥","良好","無號誌","雙向禁止超車線","未繪設快慢車道分隔線","有",19,"非汽(機)車駕駛人",120.575172,24.280378,"臺中市","清水區"
"路口交岔撞","2020",10,18,9,"晴","日間自然光線",50,"四岔路","交叉路口內","柏油","乾燥","良好","正常","中央分向島","未繪設快慢車道分隔線","有",67,"未使用",120.971072,24.901477,"新竹縣","新豐鄉"
"路口交岔撞","2020",10,18,9,"晴","日間自然光線",50,"四岔路","交叉路口內","柏油","乾燥","良好","正常","中央分向島","未繪設快慢車道分隔線","有",66,"未使用",120.971072,24.901477,"新竹縣","新豐鄉"
"追撞","2020",10,18,13,"晴","日間自然光線",50,"四岔路","交叉路口內","柏油","乾燥","良好","正常","雙向禁止超車線","未繪設快慢車道分隔線","無",59,"不明",121.465456,25.046935,"新北市","新莊區"
"追撞","2020",10,18,13,"晴","日間自然光線",50,"四岔路","交叉路口內","柏油","乾燥","良好","正常","雙向禁止超車線","未繪設快慢車道分隔線","無",42,"不明",121.465456,25.046935,"新北市","新莊區"
"追撞","2020",10,18,13,"晴","日間自然光線",50,"四岔路","交叉路口內","柏油","乾燥","良好","正常","雙向禁止超車線","未繪設快慢車道分隔線","無",31,"不明",121.465456,25.046935,"新北市","新莊區"
"追撞","2020",10,18,13,"晴","日間自然光線",50,"四岔路","交叉路口內","柏油","乾燥","良好","正常","雙向禁止超車線","未繪設快慢車道分隔線","無",36,"非汽(機)車駕駛人",121.465456,25.046935,"新北市","新莊區"
"追撞","2020",10,18,13,"晴","日間自然光線",50,"四岔路","交叉路口內","柏油","乾燥","良好","正常","雙向禁止超車線","未繪設快慢車道分隔線","無",38,"未使用",121.465456,25.046935,"新北市","新莊區"
"撞橋樑、建築物","2020",10,18,14,"晴","日間自然光線",50,"直路","路肩、路緣","柏油","乾燥","良好","無號誌","雙向禁止超車線","未繪設快慢車道分隔線","有",71,"未使用",120.405235,23.518991,"嘉義縣","民雄鄉"
"撞路樹、電桿","2020",10,18,14,"晴","日間自然光線",30,"直路","一般車道(未劃分快慢車道)","柏油","乾燥","良好","無號誌","無","未繪設快慢車道分隔線","無",23,"不明",120.169082,23.536337,"雲林縣","口湖鄉"
"路口交岔撞","2020",10,18,17,"晴","晨或暮光",50,"三岔路","交叉路口內","柏油","乾燥","良好","正常","雙向禁止超車線","快慢車道分隔線","無",66,"未使用",120.267473,22.945297,"臺南市","仁德區"
"路口交岔撞","2020",10,18,17,"晴","晨或暮光",50,"三岔路","交叉路口內","柏油","乾燥","良好","正常","雙向禁止超車線","快慢車道分隔線","無",76,"未使用",120.267473,22.945297,"臺南市","仁德區"
"側撞","2020",10,18,18,"晴","夜間(或隧道、地下道、涵洞)有照明",60,"直路","快車道","柏油","乾燥","良好","無號誌","行車分向線","快慢車道分隔線","有",78,"非汽(機)車駕駛人",120.215619,23.136774,"臺南市","西港區"
"側撞","2020",10,18,18,"晴","夜間(或隧道、地下道、涵洞)有照明",60,"直路","快車道","柏油","乾燥","良好","無號誌","行車分向線","快慢車道分隔線","有",28,"未使用",120.215619,23.136774,"臺南市","西港區"
"路口交岔撞","2020",10,18,23,"陰","夜間(或隧道、地下道、涵洞)有照明",50,"四岔路","交叉路口內","柏油","乾燥","良好","正常","無","未繪設快慢車道分隔線","無",24,"未使用",120.230051,22.971746,"臺南市","東區"
"路口交岔撞","2020",10,18,23,"陰","夜間(或隧道、地下道、涵洞)有照明",50,"四岔路","交叉路口內","柏油","乾燥","良好","正常","無","未繪設快慢車道分隔線","無",33,"未使用",120.230051,22.971746,"臺南市","東區"
"追撞","2020",10,19,1,"晴","夜間(或隧道、地下道、涵洞)有照明",50,"三岔路","交叉口附近","柏油","乾燥","良好","正常","中央分向島","快慢車道分隔線","有",16,"不明",120.927556,24.827533,"新竹市","北區"
"追撞","2020",10,19,1,"晴","夜間(或隧道、地下道、涵洞)有照明",50,"三岔路","交叉口附近","柏油","乾燥","良好","正常","中央分向島","快慢車道分隔線","有",32,"不明",120.927556,24.827533,"新竹市","北區"
"撞號誌、標誌桿","2020",10,19,10,"陰","日間自然光線",40,"直路","一般車道(未劃分快慢車道)","柏油","乾燥","良好","無號誌","雙向禁止超車線","未繪設快慢車道分隔線","有",28,"不明",121.377793,25.061906,"桃園市","龜山區"
"撞號誌、標誌桿","2020",10,19,10,"陰","日間自然光線",40,"直路","一般車道(未劃分快慢車道)","柏油","乾燥","良好","無號誌","雙向禁止超車線","未繪設快慢車道分隔線","有",33,"非汽(機)車駕駛人",121.377793,25.061906,"桃園市","龜山區"
"穿越道路中","2020",10,19,11,"晴","日間自然光線",50,"直路","快車道","柏油","乾燥","良好","無號誌","雙向禁止超車線","快慢車道分隔線","無",19,"未使用",120.296428,22.644465,"高雄市","三民區"
"穿越道路中","2020",10,19,11,"晴","日間自然光線",50,"直路","快車道","柏油","乾燥","良好","無號誌","雙向禁止超車線","快慢車道分隔線","無",83,"非汽(機)車駕駛人",120.296428,22.644465,"高雄市","三民區"
"路上翻車、摔倒","2020",10,19,11,"晴","日間自然光線",50,"彎曲路及附近","一般車道(未劃分快慢車道)","柏油","乾燥","不良","無號誌","雙向禁止超車線","未繪設快慢車道分隔線","有",65,"不明",121.014111,24.59662,"苗栗縣","南庄鄉"
"路上翻車、摔倒","2020",10,19,11,"晴","日間自然光線",50,"彎曲路及附近","一般車道(未劃分快慢車道)","柏油","乾燥","不良","無號誌","雙向禁止超車線","未繪設快慢車道分隔線","有",64,"非汽(機)車駕駛人",121.014111,24.59662,"苗栗縣","南庄鄉"
"路上翻車、摔倒","2020",10,19,11,"晴","日間自然光線",50,"彎曲路及附近","一般車道(未劃分快慢車道)","柏油","乾燥","不良","無號誌","雙向禁止超車線","未繪設快慢車道分隔線","有",1,"非汽(機)車駕駛人",121.014111,24.59662,"苗栗縣","南庄鄉"
"路上翻車、摔倒","2020",10,19,12,"陰","日間自然光線",70,"直路","慢車道","柏油","乾燥","良好","無號誌","中央分向島","快慢車道分隔線","有",49,"不明",120.717013,22.059951,"屏東縣","車城鄉"
"撞交通島","2020",10,19,13,"晴","日間自然光線",50,"直路","快車道","柏油","乾燥","良好","無號誌","中央分向島","快慢車道分隔線","有",26,"未使用",120.144786,23.048413,"臺南市","南區"
"同向擦撞","2020",10,19,17,"晴","晨或暮光",50,"三岔路","一般車道(未劃分快慢車道)","柏油","乾燥","良好","正常","行車分向線","未繪設快慢車道分隔線","無",62,"未使用",120.69277,24.13687,"臺中市","東區"
"同向擦撞","2020",10,19,17,"晴","晨或暮光",50,"三岔路","一般車道(未劃分快慢車道)","柏油","乾燥","良好","正常","行車分向線","未繪設快慢車道分隔線","無",39,"未使用",120.69277,24.13687,"臺中市","東區"
"對向擦撞","2020",10,19,17,"雨","夜間(或隧道、地下道、涵洞)有照明",50,"直路","慢車道","柏油","濕潤","良好","無號誌","雙向禁止超車線","快慢車道分隔線","有",23,"未使用",121.312318,22.987607,"臺東縣","成功鎮"
"對向擦撞","2020",10,19,17,"雨","夜間(或隧道、地下道、涵洞)有照明",50,"直路","慢車道","柏油","濕潤","良好","無號誌","雙向禁止超車線","快慢車道分隔線","有",31,"未使用",121.312318,22.987607,"臺東縣","成功鎮"
"對向擦撞","2020",10,19,17,"雨","夜間(或隧道、地下道、涵洞)有照明",50,"直路","慢車道","柏油","濕潤","良好","無號誌","雙向禁止超車線","快慢車道分隔線","有",69,"未使用",121.312318,22.987607,"臺東縣","成功鎮"
"對向擦撞","2020",10,19,17,"雨","夜間(或隧道、地下道、涵洞)有照明",50,"直路","慢車道","柏油","濕潤","良好","無號誌","雙向禁止超車線","快慢車道分隔線","有",65,"非汽(機)車駕駛人",121.312318,22.987607,"臺東縣","成功鎮"
"側撞","2020",10,20,6,"晴","日間自然光線",50,"三岔路","交叉路口內","柏油","乾燥","良好","無號誌","無","未繪設快慢車道分隔線","無",74,"未使用",120.5714,22.88027,"高雄市","美濃區"
"側撞","2020",10,20,6,"晴","日間自然光線",50,"三岔路","交叉路口內","柏油","乾燥","良好","無號誌","無","未繪設快慢車道分隔線","無",32,"未使用",120.5714,22.88027,"高雄市","美濃區"
"衝出路外","2020",10,20,7,"晴","日間自然光線",60,"直路","路肩、路緣","柏油","濕潤","良好","無號誌","無","未繪設快慢車道分隔線","無",69,"未使用",121.299134,23.260463,"花蓮縣","富里鄉"
"路上翻車、摔倒","2020",10,20,12,"雨","日間自然光線",30,"直路","一般車道(未劃分快慢車道)","柏油","濕潤","良好","無號誌","無","未繪設快慢車道分隔線","有",77,"未使用",121.542459,25.118753,"臺北市","士林區"
"撞路樹、電桿","2020",10,20,14,"晴","日間自然光線",50,"直路","一般車道(未劃分快慢車道)","柏油","乾燥","良好","無號誌","雙向禁止超車線","未繪設快慢車道分隔線","有",52,"未使用",120.492819,23.927725,"彰化縣","溪湖鎮"
"其他","2020",10,20,16,"晴","日間自然光線",50,"四岔路","交叉路口內","柏油","乾燥","良好","正常","無","未繪設快慢車道分隔線","有",65,"未使用",121.437742,24.972709,"新北市","土城區"
"其他","2020",10,20,16,"晴","日間自然光線",50,"四岔路","交叉路口內","柏油","乾燥","良好","正常","無","未繪設快慢車道分隔線","有",26,"未使用",121.437742,24.972709,"新北市","土城區"