"事故類型及型態子類別名稱","發生年度","發生月份","發生日期","發生時間","天候名稱","光線名稱","速限.第1當事者","道路型態子類別名稱","事故位置子類別名稱","路面狀況.路面鋪裝名稱","路面狀況.路面狀態名稱","道路障礙.視距品質名稱","號誌.號誌動作名稱","車道劃分設施.分向設施大類別名稱","車道劃分設施.分道設施.快慢車道間名稱","車道劃分設施.分道設施.路面邊線名稱","當事者事故發生時年齡","行動電話或電腦或其他相類功能裝置名稱","經度","緯度","縣市","鄉鎮"
"同向擦撞","2020",10,20,17,"雨","夜間(或隧道、地下道、涵洞)有照明",30,"直路","一般車道(未劃分快慢車道)","柏油","濕潤","良好","無號誌","無","未繪設快慢車道分隔線","有",20,"未使用",121.319398,24.957714,"桃園市","八德區"
"同向擦撞","2020",10,20,17,"雨","夜間(或隧道、地下道、涵洞)有照明",30,"直路","一般車道(未劃分快慢車道)","柏油","濕潤","良好","無號誌","無","未繪設快慢車道分隔線","有",59,"未使用",121.319398,24.957714,"桃園市","八德區"
"同向擦撞","2020",10,20,17,"雨","夜間(或隧道、地下道、涵洞)有照明",30,"直路","一般車道(未劃分快慢車道)","柏油","濕潤","良好","無號誌","無","未繪設快慢車道分隔線","有",53,"未使用",121.319398,24.957714,"桃園市","八德區"
"其他","2020",10,21,5,"雨","晨或暮光",50,"直路","快車道","柏油","濕潤","良好","無號誌","中央分向島","快慢車道分隔線","無",22,"未使用",121.529351,25.026449,"臺北市","大安區"
"其他","2020",10,21,5,"雨","晨或暮光",50,"直路","快車道","柏油","濕潤","良好","無號誌","中央分向島","快慢車道分隔線","無",49,"未使用",121.529351,25.026449,"臺北市","大安區"
"側撞","2020",10,21,11,"晴","日間自然光線",50,"直路","一般車道(未劃分快慢車道)","柏油","乾燥","良好","無號誌","行車分向線","未繪設快慢車道分隔線","有",39,"未使用",121.235055,24.87423,"桃園市","龍潭區"
"側撞","2020",10,21,11,"晴","日間自然光線",50,"直路","一般車道(未劃分快慢車道)","柏油","乾燥","良好","無號誌","行車分向線","未繪設快慢車道分隔線","有",88,"未使用",121.235055,24.87423,"桃園市","龍潭區"
"追撞","2020",10,21,12,"晴","日間自然光線",40,"直路","慢車道","柏油","乾燥","良好","無號誌","中央分向島","快慢車道分隔線","有",20,"未使用",120.466995,22.584076,"屏東縣","萬丹鄉"
"追撞","2020",10,21,12,"晴","日間自然光線",40,"直路","慢車道","柏油","乾燥","良好","無號誌","中央分向島","快慢車道分隔線","有",44,"未使用",120.466995,22.584076,"屏東縣","萬丹鄉"
"對向擦撞","2020",10,21,14,"雨","日間自然光線",40,"直路","一般車道(未劃分快慢車道)","水泥","濕潤","良好","無號誌","無","未繪設快慢車道分隔線","無",24,"未使用",121.509601,22.060176,"臺東縣","蘭嶼鄉"
"對向擦撞","2020",10,21,14,"雨","日間自然光線",40,"直路","一般車道(未劃分快慢車道)","水泥","濕潤","良好","無號誌","無","未繪設快慢車道分隔線","無",34,"未使用",121.509601,22.060176,"臺東縣","蘭嶼鄉"
"對向擦撞","2020",10,21,14,"雨","日間自然光線",40,"直路","一般車道(未劃分快慢車道)","水泥","濕潤","良好","無號誌","無","未繪設快慢車道分隔線","無",37,"未使用",121.509601,22.060176,"臺東縣","蘭嶼鄉"
"追撞","2020",10,21,16,"晴","日間自然光線",50,"多岔路","交叉路口內","柏油","乾燥","良好","正常","中央分向島","未繪設快慢車道分隔線","有",43,"未使用",120.484355,22.578562,"屏東縣","萬丹鄉"
"追撞","2020",10,21,16,"晴","日間自然光線",50,"多岔路","交叉路口內","柏油","乾燥","良好","正常","中央分向島","未繪設快慢車道分隔線","有",68,"未使用",120.484355,22.578562,"屏東縣","萬丹鄉"
"側撞","2020",10,21,20,"晴","夜間(或隧道、地下道、涵洞)有照明",50,"四岔路","交叉路口內","柏油","乾燥","良好","正常","無","未繪設快慢車道分隔線","無",86,"未使用",120.562456,24.240186,"臺中市","沙鹿區"
"側撞","2020",10,21,20,"晴","夜間(或隧道、地下道、涵洞)有照明",50,"四岔路","交叉路口內","柏油","乾燥","良好","正常","無","未繪設快慢車道分隔線","無",44,"未使用",120.562456,24.240186,"臺中市","沙鹿區"
"路口交岔撞","2020",10,21,23,"晴","夜間(或隧道、地下道、涵洞)有照明",50,"四岔路","交叉路口內","柏油","乾燥","良好","正常","無","未繪設快慢車道分隔線","無",53,"未使用",120.7206,24.15908,"臺中市","太平區"
"路口交岔撞","2020",10,21,23,"晴","夜間(或隧道、地下道、涵洞)有照明",50,"四岔路","交叉路口內","柏油","乾燥","良好","正常","無","未繪設快慢車道分隔線","無",57,"未使用",120.7206,24.15908,"臺中市","太平區"
"路口交岔撞","2020",10,21,23,"晴","夜間(或隧道、地下道、涵洞)有照明",50,"四岔路","交叉路口內","柏油","乾燥","良好","正常","無","未繪設快慢車道分隔線","無",46,"非汽(機)車駕駛人",120.7206,24.15908,"臺中市","太平區"
"同向擦撞","2020",10,22,11,"晴","日間自然光線",30,"直路","一般車道(未劃分快慢車道)","柏油","乾燥","良好","無號誌","無","未繪設快慢車道分隔線","有",24,"未使用",120.539708,24.110774,"彰化縣","和美鎮"
"同向擦撞","2020",10,22,11,"晴","日間自然光線",30,"直路","一般車道(未劃分快慢車道)","柏油","乾燥","良好","無號誌","無","未繪設快慢車道分隔線","有",43,"未使用",120.539708,24.110774,"彰化縣","和美鎮"
"同向擦撞","2020",10,22,12,"晴","日間自然光線",90,"直路","快車道","柏油","乾燥","良好","無號誌","中央分向島","未繪設快慢車道分隔線","有",50,"非汽(機)車駕駛人",120.275403,22.886902,"高雄市","路竹區"
"同向擦撞","2020",10,22,12,"晴","日間自然光線",90,"直路","快車道","柏油","乾燥","良好","無號誌","中央分向島","未繪設快慢車道分隔線","有",41,"未使用",120.275403,22.886902,"高雄市","路竹區"
"同向擦撞","2020",10,22,12,"晴","日間自然光線",90,"直路","快車道","柏油","乾燥","良好","無號誌","中央分向島","未繪設快慢車道分隔線","有",50,"未使用",120.275403,22.886902,"高雄市","路竹區"
"同向擦撞","2020",10,22,12,"晴","日間自然光線",90,"直路","快車道","柏油","乾燥","良好","無號誌","中央分向島","未繪設快慢車道分隔線","有",40,"未使用",120.275403,22.886902,"高雄市","路竹區"
"路口交岔撞","2020",10,22,14,"雨","日間自然光線",70,"三岔路","交叉路口內","柏油","濕潤","良好","正常","無","未繪設快慢車道分隔線","無",86,"未使用",121.448714,23.746493,"花蓮縣","鳳林鎮"
"路口交岔撞","2020",10,22,14,"雨","日間自然光線",70,"三岔路","交叉路口內","柏油","濕潤","良好","正常","無","未繪設快慢車道分隔線","無",45,"未使用",121.448714,23.746493,"花蓮縣","鳳林鎮"
"路口交岔撞","2020",10,22,15,"晴","日間自然光線",30,"四岔路","交叉路口內","柏油","乾燥","不良","無號誌","無","未繪設快慢車道分隔線","無",71,"未使用",120.252431,23.42693,"嘉義縣","朴子市"
"路口交岔撞","2020",10,22,15,"晴","日間自然光線",30,"四岔路","交叉路口內","柏油","乾燥","不良","無號誌","無","未繪設快慢車道分隔線","無",56,"未使用",120.252431,23.42693,"嘉義縣","朴子市"
"同向通行中","2020",10,22,15,"晴","日間自然光線",40,"直路","慢車道","柏油","乾燥","良好","無號誌","中央分向島","寛式快慢車道分隔島(50公分以上)","有",73,"不明",120.3101,22.75801,"高雄市","橋頭區"
"同向通行中","2020",10,22,15,"晴","日間自然光線",40,"直路","慢車道","柏油","乾燥","良好","無號誌","中央分向島","寛式快慢車道分隔島(50公分以上)","有",20,"未使用",120.3101,22.75801,"高雄市","橋頭區"
"同向通行中","2020",10,22,15,"晴","日間自然光線",40,"直路","慢車道","柏油","乾燥","良好","無號誌","中央分向島","寛式快慢車道分隔島(50公分以上)","有",68,"非汽(機)車駕駛人",120.3101,22.75801,"高雄市","橋頭區"
"穿越道路中","2020",10,22,20,"雨","日間自然光線",70,"直路","慢車道","柏油","濕潤","良好","無號誌","中央分向島","快慢車道分隔線","無",74,"未使用",120.878344,24.66174,"苗栗縣","竹南鎮"
"穿越道路中","2020",10,22,20,"雨","日間自然光線",70,"直路","慢車道","柏油","濕潤","良好","無號誌","中央分向島","快慢車道分隔線","無",24,"未使用",120.878344,24.66174,"苗栗縣","竹南鎮"
"穿越道路中","2020",10,22,20,"雨","日間自然光線",70,"直路","慢車道","柏油","濕潤","良好","無號誌","中央分向島","快慢車道分隔線","無",63,"未使用",120.878344,24.66174,"苗栗縣","竹南鎮"
"衝進路中","2020",10,23,13,"雨","日間自然光線",50,"四岔路","交叉路口內","柏油","濕潤","良好","正常","中央分向島","未繪設快慢車道分隔線","無",20,"未使用",121.538469,25.007784,"臺北市","文山區"
"衝進路中","2020",10,23,13,"雨","日間自然光線",50,"四岔路","交叉路口內","柏油","濕潤","良好","正常","中央分向島","未繪設快慢車道分隔線","無",21,"非汽(機)車駕駛人",121.538469,25.007784,"臺北市","文山區"
"衝進路中","2020",10,23,13,"雨","日間自然光線",50,"四岔路","交叉路口內","柏油","濕潤","良好","正常","中央分向島","未繪設快慢車道分隔線","無",67,"非汽(機)車駕駛人",121.538469,25.007784,"臺北市","文山區"
"追撞","2020",10,23,16,"晴","日間自然光線",40,"橋樑","一般車道(未劃分快慢車道)","柏油","乾燥","良好","無號誌","無","未繪設快慢車道分隔線","無",41,"不明",120.631503,24.170731,"臺中市","西屯區"
"追撞","2020",10,23,16,"晴","日間自然光線",40,"橋樑","一般車道(未劃分快慢車道)","柏油","乾燥","良好","無號誌","無","未繪設快慢車道分隔線","無",61,"不明",120.631503,24.170731,"臺中市","西屯區"
"側撞","2020",10,23,18,"晴","夜間(或隧道、地下道、涵洞)有照明",70,"三岔路","交叉路口內","柏油","乾燥","良好","正常","無","未繪設快慢車道分隔線","無",63,"未使用",121.622392,24.107699,"花蓮縣","新城鄉"
"側撞","2020",10,23,18,"晴","夜間(或隧道、地下道、涵洞)有照明",70,"三岔路","交叉路口內","柏油","乾燥","良好","正常","無","未繪設快慢車道分隔線","無",48,"未使用",121.622392,24.107699,"花蓮縣","新城鄉"
"穿越道路中","2020",10,23,18,"陰","夜間(或隧道、地下道、涵洞)有照明",50,"直路","快車道","柏油","乾燥","不良","無號誌","雙向禁止超車線","未繪設快慢車道分隔線","有",68,"非汽(機)車駕駛人",121.653702,24.16719,"花蓮縣","秀林鄉"
"穿越道路中","2020",10,23,18,"陰","夜間(或隧道、地下道、涵洞)有照明",50,"直路","快車道","柏油","乾燥","不良","無號誌","雙向禁止超車線","未繪設快慢車道分隔線","有",60,"未使用",121.653702,24.16719,"花蓮縣","秀林鄉"
"穿越道路中","2020",10,23,19,"晴","日間自然光線",50,"直路","快車道","柏油","乾燥","良好","無號誌","雙向禁止超車線","未繪設快慢車道分隔線","有",33,"不明",120.89942,24.678923,"苗栗縣","頭份市"
"穿越道路中","2020",10,23,19,"晴","日間自然光線",50,"直路","快車道","柏油","乾燥","良好","無號誌","雙向禁止超車線","未繪設快慢車道分隔線","有",57,"非汽(機)車駕駛人",120.89942,24.678923,"苗栗縣","頭份市"
"側撞","2020",10,23,19,"晴","夜間(或隧道、地下道、涵洞)有照明",50,"四岔路","交叉路口內","柏油","乾燥","良好","正常","雙向禁止超車線","快慢車道分隔線","有",33,"不明",120.466505,23.797731,"雲林縣","西螺鎮"
"側撞","2020",10,23,19,"晴","夜間(或隧道、地下道、涵洞)有照明",50,"四岔路","交叉路口內","柏油","乾燥","良好","正常","雙向禁止超車線","快慢車道分隔線","有",20,"不明",120.466505,23.797731,"雲林縣","西螺鎮"
"側撞","2020",10,23,19,"晴","夜間(或隧道、地下道、涵洞)有照明",50,"四岔路","交叉路口內","柏油","乾燥","良好","正常","雙向禁止超車線","快慢車道分隔線","有",18,"不明",120.466505,23.797731,"雲林縣","西螺鎮"
"路上翻車、摔倒","2020",10,24,9,"晴","日間自然光線",50,"直路","一般車道(未劃分快慢車道)","柏油","乾燥","良好","無號誌","行車分向線","未繪設快慢車道分隔線","有",20,"未使用",121.051966,25.030965,"桃園市","觀音區"
"側撞","2020",10,24,10,"晴","日間自然光線",50,"四岔路","交叉路口內","柏油","乾燥","良好","正常","雙向禁止超車線","未繪設快慢車道分隔線","有",46,"未使用",120.270334,22.8801,"高雄市","路竹區"
"側撞","2020",10,24,10,"晴","日間自然光線",50,"四岔路","交叉路口內","柏油","乾燥","良好","正常","雙向禁止超車線","未繪設快慢車道分隔線","有",79,"非汽(機)車駕駛人",120.270334,22.8801,"高雄市","路竹區"
"側撞","2020",10,24,18,"晴","夜間(或隧道、地下道、涵洞)有照明",50,"直路","一般車道(未劃分快慢車道)","柏油","乾燥","良好","無號誌","雙向禁止超車線","未繪設快慢車道分隔線","有",62,"未使用",120.257788,23.467988,"嘉義縣","朴子市"
"側撞","2020",10,24,18,"晴","夜間(或隧道、地下道、涵洞)有照明",50,"直路","一般車道(未劃分快慢車道)","柏油","乾燥","良好","無號誌","雙向禁止超車線","未繪設快慢車道分隔線","有",58,"使用免持或未有礙駕駛安全",120.257788,23.467988,"嘉義縣","朴子市"
"對向擦撞","2020",10,24,18,"晴","夜間(或隧道、地下道、涵洞)有照明",30,"直路","一般車道(未劃分快慢車道)","柏油","乾燥","良好","無號誌","無","未繪設快慢車道分隔線","有",34,"未使用",120.305,22.86771,"高雄市","阿蓮區"
"對向擦撞","2020",10,24,18,"晴","夜間(或隧道、地下道、涵洞)有照明",30,"直路","一般車道(未劃分快慢車道)","柏油","乾燥","良好","無號誌","無","未繪設快慢車道分隔線","有",47,"未使用",120.305,22.86771,"高雄市","阿蓮區"
"路口交岔撞","2020",10,24,23,"晴","夜間(或隧道、地下道、涵洞)有照明",50,"四岔路","交叉路口內","柏油","乾燥","良好","無號誌","無","未繪設快慢車道分隔線","無",17,"未使用",120.51046,24.016219,"彰化縣","秀水鄉"
"路口交岔撞","2020",10,24,23,"晴","夜間(或隧道、地下道、涵洞)有照明",50,"四岔路","交叉路口內","柏油","乾燥","良好","無號誌","無","未繪設快慢車道分隔線","無",29,"未使用",120.51046,24.016219,"彰化縣","秀水鄉"
"撞路樹、電桿","2020",10,25,14,"晴","日間自然光線",60,"彎曲路及附近","一般車道(未劃分快慢車道)","柏油","乾燥","良好","無號誌","行車分向線","未繪設快慢車道分隔線","有",61,"未使用",120.896092,24.482673,"苗栗縣","獅潭鄉"
"撞護欄(樁)","2020",10,25,16,"晴","日間自然光線",90,"直路","快車道","柏油","乾燥","良好","無號誌","中央分向島","未繪設快慢車道分隔線","有",52,"未使用",120.593865,24.386033,"臺中市","大安區"
"撞護欄(樁)","2020",10,25,16,"晴","日間自然光線",90,"直路","快車道","柏油","乾燥","良好","無號誌","中央分向島","未繪設快慢車道分隔線","有",49,"非汽(機)車駕駛人",120.593865,24.386033,"臺中市","大安區"
"路口交岔撞","2020",10,25,18,"陰","夜間(或隧道、地下道、涵洞)有照明",50,"四岔路","交叉路口內","柏油","乾燥","良好","正常","中央分向島","未繪設快慢車道分隔線","無",36,"未使用",121.593738,25.051169,"臺北市","南港區"
"路口交岔撞","2020",10,25,18,"陰","夜間(或隧道、地下道、涵洞)有照明",50,"四岔路","交叉路口內","柏油","乾燥","良好","正常","中央分向島","未繪設快慢車道分隔線","無",24,"未使用",121.593738,25.051169,"臺北市","南港區"
"其他","2020",10,25,20,"陰","夜間(或隧道、地下道、涵洞)有照明",50,"直路","一般車道(未劃分快慢車道)","柏油","乾燥","良好","無號誌","行車分向線","未繪設快慢車道分隔線","有",66,"未使用",120.60136,22.680229,"屏東縣","內埔鄉"
"其他","2020",10,25,20,"陰","夜間(或隧道、地下道、涵洞)有照明",50,"直路","一般車道(未劃分快慢車道)","柏油","乾燥","良好","無號誌","行車分向線","未繪設快慢車道分隔線","有",56,"未使用",120.60136,22.680229,"屏東縣","內埔鄉"
"其他","2020",10,26,8,"晴","日間自然光線",50,"直路","一般車道(未劃分快慢車道)","柏油","乾燥","良好","無號誌","雙向禁止超車線","未繪設快慢車道分隔線","有",72,"未使用",119.664624,23.584256,"澎湖縣","湖西鄉"
"其他","2020",10,26,12,"晴","日間自然光線",50,"直路","路肩、路緣","柏油","乾燥","良好","無號誌","行車分向線","未繪設快慢車道分隔線","有",33,"不明",120.258045,23.01595,"臺南市","永康區"
"其他","2020",10,26,12,"晴","日間自然光線",50,"直路","路肩、路緣","柏油","乾燥","良好","無號誌","行車分向線","未繪設快慢車道分隔線","有",65,"未使用",120.258045,23.01595,"臺南市","永康區"
"撞路樹、電桿","2020",10,26,13,"晴","日間自然光線",50,"直路","路肩、路緣","柏油","乾燥","良好","無號誌","行車分向線","未繪設快慢車道分隔線","有",61,"不明",120.243185,23.437663,"嘉義縣","朴子市"
"撞路樹、電桿","2020",10,26,13,"晴","日間自然光線",50,"直路","路肩、路緣","柏油","乾燥","良好","無號誌","行車分向線","未繪設快慢車道分隔線","有",58,"不明",120.243185,23.437663,"嘉義縣","朴子市"
"撞交通島","2020",10,26,18,"陰","夜間(或隧道、地下道、涵洞)有照明",50,"三岔路","交叉口附近","柏油","乾燥","良好","正常","雙向禁止超車線","寛式快慢車道分隔島(50公分以上)","有",71,"未使用",120.42889,23.414899,"嘉義縣","水上鄉"
"追撞","2020",10,26,20,"晴","夜間(或隧道、地下道、涵洞)有照明",50,"直路","慢車道","柏油","乾燥","良好","無號誌","行車分向線","快慢車道分隔線","有",23,"未使用",120.255563,23.797252,"雲林縣","麥寮鄉"
"追撞","2020",10,26,20,"晴","夜間(或隧道、地下道、涵洞)有照明",50,"直路","慢車道","柏油","乾燥","良好","無號誌","行車分向線","快慢車道分隔線","有",42,"非汽(機)車駕駛人",120.255563,23.797252,"雲林縣","麥寮鄉"
"側撞","2020",10,26,21,"晴","夜間(或隧道、地下道、涵洞)有照明",70,"多岔路","交叉路口內","柏油","乾燥","良好","正常","中央分向島","快慢車道分隔線","有",23,"未使用",120.600662,24.3098,"臺中市","清水區"
"側撞","2020",10,26,21,"晴","夜間(或隧道、地下道、涵洞)有照明",70,"多岔路","交叉路口內","柏油","乾燥","良好","正常","中央分向島","快慢車道分隔線","有",22,"未使用",120.600662,24.3098,"臺中市","清水區"
"路口交岔撞","2020",10,27,3,"晴","夜間(或隧道、地下道、涵洞)有照明",30,"四岔路","交叉路口內","柏油","乾燥","良好","正常","無","未繪設快慢車道分隔線","無",36,"未使用",120.288641,23.123214,"臺南市","善化區"
"路口交岔撞","2020",10,27,3,"晴","夜間(或隧道、地下道、涵洞)有照明",30,"四岔路","交叉路口內","柏油","乾燥","良好","正常","無","未繪設快慢車道分隔線","無",24,"未使用",120.288641,23.123214,"臺南市","善化區"
"穿越道路中","2020",10,27,5,"晴","晨或暮光",50,"直路","一般車道(未劃分快慢車道)","柏油","乾燥","良好","無號誌","雙向禁止超車線","未繪設快慢車道分隔線","有",33,"未使用",121.471524,25.086891,"新北市","蘆洲區"
"穿越道路中","2020",10,27,5,"晴","晨或暮光",50,"直路","一般車道(未劃分快慢車道)","柏油","乾燥","良好","無號誌","雙向禁止超車線","未繪設快慢車道分隔線","有",80,"非汽(機)車駕駛人",121.471524,25.086891,"新北市","蘆洲區"
"側撞","2020",10,27,10,"晴","日間自然光線",60,"三岔路","交叉路口內","柏油","乾燥","良好","正常","無","未繪設快慢車道分隔線","無",75,"非汽(機)車駕駛人",120.543018,24.162964,"臺中市","大肚區"
"側撞","2020",10,27,10,"晴","日間自然光線",60,"三岔路","交叉路口內","柏油","乾燥","良好","正常","無","未繪設快慢車道分隔線","無",24,"未使用",120.543018,24.162964,"臺中市","大肚區"
"穿越道路中","2020",10,27,14,"晴","日間自然光線",40,"三岔路","交叉路口內","柏油","乾燥","良好","正常","中央分向島","未繪設快慢車道分隔線","有",29,"未使用",120.65077,24.164613,"臺中市","西屯區"
"穿越道路中","2020",10,27,14,"晴","日間自然光線",40,"三岔路","交叉路口內","柏油","乾燥","良好","正常","中央分向島","未繪設快慢車道分隔線","有",27,"非汽(機)車駕駛人",120.65077,24.164613,"臺中市","西屯區"
"穿越道路中","2020",10,27,14,"晴","日間自然光線",40,"三岔路","交叉路口內","柏油","乾燥","良好","正常","中央分向島","未繪設快慢車道分隔線","有",90,"非汽(機)車駕駛人",120.65077,24.164613,"臺中市","西屯區"
"其他","2020",10,27,14,"晴","日間自然光線",50,"四岔路","交叉路口內","柏油","乾燥","良好","正常","雙向禁止超車線","未繪設快慢車道分隔線","有",55,"未使用",121.455495,25.044233,"新北市","新莊區"
"其他","2020",10,27,14,"晴","日間自然光線",50,"四岔路","交叉路口內","柏油","乾燥","良好","正常","雙向禁止超車線","未繪設快慢車道分隔線","有",41,"未使用",121.455495,25.044233,"新北市","新莊區"
"其他","2020",10,27,14,"晴","日間自然光線",50,"四岔路","交叉路口內","柏油","乾燥","良好","正常","雙向禁止超車線","未繪設快慢車道分隔線","有",40,"未使用",121.455495,25.044233,"新北市","新莊區"
"其他","2020",10,27,14,"晴","日間自然光線",50,"四岔路","交叉路口內","柏油","乾燥","良好","正常","雙向禁止超車線","未繪設快慢車道分隔線","有",61,"未使用",121.455495,25.044233,"新北市","新莊區"
"其他","2020",10,27,14,"晴","日間自然光線",50,"四岔路","交叉路口內","柏油","乾燥","良好","正常","雙向禁止超車線","未繪設快慢車道分隔線","有",66,"未使用",121.455495,25.044233,"新北市","新莊區"
"其他","2020",10,27,14,"晴","日間自然光線",50,"四岔路","交叉路口內","柏油","乾燥","良好","正常","雙向禁止超車線","未繪設快慢車道分隔線","有",81,"非汽(機)車駕駛人",121.455495,25.044233,"新北市","新莊區"
"同向擦撞","2020",10,27,17,"陰","夜間(或隧道、地下道、涵洞)有照明",60,"直路","快車道","柏油","乾燥","良好","無號誌","中央分向島","快慢車道分隔線","有",61,"非汽(機)車駕駛人",121.823994,24.83601,"宜蘭縣","頭城鎮"
"同向擦撞","2020",10,27,17,"陰","夜間(或隧道、地下道、涵洞)有照明",60,"直路","快車道","柏油","乾燥","良好","無號誌","中央分向島","快慢車道分隔線","有",56,"未使用",121.823994,24.83601,"宜蘭縣","頭城鎮"
"路上翻車、摔倒","2020",10,28,7,"晴","日間自然光線",60,"彎曲路及附近","一般車道(未劃分快慢車道)","柏油","乾燥","良好","無號誌","雙向禁止超車線","未繪設快慢車道分隔線","有",18,"未使用",120.997618,24.699995,"新竹縣","峨眉鄉"
"側撞","2020",10,28,10,"晴","日間自然光線",40,"四岔路","交叉路口內","柏油","乾燥","良好","無號誌","無","未繪設快慢車道分隔線","無",44,"未使用",120.2763,22.74292,"高雄市","橋頭區"
"側撞","2020",10,28,10,"晴","日間自然光線",40,"四岔路","交叉路口內","柏油","乾燥","良好","無號誌","無","未繪設快慢車道分隔線","無",35,"未使用",120.2763,22.74292,"高雄市","橋頭區"
"同向擦撞","2020",10,28,19,"晴","夜間(或隧道、地下道、涵洞)有照明",70,"三岔路","交叉口附近","柏油","乾燥","良好","無號誌","雙向禁止超車線","未繪設快慢車道分隔線","有",61,"未使用",120.49888,22.584113,"屏東縣","萬丹鄉"
"同向擦撞","2020",10,28,19,"晴","夜間(或隧道、地下道、涵洞)有照明",70,"三岔路","交叉口附近","柏油","乾燥","良好","無號誌","雙向禁止超車線","未繪設快慢車道分隔線","有",35,"未使用",120.49888,22.584113,"屏東縣","萬丹鄉"
"同向擦撞","2020",10,28,19,"晴","夜間(或隧道、地下道、涵洞)有照明",70,"三岔路","交叉口附近","柏油","乾燥","良好","無號誌","雙向禁止超車線","未繪設快慢車道分隔線","有",60,"未使用",120.49888,22.584113,"屏東縣","萬丹鄉"
"同向擦撞","2020",10,29,4,"陰","夜間(或隧道、地下道、涵洞)有照明",70,"直路","機車優先道","柏油","濕潤","良好","無號誌","雙向禁止超車線","快慢車道分隔線","有",45,"未使用",121.604879,24.050615,"花蓮縣","新城鄉"
"同向擦撞","2020",10,29,4,"陰","夜間(或隧道、地下道、涵洞)有照明",70,"直路","機車優先道","柏油","濕潤","良好","無號誌","雙向禁止超車線","快慢車道分隔線","有",55,"未使用",121.604879,24.050615,"花蓮縣","新城鄉"
"路口交岔撞","2020",10,29,5,"晴","夜間(或隧道、地下道、涵洞)有照明",50,"四岔路","交叉路口內","柏油","乾燥","良好","正常","無","未繪設快慢車道分隔線","無",24,"不明",120.961403,24.800156,"新竹市","北區"
"路口交岔撞","2020",10,29,5,"晴","夜間(或隧道、地下道、涵洞)有照明",50,"四岔路","交叉路口內","柏油","乾燥","良好","正常","無","未繪設快慢車道分隔線","無",80,"非汽(機)車駕駛人",120.961403,24.800156,"新竹市","北區"
"同向通行中","2020",10,29,6,"雨","日間自然光線",50,"直路","慢車道","柏油","濕潤","良好","無號誌","雙向禁止超車線","快慢車道分隔線","有",43,"不明",121.392567,23.119742,"臺東縣","成功鎮"
"同向通行中","2020",10,29,6,"雨","日間自然光線",50,"直路","慢車道","柏油","濕潤","良好","無號誌","雙向禁止超車線","快慢車道分隔線","有",63,"非汽(機)車駕駛人",121.392567,23.119742,"臺東縣","成功鎮"
"側撞","2020",10,29,7,"陰","日間自然光線",50,"三岔路","交叉路口內","柏油","乾燥","良好","無號誌","雙向禁止超車線","未繪設快慢車道分隔線","無",33,"未使用",121.625325,23.998126,"花蓮縣","花蓮市"
"側撞","2020",10,29,7,"陰","日間自然光線",50,"三岔路","交叉路口內","柏油","乾燥","良好","無號誌","雙向禁止超車線","未繪設快慢車道分隔線","無",84,"未使用",121.625325,23.998126,"花蓮縣","花蓮市"
"側撞","2020",10,29,11,"晴","日間自然光線",50,"三岔路","交叉路口內","柏油","乾燥","良好","正常","無","未繪設快慢車道分隔線","無",77,"未使用",120.33071,23.279327,"臺南市","柳營區"
"側撞","2020",10,29,11,"晴","日間自然光線",50,"三岔路","交叉路口內","柏油","乾燥","良好","正常","無","未繪設快慢車道分隔線","無",46,"未使用",120.33071,23.279327,"臺南市","柳營區"
"側撞","2020",10,29,17,"晴","日間自然光線",40,"直路","慢車道","柏油","乾燥","良好","無號誌","雙向禁止超車線","快慢車道分隔線","無",19,"未使用",120.2776,22.59905,"高雄市","旗津區"
"側撞","2020",10,29,17,"晴","日間自然光線",40,"直路","慢車道","柏油","乾燥","良好","無號誌","雙向禁止超車線","快慢車道分隔線","無",67,"未使用",120.2776,22.59905,"高雄市","旗津區"
"穿越道路中","2020",10,29,17,"晴","夜間(或隧道、地下道、涵洞)有照明",40,"四岔路","交叉路口內","柏油","乾燥","良好","正常","無","未繪設快慢車道分隔線","無",38,"不明",121.159914,24.912587,"桃園市","楊梅區"
"穿越道路中","2020",10,29,17,"晴","夜間(或隧道、地下道、涵洞)有照明",40,"四岔路","交叉路口內","柏油","乾燥","良好","正常","無","未繪設快慢車道分隔線","無",70,"非汽(機)車駕駛人",121.159914,24.912587,"桃園市","楊梅區"
"撞護欄(樁)","2020",10,29,17,"晴","夜間(或隧道、地下道、涵洞)有照明",70,"彎曲路及附近","慢車道","柏油","乾燥","良好","無號誌","中央分向島","快慢車道分隔線","有",109,"",120.4265,22.66172,"高雄市","大樹區"
"撞護欄(樁)","2020",10,29,17,"晴","夜間(或隧道、地下道、涵洞)有照明",70,"彎曲路及附近","慢車道","柏油","乾燥","良好","無號誌","中央分向島","快慢車道分隔線","有",57,"未使用",120.4265,22.66172,"高雄市","大樹區"
"追撞","2020",10,29,21,"晴","夜間(或隧道、地下道、涵洞)有照明",60,"直路","一般車道(未劃分快慢車道)","柏油","乾燥","良好","無號誌","雙向禁止超車線","未繪設快慢車道分隔線","有",61,"不明",120.451524,23.350249,"臺南市","白河區"
"追撞","2020",10,29,21,"晴","夜間(或隧道、地下道、涵洞)有照明",60,"直路","一般車道(未劃分快慢車道)","柏油","乾燥","良好","無號誌","雙向禁止超車線","未繪設快慢車道分隔線","有",55,"未使用",120.451524,23.350249,"臺南市","白河區"