"事故類型及型態子類別名稱","發生年度","發生月份","發生日期","發生時間","天候名稱","光線名稱","速限.第1當事者","道路型態子類別名稱","事故位置子類別名稱","路面狀況.路面鋪裝名稱","路面狀況.路面狀態名稱","道路障礙.視距品質名稱","號誌.號誌動作名稱","車道劃分設施.分向設施大類別名稱","車道劃分設施.分道設施.快慢車道間名稱","車道劃分設施.分道設施.路面邊線名稱","當事者事故發生時年齡","行動電話或電腦或其他相類功能裝置名稱","經度","緯度","縣市","鄉鎮"
"側撞","2020",11,23,1,"晴","夜間(或隧道、地下道、涵洞)有照明",50,"四岔路","交叉路口內","柏油","乾燥","良好","正常","無","未繪設快慢車道分隔線","無",28,"非汽(機)車駕駛人",120.318833,23.127033,"臺南市","善化區"
"衝出路外","2020",11,23,4,"晴","夜間(或隧道、地下道、涵洞)無照明",30,"彎曲路及附近","一般車道(未劃分快慢車道)","水泥","乾燥","不良","無號誌","無","未繪設快慢車道分隔線","有",47,"不明",121.295375,24.660508,"新竹縣","尖石鄉"
"其他","2020",11,23,9,"晴","日間自然光線",40,"直路","一般車道(未劃分快慢車道)","柏油","乾燥","良好","正常","行車分向線","未繪設快慢車道分隔線","有",43,"未使用",121.282859,25.03875,"桃園市","蘆竹區"
"其他","2020",11,23,9,"晴","日間自然光線",40,"直路","一般車道(未劃分快慢車道)","柏油","乾燥","良好","正常","行車分向線","未繪設快慢車道分隔線","有",57,"未使用",121.282859,25.03875,"桃園市","蘆竹區"
"路口交岔撞","2020",11,23,16,"晴","日間自然光線",30,"四岔路","交叉路口內","柏油","乾燥","良好","無號誌","無","未繪設快慢車道分隔線","無",69,"未使用",120.321116,23.336258,"臺南市","後壁區"
"路口交岔撞","2020",11,23,16,"晴","日間自然光線",30,"四岔路","交叉路口內","柏油","乾燥","良好","無號誌","無","未繪設快慢車道分隔線","無",29,"未使用",120.321116,23.336258,"臺南市","後壁區"
"衝出路外","2020",11,23,16,"晴","夜間(或隧道、地下道、涵洞)無照明",50,"直路","一般車道(未劃分快慢車道)","柏油","乾燥","良好","無號誌","行車分向線","未繪設快慢車道分隔線","有",65,"不明",120.331711,23.982419,"彰化縣","芳苑鄉"
"路上翻車、摔倒","2020",11,23,21,"晴","夜間(或隧道、地下道、涵洞)有照明",60,"直路","慢車道","柏油","乾燥","良好","無號誌","雙向禁止超車線","快慢車道分隔線","有",17,"未使用",120.806755,24.284035,"臺中市","東勢區"
"路上翻車、摔倒","2020",11,23,21,"晴","夜間(或隧道、地下道、涵洞)有照明",60,"直路","慢車道","柏油","乾燥","良好","無號誌","雙向禁止超車線","快慢車道分隔線","有",17,"非汽(機)車駕駛人",120.806755,24.284035,"臺中市","東勢區"
"穿越道路中","2020",11,24,4,"晴","夜間(或隧道、地下道、涵洞)有照明",110,"直路","快車道","柏油","乾燥","良好","無號誌","中央分向島","未繪設快慢車道分隔線","有",25,"非汽(機)車駕駛人",120.461259,23.67585,"雲林縣","斗南鎮"
"穿越道路中","2020",11,24,4,"晴","夜間(或隧道、地下道、涵洞)有照明",110,"直路","快車道","柏油","乾燥","良好","無號誌","中央分向島","未繪設快慢車道分隔線","有",56,"未使用",120.461259,23.67585,"雲林縣","斗南鎮"
"路口交岔撞","2020",11,24,8,"晴","日間自然光線",40,"四岔路","交叉路口內","柏油","乾燥","良好","無號誌","無","未繪設快慢車道分隔線","有",60,"不明",120.447957,23.895372,"彰化縣","埤頭鄉"
"路口交岔撞","2020",11,24,8,"晴","日間自然光線",40,"四岔路","交叉路口內","柏油","乾燥","良好","無號誌","無","未繪設快慢車道分隔線","有",61,"不明",120.447957,23.895372,"彰化縣","埤頭鄉"
"路口交岔撞","2020",11,24,8,"晴","日間自然光線",40,"四岔路","交叉路口內","柏油","乾燥","良好","無號誌","無","未繪設快慢車道分隔線","有",3,"非汽(機)車駕駛人",120.447957,23.895372,"彰化縣","埤頭鄉"
"對撞","2020",11,24,13,"晴","日間自然光線",50,"三岔路","交叉路口內","柏油","乾燥","不良","無號誌","行車分向線","未繪設快慢車道分隔線","無",48,"未使用",120.3839,22.61,"高雄市","大寮區"
"對撞","2020",11,24,13,"晴","日間自然光線",50,"三岔路","交叉路口內","柏油","乾燥","不良","無號誌","行車分向線","未繪設快慢車道分隔線","無",54,"未使用",120.3839,22.61,"高雄市","大寮區"
"同向擦撞","2020",11,24,14,"晴","日間自然光線",60,"三岔路","交叉口附近","柏油","乾燥","良好","正常","中央分向島","快慢車道分隔線","有",60,"未使用",120.678925,23.971612,"南投縣","草屯鎮"
"同向擦撞","2020",11,24,14,"晴","日間自然光線",60,"三岔路","交叉口附近","柏油","乾燥","良好","正常","中央分向島","快慢車道分隔線","有",37,"未使用",120.678925,23.971612,"南投縣","草屯鎮"
"側撞","2020",11,25,1,"晴","夜間(或隧道、地下道、涵洞)有照明",110,"直路","快車道","柏油","乾燥","良好","無號誌","中央分向島","未繪設快慢車道分隔線","有",41,"未使用",120.984445,24.758135,"新竹縣","寶山鄉"
"側撞","2020",11,25,1,"晴","夜間(或隧道、地下道、涵洞)有照明",110,"直路","快車道","柏油","乾燥","良好","無號誌","中央分向島","未繪設快慢車道分隔線","有",49,"未使用",120.984445,24.758135,"新竹縣","寶山鄉"
"側撞","2020",11,25,1,"晴","夜間(或隧道、地下道、涵洞)有照明",110,"直路","快車道","柏油","乾燥","良好","無號誌","中央分向島","未繪設快慢車道分隔線","有",43,"未使用",120.984445,24.758135,"新竹縣","寶山鄉"
"側撞","2020",11,25,1,"晴","夜間(或隧道、地下道、涵洞)有照明",110,"直路","快車道","柏油","乾燥","良好","無號誌","中央分向島","未繪設快慢車道分隔線","有",55,"未使用",120.984445,24.758135,"新竹縣","寶山鄉"
"側撞","2020",11,25,20,"晴","夜間(或隧道、地下道、涵洞)有照明",50,"圓環","一般車道(未劃分快慢車道)","柏油","乾燥","良好","無號誌","無","未繪設快慢車道分隔線","有",40,"未使用",120.971147,24.804202,"新竹市","東區"
"側撞","2020",11,25,20,"晴","夜間(或隧道、地下道、涵洞)有照明",50,"圓環","一般車道(未劃分快慢車道)","柏油","乾燥","良好","無號誌","無","未繪設快慢車道分隔線","有",7,"未使用",120.971147,24.804202,"新竹市","東區"
"側撞","2020",11,25,20,"晴","夜間(或隧道、地下道、涵洞)有照明",50,"圓環","一般車道(未劃分快慢車道)","柏油","乾燥","良好","無號誌","無","未繪設快慢車道分隔線","有",50,"未使用",120.971147,24.804202,"新竹市","東區"
"側撞","2020",11,25,20,"晴","夜間(或隧道、地下道、涵洞)有照明",50,"圓環","一般車道(未劃分快慢車道)","柏油","乾燥","良好","無號誌","無","未繪設快慢車道分隔線","有",39,"未使用",120.971147,24.804202,"新竹市","東區"
"側撞","2020",11,25,20,"晴","夜間(或隧道、地下道、涵洞)有照明",50,"圓環","一般車道(未劃分快慢車道)","柏油","乾燥","良好","無號誌","無","未繪設快慢車道分隔線","有",63,"未使用",120.971147,24.804202,"新竹市","東區"
"對向擦撞","2020",11,26,0,"陰","夜間(或隧道、地下道、涵洞)有照明",50,"四岔路","交叉路口內","柏油","乾燥","不良","無號誌","無","未繪設快慢車道分隔線","無",20,"未使用",121.768876,25.128394,"基隆市","信義區"
"對向擦撞","2020",11,26,0,"陰","夜間(或隧道、地下道、涵洞)有照明",50,"四岔路","交叉路口內","柏油","乾燥","不良","無號誌","無","未繪設快慢車道分隔線","無",18,"未使用",121.768876,25.128394,"基隆市","信義區"
"對向擦撞","2020",11,26,0,"陰","夜間(或隧道、地下道、涵洞)有照明",50,"四岔路","交叉路口內","柏油","乾燥","不良","無號誌","無","未繪設快慢車道分隔線","無",20,"未使用",121.768876,25.128394,"基隆市","信義區"
"對向擦撞","2020",11,26,0,"陰","夜間(或隧道、地下道、涵洞)有照明",50,"四岔路","交叉路口內","柏油","乾燥","不良","無號誌","無","未繪設快慢車道分隔線","無",47,"未使用",121.768876,25.128394,"基隆市","信義區"
"對向擦撞","2020",11,26,0,"陰","夜間(或隧道、地下道、涵洞)有照明",50,"四岔路","交叉路口內","柏油","乾燥","不良","無號誌","無","未繪設快慢車道分隔線","無",49,"未使用",121.768876,25.128394,"基隆市","信義區"
"同向擦撞","2020",11,26,11,"晴","日間自然光線",50,"直路","一般車道(未劃分快慢車道)","柏油","乾燥","良好","無號誌","雙向禁止超車線","未繪設快慢車道分隔線","有",36,"未使用",120.73764,24.178431,"臺中市","北屯區"
"同向擦撞","2020",11,26,11,"晴","日間自然光線",50,"直路","一般車道(未劃分快慢車道)","柏油","乾燥","良好","無號誌","雙向禁止超車線","未繪設快慢車道分隔線","有",67,"未使用",120.73764,24.178431,"臺中市","北屯區"
"穿越道路中","2020",11,26,12,"晴","日間自然光線",50,"四岔路","行人穿越道","柏油","乾燥","良好","正常","無","未繪設快慢車道分隔線","無",68,"未使用",121.31706,24.988417,"桃園市","桃園區"
"穿越道路中","2020",11,26,12,"晴","日間自然光線",50,"四岔路","行人穿越道","柏油","乾燥","良好","正常","無","未繪設快慢車道分隔線","無",56,"非汽(機)車駕駛人",121.31706,24.988417,"桃園市","桃園區"
"穿越道路中","2020",11,26,14,"晴","日間自然光線",50,"四岔路","交叉路口內","柏油","乾燥","良好","正常","無","未繪設快慢車道分隔線","有",43,"未使用",121.495841,25.064221,"新北市","三重區"
"穿越道路中","2020",11,26,14,"晴","日間自然光線",50,"四岔路","交叉路口內","柏油","乾燥","良好","正常","無","未繪設快慢車道分隔線","有",56,"非汽(機)車駕駛人",121.495841,25.064221,"新北市","三重區"
"其他","2020",11,26,18,"晴","夜間(或隧道、地下道、涵洞)有照明",50,"直路","一般車道(未劃分快慢車道)","柏油","乾燥","良好","無號誌","行車分向線","未繪設快慢車道分隔線","有",23,"不明",120.550138,22.617086,"屏東縣","內埔鄉"
"其他","2020",11,26,18,"晴","夜間(或隧道、地下道、涵洞)有照明",50,"直路","一般車道(未劃分快慢車道)","柏油","乾燥","良好","無號誌","行車分向線","未繪設快慢車道分隔線","有",54,"不明",120.550138,22.617086,"屏東縣","內埔鄉"
"其他","2020",11,26,18,"晴","夜間(或隧道、地下道、涵洞)有照明",50,"直路","機車專用道","柏油","乾燥","良好","無號誌","中央分向島","未繪設快慢車道分隔線","有",41,"不明",121.438912,24.981379,"新北市","土城區"
"對向擦撞","2020",11,26,21,"晴","夜間(或隧道、地下道、涵洞)有照明",50,"四岔路","一般車道(未劃分快慢車道)","柏油","乾燥","良好","無號誌","雙向禁止超車線","未繪設快慢車道分隔線","有",21,"不明",120.523555,24.19919,"臺中市","龍井區"
"對向擦撞","2020",11,26,21,"晴","夜間(或隧道、地下道、涵洞)有照明",50,"四岔路","一般車道(未劃分快慢車道)","柏油","乾燥","良好","無號誌","雙向禁止超車線","未繪設快慢車道分隔線","有",25,"不明",120.523555,24.19919,"臺中市","龍井區"
"對向擦撞","2020",11,26,21,"晴","夜間(或隧道、地下道、涵洞)有照明",50,"四岔路","一般車道(未劃分快慢車道)","柏油","乾燥","良好","無號誌","雙向禁止超車線","未繪設快慢車道分隔線","有",36,"不明",120.523555,24.19919,"臺中市","龍井區"
"對向擦撞","2020",11,26,21,"晴","夜間(或隧道、地下道、涵洞)有照明",50,"四岔路","一般車道(未劃分快慢車道)","柏油","乾燥","良好","無號誌","雙向禁止超車線","未繪設快慢車道分隔線","有",32,"不明",120.523555,24.19919,"臺中市","龍井區"
"對向擦撞","2020",11,26,21,"晴","夜間(或隧道、地下道、涵洞)有照明",50,"四岔路","一般車道(未劃分快慢車道)","柏油","乾燥","良好","無號誌","雙向禁止超車線","未繪設快慢車道分隔線","有",22,"不明",120.523555,24.19919,"臺中市","龍井區"
"對向擦撞","2020",11,26,21,"晴","夜間(或隧道、地下道、涵洞)有照明",50,"四岔路","一般車道(未劃分快慢車道)","柏油","乾燥","良好","無號誌","雙向禁止超車線","未繪設快慢車道分隔線","有",31,"不明",120.523555,24.19919,"臺中市","龍井區"
"側撞","2020",11,27,14,"晴","日間自然光線",50,"三岔路","交叉路口內","柏油","乾燥","良好","正常","中央分向島","寛式快慢車道分隔島(50公分以上)","有",54,"未使用",120.457606,22.594764,"屏東縣","萬丹鄉"
"側撞","2020",11,27,14,"晴","日間自然光線",50,"三岔路","交叉路口內","柏油","乾燥","良好","正常","中央分向島","寛式快慢車道分隔島(50公分以上)","有",75,"未使用",120.457606,22.594764,"屏東縣","萬丹鄉"
"路上翻車、摔倒","2020",11,27,16,"晴","日間自然光線",50,"直路","一般車道(未劃分快慢車道)","柏油","乾燥","良好","無號誌","雙向禁止超車線","未繪設快慢車道分隔線","有",109,"",120.369141,22.739257,"高雄市","大社區"
"路上翻車、摔倒","2020",11,27,16,"晴","日間自然光線",50,"直路","一般車道(未劃分快慢車道)","柏油","乾燥","良好","無號誌","雙向禁止超車線","未繪設快慢車道分隔線","有",67,"未使用",120.369141,22.739257,"高雄市","大社區"
"追撞","2020",11,27,17,"晴","夜間(或隧道、地下道、涵洞)有照明",30,"三岔路","交叉路口內","柏油","乾燥","良好","無號誌","無","未繪設快慢車道分隔線","有",33,"未使用",120.704821,24.300806,"臺中市","后里區"
"追撞","2020",11,27,17,"晴","夜間(或隧道、地下道、涵洞)有照明",30,"三岔路","交叉路口內","柏油","乾燥","良好","無號誌","無","未繪設快慢車道分隔線","有",65,"非汽(機)車駕駛人",120.704821,24.300806,"臺中市","后里區"
"追撞","2020",11,27,17,"晴","日間自然光線",70,"直路","慢車道","柏油","乾燥","良好","無號誌","行車分向線","快慢車道分隔線","有",50,"不明",120.590624,22.397567,"屏東縣","枋寮鄉"
"追撞","2020",11,27,17,"晴","日間自然光線",70,"直路","慢車道","柏油","乾燥","良好","無號誌","行車分向線","快慢車道分隔線","有",18,"不明",120.590624,22.397567,"屏東縣","枋寮鄉"
"側撞","2020",11,27,21,"陰","日間自然光線",50,"四岔路","交叉路口內","柏油","乾燥","良好","正常","無","未繪設快慢車道分隔線","無",61,"未使用",120.29823,23.072221,"臺南市","新市區"
"側撞","2020",11,27,21,"陰","日間自然光線",50,"四岔路","交叉路口內","柏油","乾燥","良好","正常","無","未繪設快慢車道分隔線","無",21,"未使用",120.29823,23.072221,"臺南市","新市區"
"側撞","2020",11,27,21,"陰","日間自然光線",50,"四岔路","交叉路口內","柏油","乾燥","良好","正常","無","未繪設快慢車道分隔線","無",16,"非汽(機)車駕駛人",120.29823,23.072221,"臺南市","新市區"
"其他","2020",11,28,3,"晴","夜間(或隧道、地下道、涵洞)有照明",50,"直路","一般車道(未劃分快慢車道)","柏油","乾燥","良好","無號誌","雙向禁止超車線","未繪設快慢車道分隔線","有",29,"未使用",121.046393,24.90192,"新竹縣","湖口鄉"
"其他","2020",11,28,3,"晴","夜間(或隧道、地下道、涵洞)有照明",50,"直路","一般車道(未劃分快慢車道)","柏油","乾燥","良好","無號誌","雙向禁止超車線","未繪設快慢車道分隔線","有",29,"未使用",121.046393,24.90192,"新竹縣","湖口鄉"
"其他","2020",11,28,3,"晴","夜間(或隧道、地下道、涵洞)有照明",50,"直路","一般車道(未劃分快慢車道)","柏油","乾燥","良好","無號誌","雙向禁止超車線","未繪設快慢車道分隔線","有",69,"未使用",121.046393,24.90192,"新竹縣","湖口鄉"
"路口交岔撞","2020",11,28,8,"晴","日間自然光線",50,"三岔路","交叉路口內","柏油","乾燥","良好","正常","中央分向島","快慢車道分隔線","有",72,"未使用",120.244538,23.176521,"臺南市","麻豆區"
"路口交岔撞","2020",11,28,8,"晴","日間自然光線",50,"三岔路","交叉路口內","柏油","乾燥","良好","正常","中央分向島","快慢車道分隔線","有",65,"未使用",120.244538,23.176521,"臺南市","麻豆區"
"撞路樹、電桿","2020",11,28,14,"陰","日間自然光線",50,"直路","一般車道(未劃分快慢車道)","柏油","乾燥","良好","無號誌","雙向禁止超車線","未繪設快慢車道分隔線","有",45,"不明",121.088884,24.983024,"桃園市","新屋區"
"撞路樹、電桿","2020",11,28,14,"陰","日間自然光線",50,"直路","一般車道(未劃分快慢車道)","柏油","乾燥","良好","無號誌","雙向禁止超車線","未繪設快慢車道分隔線","有",5,"不明",121.088884,24.983024,"桃園市","新屋區"
"同向擦撞","2020",11,28,15,"晴","日間自然光線",30,"彎曲路及附近","一般車道(未劃分快慢車道)","柏油","乾燥","良好","無號誌","無","未繪設快慢車道分隔線","有",19,"未使用",120.711988,24.193661,"臺中市","潭子區"
"同向擦撞","2020",11,28,15,"晴","日間自然光線",30,"彎曲路及附近","一般車道(未劃分快慢車道)","柏油","乾燥","良好","無號誌","無","未繪設快慢車道分隔線","有",31,"未使用",120.711988,24.193661,"臺中市","潭子區"
"側撞","2020",11,28,17,"晴","晨或暮光",60,"三岔路","交叉路口內","柏油","乾燥","良好","無號誌","無","未繪設快慢車道分隔線","有",26,"未使用",120.291208,23.379062,"嘉義縣","鹿草鄉"
"側撞","2020",11,28,17,"晴","晨或暮光",60,"三岔路","交叉路口內","柏油","乾燥","良好","無號誌","無","未繪設快慢車道分隔線","有",73,"未使用",120.291208,23.379062,"嘉義縣","鹿草鄉"
"側撞","2020",11,28,17,"晴","晨或暮光",60,"三岔路","交叉路口內","柏油","乾燥","良好","無號誌","無","未繪設快慢車道分隔線","有",35,"不明",120.291208,23.379062,"嘉義縣","鹿草鄉"
"穿越道路中","2020",11,29,6,"晴","晨或暮光",50,"四岔路","行人穿越道","柏油","乾燥","良好","無號誌","雙向禁止超車線","快慢車道分隔線","有",20,"未使用",121.010667,24.831537,"新竹縣","竹北市"
"穿越道路中","2020",11,29,6,"晴","晨或暮光",50,"四岔路","行人穿越道","柏油","乾燥","良好","無號誌","雙向禁止超車線","快慢車道分隔線","有",78,"非汽(機)車駕駛人",121.010667,24.831537,"新竹縣","竹北市"
"側撞","2020",11,29,7,"陰","日間自然光線",50,"三岔路","交叉路口內","柏油","乾燥","良好","正常","中央分向島","未繪設快慢車道分隔線","有",65,"不明",121.473735,25.097507,"新北市","蘆洲區"
"側撞","2020",11,29,7,"陰","日間自然光線",50,"三岔路","交叉路口內","柏油","乾燥","良好","正常","中央分向島","未繪設快慢車道分隔線","有",35,"不明",121.473735,25.097507,"新北市","蘆洲區"
"側撞","2020",11,29,7,"陰","日間自然光線",50,"三岔路","交叉路口內","柏油","乾燥","良好","正常","中央分向島","未繪設快慢車道分隔線","有",35,"不明",121.473735,25.097507,"新北市","蘆洲區"
"側撞","2020",11,29,7,"陰","日間自然光線",50,"三岔路","交叉路口內","柏油","乾燥","良好","正常","中央分向島","未繪設快慢車道分隔線","有",42,"不明",121.473735,25.097507,"新北市","蘆洲區"
"側撞","2020",11,29,7,"陰","日間自然光線",50,"三岔路","交叉路口內","柏油","乾燥","良好","正常","中央分向島","未繪設快慢車道分隔線","有",41,"不明",121.473735,25.097507,"新北市","蘆洲區"
"側撞","2020",11,29,7,"陰","日間自然光線",50,"三岔路","交叉路口內","柏油","乾燥","良好","正常","中央分向島","未繪設快慢車道分隔線","有",51,"不明",121.473735,25.097507,"新北市","蘆洲區"
"側撞","2020",11,29,7,"陰","日間自然光線",50,"三岔路","交叉路口內","柏油","乾燥","良好","正常","中央分向島","未繪設快慢車道分隔線","有",51,"不明",121.473735,25.097507,"新北市","蘆洲區"
"側撞","2020",11,29,7,"陰","日間自然光線",50,"三岔路","交叉路口內","柏油","乾燥","良好","正常","中央分向島","未繪設快慢車道分隔線","有",47,"不明",121.473735,25.097507,"新北市","蘆洲區"
"側撞","2020",11,29,7,"陰","日間自然光線",50,"三岔路","交叉路口內","柏油","乾燥","良好","正常","中央分向島","未繪設快慢車道分隔線","有",18,"不明",121.473735,25.097507,"新北市","蘆洲區"
"側撞","2020",11,29,7,"陰","日間自然光線",50,"三岔路","交叉路口內","柏油","乾燥","良好","正常","中央分向島","未繪設快慢車道分隔線","有",36,"未使用",121.473735,25.097507,"新北市","蘆洲區"
"側撞","2020",11,29,7,"陰","日間自然光線",50,"三岔路","交叉路口內","柏油","乾燥","良好","正常","中央分向島","未繪設快慢車道分隔線","有",70,"未使用",121.473735,25.097507,"新北市","蘆洲區"
"側撞","2020",11,29,7,"陰","日間自然光線",50,"三岔路","交叉路口內","柏油","乾燥","良好","正常","中央分向島","未繪設快慢車道分隔線","有",48,"未使用",121.473735,25.097507,"新北市","蘆洲區"
"撞路樹、電桿","2020",11,29,15,"晴","日間自然光線",50,"彎曲路及附近","一般車道(未劃分快慢車道)","柏油","乾燥","不良","無號誌","雙向禁止超車線","未繪設快慢車道分隔線","有",82,"不明",120.768593,23.859947,"南投縣","中寮鄉"
"撞護欄(樁)","2020",11,29,17,"陰","日間自然光線",40,"彎曲路及附近","一般車道(未劃分快慢車道)","柏油","乾燥","良好","無號誌","雙向禁止超車線","未繪設快慢車道分隔線","有",86,"非汽(機)車駕駛人",121.466046,25.182357,"新北市","淡水區"
"撞護欄(樁)","2020",11,29,17,"陰","日間自然光線",40,"彎曲路及附近","一般車道(未劃分快慢車道)","柏油","乾燥","良好","無號誌","雙向禁止超車線","未繪設快慢車道分隔線","有",58,"未使用",121.466046,25.182357,"新北市","淡水區"
"撞護欄(樁)","2020",11,29,17,"陰","日間自然光線",40,"彎曲路及附近","一般車道(未劃分快慢車道)","柏油","乾燥","良好","無號誌","雙向禁止超車線","未繪設快慢車道分隔線","有",60,"未使用",121.466046,25.182357,"新北市","淡水區"
"撞護欄(樁)","2020",11,29,18,"晴","夜間(或隧道、地下道、涵洞)無照明",50,"直路","路肩、路緣","柏油","乾燥","良好","無號誌","行車分向線","未繪設快慢車道分隔線","有",51,"未使用",120.623625,22.424601,"屏東縣","春日鄉"
"撞橋樑、建築物","2020",11,30,1,"晴","夜間(或隧道、地下道、涵洞)有照明",40,"多岔路","交叉路口內","柏油","乾燥","不良","正常","無","未繪設快慢車道分隔線","無",32,"不明",120.477616,23.13551,"臺南市","玉井區"
"路上翻車、摔倒","2020",11,30,12,"晴","日間自然光線",25,"彎曲路及附近","一般車道(未劃分快慢車道)","柏油","乾燥","良好","無號誌","雙向禁止超車線","未繪設快慢車道分隔線","有",43,"非汽(機)車駕駛人",121.123946,23.961987,"南投縣","仁愛鄉"
"路上翻車、摔倒","2020",11,30,12,"晴","日間自然光線",25,"彎曲路及附近","一般車道(未劃分快慢車道)","柏油","乾燥","良好","無號誌","雙向禁止超車線","未繪設快慢車道分隔線","有",57,"非汽(機)車駕駛人",121.123946,23.961987,"南投縣","仁愛鄉"
"路上翻車、摔倒","2020",11,30,12,"晴","日間自然光線",25,"彎曲路及附近","一般車道(未劃分快慢車道)","柏油","乾燥","良好","無號誌","雙向禁止超車線","未繪設快慢車道分隔線","有",56,"非汽(機)車駕駛人",121.123946,23.961987,"南投縣","仁愛鄉"
"路上翻車、摔倒","2020",11,30,12,"晴","日間自然光線",25,"彎曲路及附近","一般車道(未劃分快慢車道)","柏油","乾燥","良好","無號誌","雙向禁止超車線","未繪設快慢車道分隔線","有",47,"非汽(機)車駕駛人",121.123946,23.961987,"南投縣","仁愛鄉"
"路上翻車、摔倒","2020",11,30,12,"晴","日間自然光線",25,"彎曲路及附近","一般車道(未劃分快慢車道)","柏油","乾燥","良好","無號誌","雙向禁止超車線","未繪設快慢車道分隔線","有",47,"非汽(機)車駕駛人",121.123946,23.961987,"南投縣","仁愛鄉"
"路上翻車、摔倒","2020",11,30,12,"晴","日間自然光線",25,"彎曲路及附近","一般車道(未劃分快慢車道)","柏油","乾燥","良好","無號誌","雙向禁止超車線","未繪設快慢車道分隔線","有",47,"非汽(機)車駕駛人",121.123946,23.961987,"南投縣","仁愛鄉"
"路上翻車、摔倒","2020",11,30,12,"晴","日間自然光線",25,"彎曲路及附近","一般車道(未劃分快慢車道)","柏油","乾燥","良好","無號誌","雙向禁止超車線","未繪設快慢車道分隔線","有",36,"非汽(機)車駕駛人",121.123946,23.961987,"南投縣","仁愛鄉"
"路上翻車、摔倒","2020",11,30,12,"晴","日間自然光線",25,"彎曲路及附近","一般車道(未劃分快慢車道)","柏油","乾燥","良好","無號誌","雙向禁止超車線","未繪設快慢車道分隔線","有",30,"非汽(機)車駕駛人",121.123946,23.961987,"南投縣","仁愛鄉"
"路上翻車、摔倒","2020",11,30,12,"晴","日間自然光線",25,"彎曲路及附近","一般車道(未劃分快慢車道)","柏油","乾燥","良好","無號誌","雙向禁止超車線","未繪設快慢車道分隔線","有",28,"非汽(機)車駕駛人",121.123946,23.961987,"南投縣","仁愛鄉"
"路上翻車、摔倒","2020",11,30,12,"晴","日間自然光線",25,"彎曲路及附近","一般車道(未劃分快慢車道)","柏油","乾燥","良好","無號誌","雙向禁止超車線","未繪設快慢車道分隔線","有",57,"非汽(機)車駕駛人",121.123946,23.961987,"南投縣","仁愛鄉"
"路上翻車、摔倒","2020",11,30,12,"晴","日間自然光線",25,"彎曲路及附近","一般車道(未劃分快慢車道)","柏油","乾燥","良好","無號誌","雙向禁止超車線","未繪設快慢車道分隔線","有",54,"非汽(機)車駕駛人",121.123946,23.961987,"南投縣","仁愛鄉"
"路上翻車、摔倒","2020",11,30,12,"晴","日間自然光線",25,"彎曲路及附近","一般車道(未劃分快慢車道)","柏油","乾燥","良好","無號誌","雙向禁止超車線","未繪設快慢車道分隔線","有",42,"非汽(機)車駕駛人",121.123946,23.961987,"南投縣","仁愛鄉"
"路上翻車、摔倒","2020",11,30,12,"晴","日間自然光線",25,"彎曲路及附近","一般車道(未劃分快慢車道)","柏油","乾燥","良好","無號誌","雙向禁止超車線","未繪設快慢車道分隔線","有",53,"非汽(機)車駕駛人",121.123946,23.961987,"南投縣","仁愛鄉"
"路上翻車、摔倒","2020",11,30,12,"晴","日間自然光線",25,"彎曲路及附近","一般車道(未劃分快慢車道)","柏油","乾燥","良好","無號誌","雙向禁止超車線","未繪設快慢車道分隔線","有",61,"非汽(機)車駕駛人",121.123946,23.961987,"南投縣","仁愛鄉"
"路上翻車、摔倒","2020",11,30,12,"晴","日間自然光線",25,"彎曲路及附近","一般車道(未劃分快慢車道)","柏油","乾燥","良好","無號誌","雙向禁止超車線","未繪設快慢車道分隔線","有",44,"非汽(機)車駕駛人",121.123946,23.961987,"南投縣","仁愛鄉"
"路上翻車、摔倒","2020",11,30,12,"晴","日間自然光線",25,"彎曲路及附近","一般車道(未劃分快慢車道)","柏油","乾燥","良好","無號誌","雙向禁止超車線","未繪設快慢車道分隔線","有",55,"非汽(機)車駕駛人",121.123946,23.961987,"南投縣","仁愛鄉"
"路上翻車、摔倒","2020",11,30,12,"晴","日間自然光線",25,"彎曲路及附近","一般車道(未劃分快慢車道)","柏油","乾燥","良好","無號誌","雙向禁止超車線","未繪設快慢車道分隔線","有",45,"非汽(機)車駕駛人",121.123946,23.961987,"南投縣","仁愛鄉"
"路上翻車、摔倒","2020",11,30,12,"晴","日間自然光線",25,"彎曲路及附近","一般車道(未劃分快慢車道)","柏油","乾燥","良好","無號誌","雙向禁止超車線","未繪設快慢車道分隔線","有",35,"非汽(機)車駕駛人",121.123946,23.961987,"南投縣","仁愛鄉"
"路上翻車、摔倒","2020",11,30,12,"晴","日間自然光線",25,"彎曲路及附近","一般車道(未劃分快慢車道)","柏油","乾燥","良好","無號誌","雙向禁止超車線","未繪設快慢車道分隔線","有",51,"未使用",121.123946,23.961987,"南投縣","仁愛鄉"
"路上翻車、摔倒","2020",11,30,12,"晴","日間自然光線",25,"彎曲路及附近","一般車道(未劃分快慢車道)","柏油","乾燥","良好","無號誌","雙向禁止超車線","未繪設快慢車道分隔線","有",45,"非汽(機)車駕駛人",121.123946,23.961987,"南投縣","仁愛鄉"
"路上翻車、摔倒","2020",11,30,12,"晴","日間自然光線",25,"彎曲路及附近","一般車道(未劃分快慢車道)","柏油","乾燥","良好","無號誌","雙向禁止超車線","未繪設快慢車道分隔線","有",48,"非汽(機)車駕駛人",121.123946,23.961987,"南投縣","仁愛鄉"
"撞號誌、標誌桿","2020",11,30,14,"晴","日間自然光線",40,"三岔路","一般車道(未劃分快慢車道)","柏油","乾燥","良好","無號誌","雙向禁止超車線","未繪設快慢車道分隔線","有",20,"未使用",120.591855,24.041636,"彰化縣","彰化市"