"事故類型及型態子類別名稱","發生年度","發生月份","發生日期","發生時間","天候名稱","光線名稱","速限.第1當事者","道路型態子類別名稱","事故位置子類別名稱","路面狀況.路面鋪裝名稱","路面狀況.路面狀態名稱","道路障礙.視距品質名稱","號誌.號誌動作名稱","車道劃分設施.分向設施大類別名稱","車道劃分設施.分道設施.快慢車道間名稱","車道劃分設施.分道設施.路面邊線名稱","當事者事故發生時年齡","行動電話或電腦或其他相類功能裝置名稱","經度","緯度","縣市","鄉鎮"
"穿越道路中","2020",11,30,15,"雨","日間自然光線",50,"三岔路","交叉路口內","柏油","濕潤","良好","正常","中央分向島","快慢車道分隔線","無",46,"未使用",121.569382,25.057422,"臺北市","松山區"
"穿越道路中","2020",11,30,15,"雨","日間自然光線",50,"三岔路","交叉路口內","柏油","濕潤","良好","正常","中央分向島","快慢車道分隔線","無",77,"非汽(機)車駕駛人",121.569382,25.057422,"臺北市","松山區"
"追撞","2020",11,30,17,"晴","夜間(或隧道、地下道、涵洞)有照明",60,"四岔路","交叉口附近","柏油","乾燥","良好","正常","中央分向島","未繪設快慢車道分隔線","有",61,"不明",120.447834,22.495002,"屏東縣","新園鄉"
"追撞","2020",11,30,17,"晴","夜間(或隧道、地下道、涵洞)有照明",60,"四岔路","交叉口附近","柏油","乾燥","良好","正常","中央分向島","未繪設快慢車道分隔線","有",59,"未使用",120.447834,22.495002,"屏東縣","新園鄉"
"追撞","2020",11,30,22,"晴","夜間(或隧道、地下道、涵洞)有照明",50,"橋樑","一般車道(未劃分快慢車道)","柏油","乾燥","良好","無號誌","雙向禁止超車線","未繪設快慢車道分隔線","有",31,"未使用",120.57325,23.605563,"雲林縣","古坑鄉"
"追撞","2020",11,30,22,"晴","夜間(或隧道、地下道、涵洞)有照明",50,"橋樑","一般車道(未劃分快慢車道)","柏油","乾燥","良好","無號誌","雙向禁止超車線","未繪設快慢車道分隔線","有",19,"未使用",120.57325,23.605563,"雲林縣","古坑鄉"
"其他","2020",12,1,7,"陰","日間自然光線",60,"彎曲路及附近","一般車道(未劃分快慢車道)","柏油","濕潤","良好","無號誌","雙向禁止超車線","未繪設快慢車道分隔線","有",50,"不明",121.842028,25.122113,"新北市","瑞芳區"
"其他","2020",12,1,7,"陰","日間自然光線",60,"彎曲路及附近","一般車道(未劃分快慢車道)","柏油","濕潤","良好","無號誌","雙向禁止超車線","未繪設快慢車道分隔線","有",46,"不明",121.842028,25.122113,"新北市","瑞芳區"
"其他","2020",12,1,7,"陰","日間自然光線",60,"彎曲路及附近","一般車道(未劃分快慢車道)","柏油","濕潤","良好","無號誌","雙向禁止超車線","未繪設快慢車道分隔線","有",18,"不明",121.842028,25.122113,"新北市","瑞芳區"
"路上翻車、摔倒","2020",12,1,7,"雨","日間自然光線",30,"直路","一般車道(未劃分快慢車道)","柏油","濕潤","良好","無號誌","無","未繪設快慢車道分隔線","無",74,"未使用",121.418152,24.876645,"新北市","三峽區"
"同向擦撞","2020",12,1,9,"雨","日間自然光線",40,"坡路","一般車道(未劃分快慢車道)","柏油","濕潤","良好","無號誌","無","未繪設快慢車道分隔線","有",55,"未使用",121.737137,24.816371,"宜蘭縣","礁溪鄉"
"同向擦撞","2020",12,1,9,"雨","日間自然光線",40,"坡路","一般車道(未劃分快慢車道)","柏油","濕潤","良好","無號誌","無","未繪設快慢車道分隔線","有",30,"未使用",121.737137,24.816371,"宜蘭縣","礁溪鄉"
"路口交岔撞","2020",12,1,15,"晴","日間自然光線",50,"四岔路","交叉路口內","柏油","乾燥","良好","無號誌","行車分向線","未繪設快慢車道分隔線","有",71,"未使用",120.496746,22.783085,"屏東縣","里港鄉"
"路口交岔撞","2020",12,1,15,"晴","日間自然光線",50,"四岔路","交叉路口內","柏油","乾燥","良好","無號誌","行車分向線","未繪設快慢車道分隔線","有",30,"未使用",120.496746,22.783085,"屏東縣","里港鄉"
"撞橋樑、建築物","2020",12,1,15,"雨","日間自然光線",40,"三岔路","交叉路口內","柏油","濕潤","良好","無號誌","無","未繪設快慢車道分隔線","有",49,"不明",121.317764,24.991477,"桃園市","桃園區"
"佇立路邊(外)","2020",12,1,15,"晴","日間自然光線",50,"直路","路肩、路緣","柏油","乾燥","良好","無號誌","行車分向線","未繪設快慢車道分隔線","有",55,"不明",120.268,22.87001,"高雄市","路竹區"
"佇立路邊(外)","2020",12,1,15,"晴","日間自然光線",50,"直路","路肩、路緣","柏油","乾燥","良好","無號誌","行車分向線","未繪設快慢車道分隔線","有",72,"非駕駛人",120.268,22.87001,"高雄市","路竹區"
"路口交岔撞","2020",12,1,22,"晴","夜間(或隧道、地下道、涵洞)有照明",60,"四岔路","交叉路口內","柏油","乾燥","良好","正常","中央分向島","未繪設快慢車道分隔線","無",40,"不明",120.72008,24.263826,"臺中市","豐原區"
"路口交岔撞","2020",12,1,22,"晴","夜間(或隧道、地下道、涵洞)有照明",60,"四岔路","交叉路口內","柏油","乾燥","良好","正常","中央分向島","未繪設快慢車道分隔線","無",41,"未使用",120.72008,24.263826,"臺中市","豐原區"
"撞路樹、電桿","2020",12,1,23,"晴","夜間(或隧道、地下道、涵洞)無照明",40,"直路","路肩、路緣","柏油","乾燥","良好","無號誌","雙向禁止超車線","未繪設快慢車道分隔線","有",19,"不明",120.94563,23.895198,"南投縣","魚池鄉"
"撞路樹、電桿","2020",12,1,23,"晴","夜間(或隧道、地下道、涵洞)無照明",40,"直路","路肩、路緣","柏油","乾燥","良好","無號誌","雙向禁止超車線","未繪設快慢車道分隔線","有",18,"不明",120.94563,23.895198,"南投縣","魚池鄉"
"穿越道路中","2020",12,2,5,"雨","夜間(或隧道、地下道、涵洞)有照明",50,"直路","行人穿越道","柏油","濕潤","良好","正常","中央分向島","未繪設快慢車道分隔線","有",30,"未使用",121.37248,25.080338,"新北市","林口區"
"穿越道路中","2020",12,2,5,"雨","夜間(或隧道、地下道、涵洞)有照明",50,"直路","行人穿越道","柏油","濕潤","良好","正常","中央分向島","未繪設快慢車道分隔線","有",84,"非汽(機)車駕駛人",121.37248,25.080338,"新北市","林口區"
"其他","2020",12,2,6,"晴","日間自然光線",40,"直路","慢車道","柏油","乾燥","良好","無號誌","中央分向島","快慢車道分隔線","有",23,"未使用",120.645738,24.224815,"臺中市","大雅區"
"其他","2020",12,2,6,"晴","日間自然光線",40,"直路","慢車道","柏油","乾燥","良好","無號誌","中央分向島","快慢車道分隔線","有",81,"非駕駛人",120.645738,24.224815,"臺中市","大雅區"
"穿越道路中","2020",12,2,7,"雨","日間自然光線",40,"四岔路","行人穿越道","柏油","濕潤","良好","正常","無","未繪設快慢車道分隔線","無",78,"非駕駛人",121.213814,24.859426,"桃園市","龍潭區"
"穿越道路中","2020",12,2,7,"雨","日間自然光線",40,"四岔路","行人穿越道","柏油","濕潤","良好","正常","無","未繪設快慢車道分隔線","無",34,"未使用",121.213814,24.859426,"桃園市","龍潭區"
"衝出路外","2020",12,2,9,"晴","日間自然光線",50,"直路","路肩、路緣","柏油","乾燥","良好","無號誌","行車分向線","快慢車道分隔線","有",59,"不明",120.389757,23.597818,"嘉義縣","溪口鄉"
"路口交岔撞","2020",12,2,9,"晴","日間自然光線",60,"四岔路","交叉路口內","柏油","乾燥","良好","正常","無","未繪設快慢車道分隔線","無",28,"未使用",120.445143,23.59584,"嘉義縣","大林鎮"
"路口交岔撞","2020",12,2,9,"晴","日間自然光線",60,"四岔路","交叉路口內","柏油","乾燥","良好","正常","無","未繪設快慢車道分隔線","無",51,"未使用",120.445143,23.59584,"嘉義縣","大林鎮"
"側撞","2020",12,2,10,"晴","日間自然光線",70,"三岔路","交叉口附近","柏油","乾燥","良好","無號誌","中央分向島","未繪設快慢車道分隔線","有",23,"未使用",120.536218,22.42292,"屏東縣","佳冬鄉"
"側撞","2020",12,2,10,"晴","日間自然光線",70,"三岔路","交叉口附近","柏油","乾燥","良好","無號誌","中央分向島","未繪設快慢車道分隔線","有",52,"未使用",120.536218,22.42292,"屏東縣","佳冬鄉"
"側撞","2020",12,2,15,"晴","日間自然光線",50,"三岔路","交叉路口內","柏油","乾燥","良好","無號誌","雙向禁止超車線","未繪設快慢車道分隔線","無",25,"未使用",120.631279,24.138518,"臺中市","南屯區"
"側撞","2020",12,2,15,"晴","日間自然光線",50,"三岔路","交叉路口內","柏油","乾燥","良好","無號誌","雙向禁止超車線","未繪設快慢車道分隔線","無",20,"未使用",120.631279,24.138518,"臺中市","南屯區"
"路口交岔撞","2020",12,2,16,"陰","日間自然光線",50,"四岔路","交叉路口內","柏油","乾燥","良好","無號誌","無","未繪設快慢車道分隔線","無",78,"未使用",121.62076,23.991272,"花蓮縣","花蓮市"
"路口交岔撞","2020",12,2,16,"陰","日間自然光線",50,"四岔路","交叉路口內","柏油","乾燥","良好","無號誌","無","未繪設快慢車道分隔線","無",39,"未使用",121.62076,23.991272,"花蓮縣","花蓮市"
"側撞","2020",12,2,20,"晴","夜間(或隧道、地下道、涵洞)有照明",50,"三岔路","交叉路口內","柏油","乾燥","良好","正常","無","未繪設快慢車道分隔線","無",48,"不明",121.179108,24.989433,"桃園市","中壢區"
"側撞","2020",12,2,20,"晴","夜間(或隧道、地下道、涵洞)有照明",50,"三岔路","交叉路口內","柏油","乾燥","良好","正常","無","未繪設快慢車道分隔線","無",19,"未使用",121.179108,24.989433,"桃園市","中壢區"
"側撞","2020",12,2,20,"晴","夜間(或隧道、地下道、涵洞)有照明",50,"三岔路","交叉路口內","柏油","乾燥","良好","正常","無","未繪設快慢車道分隔線","無",48,"未使用",121.179108,24.989433,"桃園市","中壢區"
"路上翻車、摔倒","2020",12,3,9,"晴","日間自然光線",30,"直路","一般車道(未劃分快慢車道)","柏油","乾燥","良好","無號誌","無","未繪設快慢車道分隔線","無",69,"未使用",120.269481,23.302016,"臺南市","鹽水區"
"側撞","2020",12,3,9,"晴","日間自然光線",50,"四岔路","交叉路口內","柏油","乾燥","良好","正常","中央分向島","快慢車道分隔線","有",80,"未使用",120.162456,22.992063,"臺南市","安平區"
"側撞","2020",12,3,9,"晴","日間自然光線",50,"四岔路","交叉路口內","柏油","乾燥","良好","正常","中央分向島","快慢車道分隔線","有",47,"未使用",120.162456,22.992063,"臺南市","安平區"
"撞護欄(樁)","2020",12,3,17,"晴","夜間(或隧道、地下道、涵洞)無照明",30,"直路","一般車道(未劃分快慢車道)","柏油","乾燥","良好","無號誌","無","未繪設快慢車道分隔線","有",34,"未使用",120.418312,24.028827,"彰化縣","福興鄉"
"側撞","2020",12,4,0,"晴","夜間(或隧道、地下道、涵洞)有照明",40,"四岔路","交叉口附近","柏油","乾燥","良好","正常","中央分向島","寛式快慢車道分隔島(50公分以上)","有",21,"未使用",120.867431,24.704208,"苗栗縣","竹南鎮"
"側撞","2020",12,4,0,"晴","夜間(或隧道、地下道、涵洞)有照明",40,"四岔路","交叉口附近","柏油","乾燥","良好","正常","中央分向島","寛式快慢車道分隔島(50公分以上)","有",50,"未使用",120.867431,24.704208,"苗栗縣","竹南鎮"
"追撞","2020",12,4,5,"雨","夜間(或隧道、地下道、涵洞)有照明",50,"直路","一般車道(未劃分快慢車道)","柏油","濕潤","良好","無號誌","行車分向線","未繪設快慢車道分隔線","有",66,"不明",121.215889,24.946606,"桃園市","平鎮區"
"追撞","2020",12,4,5,"雨","夜間(或隧道、地下道、涵洞)有照明",50,"直路","一般車道(未劃分快慢車道)","柏油","濕潤","良好","無號誌","行車分向線","未繪設快慢車道分隔線","有",66,"未使用",121.215889,24.946606,"桃園市","平鎮區"
"追撞","2020",12,4,5,"雨","夜間(或隧道、地下道、涵洞)有照明",50,"直路","一般車道(未劃分快慢車道)","柏油","濕潤","良好","無號誌","行車分向線","未繪設快慢車道分隔線","有",69,"未使用",121.215889,24.946606,"桃園市","平鎮區"
"路口交岔撞","2020",12,4,6,"雨","晨或暮光",50,"四岔路","交叉路口內","柏油","濕潤","不良","無號誌","無","未繪設快慢車道分隔線","無",52,"不明",120.792104,24.6476,"苗栗縣","後龍鎮"
"路口交岔撞","2020",12,4,6,"雨","晨或暮光",50,"四岔路","交叉路口內","柏油","濕潤","不良","無號誌","無","未繪設快慢車道分隔線","無",80,"非駕駛人",120.792104,24.6476,"苗栗縣","後龍鎮"
"對撞","2020",12,4,6,"雨","日間自然光線",30,"彎曲路及附近","一般車道(未劃分快慢車道)","柏油","濕潤","良好","無號誌","雙向禁止超車線","未繪設快慢車道分隔線","有",57,"未使用",120.5904,23.08236,"高雄市","甲仙區"
"對撞","2020",12,4,6,"雨","日間自然光線",30,"彎曲路及附近","一般車道(未劃分快慢車道)","柏油","濕潤","良好","無號誌","雙向禁止超車線","未繪設快慢車道分隔線","有",73,"非駕駛人",120.5904,23.08236,"高雄市","甲仙區"
"對撞","2020",12,4,6,"雨","日間自然光線",30,"彎曲路及附近","一般車道(未劃分快慢車道)","柏油","濕潤","良好","無號誌","雙向禁止超車線","未繪設快慢車道分隔線","有",71,"未使用",120.5904,23.08236,"高雄市","甲仙區"
"路口交岔撞","2020",12,4,11,"晴","日間自然光線",50,"四岔路","交叉路口內","柏油","乾燥","良好","正常","中央分向島","未繪設快慢車道分隔線","有",25,"未使用",120.708363,23.827927,"屏東縣","長治鄉"
"路口交岔撞","2020",12,4,11,"晴","日間自然光線",50,"四岔路","交叉路口內","柏油","乾燥","良好","正常","中央分向島","未繪設快慢車道分隔線","有",78,"未使用",120.708363,23.827927,"屏東縣","長治鄉"
"撞護欄(樁)","2020",12,4,15,"晴","日間自然光線",40,"直路","路肩、路緣","柏油","乾燥","良好","無號誌","行車分向線","未繪設快慢車道分隔線","有",68,"不明",120.601429,22.697754,"屏東縣","瑪家鄉"
"側撞","2020",12,4,18,"晴","夜間(或隧道、地下道、涵洞)有照明",40,"四岔路","交叉口附近","柏油","乾燥","良好","無號誌","雙向禁止超車線","快慢車道分隔線","有",69,"未使用",120.298339,22.743241,"高雄市","橋頭區"
"側撞","2020",12,4,18,"晴","夜間(或隧道、地下道、涵洞)有照明",40,"四岔路","交叉口附近","柏油","乾燥","良好","無號誌","雙向禁止超車線","快慢車道分隔線","有",23,"未使用",120.298339,22.743241,"高雄市","橋頭區"
"衝出路外","2020",12,5,6,"晴","夜間(或隧道、地下道、涵洞)有照明",50,"直路","一般車道(未劃分快慢車道)","柏油","乾燥","不良","無號誌","雙向禁止超車線","未繪設快慢車道分隔線","有",20,"不明",121.088452,24.766783,"新竹縣","芎林鄉"
"同向擦撞","2020",12,5,10,"晴","日間自然光線",50,"三岔路","交叉口附近","柏油","乾燥","良好","正常","雙向禁止超車線","未繪設快慢車道分隔線","無",39,"未使用",120.828028,24.493863,"苗栗縣","公館鄉"
"同向擦撞","2020",12,5,10,"晴","日間自然光線",50,"三岔路","交叉口附近","柏油","乾燥","良好","正常","雙向禁止超車線","未繪設快慢車道分隔線","無",33,"未使用",120.828028,24.493863,"苗栗縣","公館鄉"
"路上翻車、摔倒","2020",12,5,11,"晴","晨或暮光",30,"彎曲路及附近","路肩、路緣","柏油","乾燥","良好","無號誌","雙向禁止超車線","未繪設快慢車道分隔線","有",44,"未使用",121.488827,24.208909,"花蓮縣","秀林鄉"
"衝出路外","2020",12,5,16,"晴","日間自然光線",30,"彎曲路及附近","一般車道(未劃分快慢車道)","柏油","乾燥","良好","無號誌","雙向禁止超車線","未繪設快慢車道分隔線","有",19,"未使用",120.817507,24.086641,"臺中市","太平區"
"側撞","2020",12,5,17,"晴","夜間(或隧道、地下道、涵洞)有照明",50,"四岔路","交叉路口內","柏油","乾燥","良好","正常","中央分向島","快慢車道分隔線","有",61,"未使用",120.216221,23.022053,"臺南市","永康區"
"側撞","2020",12,5,17,"晴","夜間(或隧道、地下道、涵洞)有照明",50,"四岔路","交叉路口內","柏油","乾燥","良好","正常","中央分向島","快慢車道分隔線","有",24,"未使用",120.216221,23.022053,"臺南市","永康區"
"追撞","2020",12,5,22,"晴","夜間(或隧道、地下道、涵洞)有照明",40,"四岔路","交叉路口內","柏油","乾燥","良好","正常","雙向禁止超車線","快慢車道分隔線","無",18,"未使用",120.296366,22.6675,"高雄市","鼓山區"
"追撞","2020",12,5,22,"晴","夜間(或隧道、地下道、涵洞)有照明",40,"四岔路","交叉路口內","柏油","乾燥","良好","正常","雙向禁止超車線","快慢車道分隔線","無",32,"未使用",120.296366,22.6675,"高雄市","鼓山區"
"追撞","2020",12,5,22,"晴","夜間(或隧道、地下道、涵洞)有照明",40,"四岔路","交叉路口內","柏油","乾燥","良好","正常","雙向禁止超車線","快慢車道分隔線","無",18,"未使用",120.296366,22.6675,"高雄市","鼓山區"
"追撞","2020",12,5,22,"晴","夜間(或隧道、地下道、涵洞)有照明",40,"四岔路","交叉路口內","柏油","乾燥","良好","正常","雙向禁止超車線","快慢車道分隔線","無",50,"未使用",120.296366,22.6675,"高雄市","鼓山區"
"撞路樹、電桿","2020",12,5,23,"陰","夜間(或隧道、地下道、涵洞)有照明",50,"直路","路肩、路緣","柏油","乾燥","良好","無號誌","行車分向線","未繪設快慢車道分隔線","有",38,"不明",121.276086,25.033434,"桃園市","蘆竹區"
"穿越道路中","2020",12,6,5,"晴","夜間(或隧道、地下道、涵洞)有照明",50,"三岔路","行人穿越道","柏油","乾燥","良好","正常","無","未繪設快慢車道分隔線","無",53,"不明",121.313114,25.015964,"桃園市","桃園區"
"穿越道路中","2020",12,6,5,"晴","夜間(或隧道、地下道、涵洞)有照明",50,"三岔路","行人穿越道","柏油","乾燥","良好","正常","無","未繪設快慢車道分隔線","無",76,"不明",121.313114,25.015964,"桃園市","桃園區"
"路上翻車、摔倒","2020",12,6,6,"晴","日間自然光線",50,"彎曲路及附近","一般車道(未劃分快慢車道)","柏油","乾燥","良好","無號誌","雙向禁止超車線","未繪設快慢車道分隔線","有",30,"未使用",121.199216,24.945689,"桃園市","平鎮區"
"倒車撞","2020",12,6,8,"晴","日間自然光線",70,"直路","一般車道(未劃分快慢車道)","柏油","乾燥","良好","無號誌","中央分向島","未繪設快慢車道分隔線","有",66,"未使用",120.418,22.65806,"高雄市","大樹區"
"倒車撞","2020",12,6,8,"晴","日間自然光線",70,"直路","一般車道(未劃分快慢車道)","柏油","乾燥","良好","無號誌","中央分向島","未繪設快慢車道分隔線","有",54,"未使用",120.418,22.65806,"高雄市","大樹區"
"路口交岔撞","2020",12,6,9,"晴","日間自然光線",30,"四岔路","交叉路口內","柏油","乾燥","良好","無號誌","無","未繪設快慢車道分隔線","無",73,"未使用",120.539419,24.203203,"臺中市","龍井區"
"路口交岔撞","2020",12,6,9,"晴","日間自然光線",30,"四岔路","交叉路口內","柏油","乾燥","良好","無號誌","無","未繪設快慢車道分隔線","無",68,"非駕駛人",120.539419,24.203203,"臺中市","龍井區"
"路口交岔撞","2020",12,6,9,"晴","日間自然光線",30,"四岔路","交叉路口內","柏油","乾燥","良好","無號誌","無","未繪設快慢車道分隔線","無",26,"未使用",120.539419,24.203203,"臺中市","龍井區"
"路上翻車、摔倒","2020",12,7,0,"晴","夜間(或隧道、地下道、涵洞)有照明",50,"彎曲路及附近","一般車道(未劃分快慢車道)","柏油","乾燥","良好","無號誌","雙向禁止超車線","未繪設快慢車道分隔線","有",30,"未使用",120.585393,22.697621,"屏東縣","長治鄉"
"撞路樹、電桿","2020",12,7,0,"晴","夜間(或隧道、地下道、涵洞)有照明",50,"直路","路肩、路緣","柏油","乾燥","良好","無號誌","雙向禁止超車線","未繪設快慢車道分隔線","有",109,"",120.423174,22.549651,"高雄市","大寮區"
"撞路樹、電桿","2020",12,7,0,"晴","夜間(或隧道、地下道、涵洞)有照明",50,"直路","路肩、路緣","柏油","乾燥","良好","無號誌","雙向禁止超車線","未繪設快慢車道分隔線","有",21,"未使用",120.423174,22.549651,"高雄市","大寮區"
"路上翻車、摔倒","2020",12,7,7,"雨","日間自然光線",50,"三岔路","交叉口附近","柏油","濕潤","良好","正常","中央分向島","未繪設快慢車道分隔線","有",25,"未使用",121.306039,25.02564,"桃園市","桃園區"
"路口交岔撞","2020",12,7,14,"晴","日間自然光線",40,"四岔路","交叉路口內","柏油","乾燥","良好","無號誌","無","未繪設快慢車道分隔線","有",68,"不明",120.373169,23.690178,"雲林縣","土庫鎮"
"路口交岔撞","2020",12,7,14,"晴","日間自然光線",40,"四岔路","交叉路口內","柏油","乾燥","良好","無號誌","無","未繪設快慢車道分隔線","有",26,"未使用",120.373169,23.690178,"雲林縣","土庫鎮"
"其他","2020",12,8,9,"雨","日間自然光線",50,"直路","路肩、路緣","柏油","濕潤","良好","無號誌","雙向禁止超車線","未繪設快慢車道分隔線","有",34,"不明",121.793196,24.698855,"宜蘭縣","五結鄉"
"其他","2020",12,8,9,"雨","日間自然光線",50,"直路","路肩、路緣","柏油","濕潤","良好","無號誌","雙向禁止超車線","未繪設快慢車道分隔線","有",24,"不明",121.793196,24.698855,"宜蘭縣","五結鄉"
"穿越道路中","2020",12,8,9,"雨","日間自然光線",40,"三岔路","交叉路口內","柏油","濕潤","良好","正常","雙向禁止超車線","未繪設快慢車道分隔線","有",72,"非駕駛人",121.391589,24.934242,"新北市","三峽區"
"穿越道路中","2020",12,8,9,"雨","日間自然光線",40,"三岔路","交叉路口內","柏油","濕潤","良好","正常","雙向禁止超車線","未繪設快慢車道分隔線","有",42,"未使用",121.391589,24.934242,"新北市","三峽區"
"同向擦撞","2020",12,8,9,"晴","日間自然光線",50,"三岔路","交叉路口內","柏油","乾燥","良好","正常","無","未繪設快慢車道分隔線","無",72,"未使用",121.208966,24.956865,"桃園市","平鎮區"
"同向擦撞","2020",12,8,9,"晴","日間自然光線",50,"三岔路","交叉路口內","柏油","乾燥","良好","正常","無","未繪設快慢車道分隔線","無",43,"未使用",121.208966,24.956865,"桃園市","平鎮區"
"其他","2020",12,8,22,"晴","夜間(或隧道、地下道、涵洞)有照明",50,"四岔路","交叉路口內","柏油","乾燥","良好","正常","中央分向島","未繪設快慢車道分隔線","無",70,"未使用",120.747561,24.266665,"臺中市","豐原區"
"其他","2020",12,8,22,"晴","夜間(或隧道、地下道、涵洞)有照明",50,"四岔路","交叉路口內","柏油","乾燥","良好","正常","中央分向島","未繪設快慢車道分隔線","無",29,"未使用",120.747561,24.266665,"臺中市","豐原區"
"撞交通島","2020",12,9,2,"雨","夜間(或隧道、地下道、涵洞)有照明",50,"多岔路","交通島(含槽化線)","柏油","濕潤","良好","正常","中央分向島","未繪設快慢車道分隔線","有",20,"未使用",120.506573,23.754793,"雲林縣","莿桐鄉"
"撞交通島","2020",12,9,2,"雨","夜間(或隧道、地下道、涵洞)有照明",50,"多岔路","交通島(含槽化線)","柏油","濕潤","良好","正常","中央分向島","未繪設快慢車道分隔線","有",18,"非汽(機)車駕駛人",120.506573,23.754793,"雲林縣","莿桐鄉"
"撞交通島","2020",12,9,2,"雨","夜間(或隧道、地下道、涵洞)有照明",50,"多岔路","交通島(含槽化線)","柏油","濕潤","良好","正常","中央分向島","未繪設快慢車道分隔線","有",21,"非汽(機)車駕駛人",120.506573,23.754793,"雲林縣","莿桐鄉"
"撞交通島","2020",12,9,2,"雨","夜間(或隧道、地下道、涵洞)有照明",50,"多岔路","交通島(含槽化線)","柏油","濕潤","良好","正常","中央分向島","未繪設快慢車道分隔線","有",24,"非汽(機)車駕駛人",120.506573,23.754793,"雲林縣","莿桐鄉"
"撞交通島","2020",12,9,2,"雨","夜間(或隧道、地下道、涵洞)有照明",50,"多岔路","交通島(含槽化線)","柏油","濕潤","良好","正常","中央分向島","未繪設快慢車道分隔線","有",22,"非汽(機)車駕駛人",120.506573,23.754793,"雲林縣","莿桐鄉"
"同向擦撞","2020",12,9,7,"雨","日間自然光線",40,"三岔路","交叉口附近","柏油","濕潤","良好","正常","無","未繪設快慢車道分隔線","無",24,"未使用",120.676156,24.085808,"臺中市","大里區"
"同向擦撞","2020",12,9,7,"雨","日間自然光線",40,"三岔路","交叉口附近","柏油","濕潤","良好","正常","無","未繪設快慢車道分隔線","無",54,"未使用",120.676156,24.085808,"臺中市","大里區"
"側撞","2020",12,9,10,"雨","日間自然光線",70,"四岔路","交叉口附近","柏油","濕潤","良好","正常","無","未繪設快慢車道分隔線","無",66,"未使用",120.470322,23.642991,"雲林縣","大埤鄉"
"側撞","2020",12,9,10,"雨","日間自然光線",70,"四岔路","交叉口附近","柏油","濕潤","良好","正常","無","未繪設快慢車道分隔線","無",23,"未使用",120.470322,23.642991,"雲林縣","大埤鄉"
"側撞","2020",12,9,12,"雨","日間自然光線",50,"直路","快車道","柏油","濕潤","良好","無號誌","中央分向島","快慢車道分隔線","有",85,"不明",120.4365,22.77365,"高雄市","旗山區"
"側撞","2020",12,9,12,"雨","日間自然光線",50,"直路","快車道","柏油","濕潤","良好","無號誌","中央分向島","快慢車道分隔線","有",47,"未使用",120.4365,22.77365,"高雄市","旗山區"
"路上翻車、摔倒","2020",12,9,14,"雨","日間自然光線",70,"直路","慢車道","柏油","濕潤","良好","無號誌","行車分向線","快慢車道分隔線","有",58,"不明",120.826576,23.824092,"南投縣","集集鎮"
"路上翻車、摔倒","2020",12,9,14,"雨","日間自然光線",70,"直路","慢車道","柏油","濕潤","良好","無號誌","行車分向線","快慢車道分隔線","有",51,"未使用",120.826576,23.824092,"南投縣","集集鎮"
"路上翻車、摔倒","2020",12,9,14,"雨","日間自然光線",70,"直路","慢車道","柏油","濕潤","良好","無號誌","行車分向線","快慢車道分隔線","有",49,"未使用",120.826576,23.824092,"南投縣","集集鎮"
"路上翻車、摔倒","2020",12,9,14,"雨","日間自然光線",70,"直路","慢車道","柏油","濕潤","良好","無號誌","行車分向線","快慢車道分隔線","有",52,"未使用",120.826576,23.824092,"南投縣","集集鎮"
"倒車撞","2020",12,9,17,"雨","夜間(或隧道、地下道、涵洞)有照明",50,"直路","慢車道","柏油","濕潤","良好","無動作","行車分向線","快慢車道分隔線","有",46,"未使用",120.506566,22.816669,"屏東縣","里港鄉"
"倒車撞","2020",12,9,17,"雨","夜間(或隧道、地下道、涵洞)有照明",50,"直路","慢車道","柏油","濕潤","良好","無動作","行車分向線","快慢車道分隔線","有",18,"未使用",120.506566,22.816669,"屏東縣","里港鄉"
"其他","2020",12,10,18,"晴","夜間(或隧道、地下道、涵洞)有照明",50,"直路","一般車道(未劃分快慢車道)","柏油","乾燥","良好","無號誌","中央分向島","未繪設快慢車道分隔線","有",23,"非駕駛人",120.665885,24.216912,"臺中市","大雅區"
"其他","2020",12,10,18,"晴","夜間(或隧道、地下道、涵洞)有照明",50,"直路","一般車道(未劃分快慢車道)","柏油","乾燥","良好","無號誌","中央分向島","未繪設快慢車道分隔線","有",33,"非駕駛人",120.665885,24.216912,"臺中市","大雅區"
"其他","2020",12,10,18,"晴","夜間(或隧道、地下道、涵洞)有照明",50,"直路","一般車道(未劃分快慢車道)","柏油","乾燥","良好","無號誌","中央分向島","未繪設快慢車道分隔線","有",37,"未使用",120.665885,24.216912,"臺中市","大雅區"
"其他","2020",12,10,18,"晴","夜間(或隧道、地下道、涵洞)有照明",50,"直路","一般車道(未劃分快慢車道)","柏油","乾燥","良好","無號誌","中央分向島","未繪設快慢車道分隔線","有",31,"未使用",120.665885,24.216912,"臺中市","大雅區"
"其他","2020",12,10,18,"晴","夜間(或隧道、地下道、涵洞)有照明",50,"直路","一般車道(未劃分快慢車道)","柏油","乾燥","良好","無號誌","中央分向島","未繪設快慢車道分隔線","有",63,"未使用",120.665885,24.216912,"臺中市","大雅區"
"穿越道路中","2020",12,10,18,"晴","夜間(或隧道、地下道、涵洞)有照明",50,"三岔路","交叉路口內","柏油","乾燥","良好","無號誌","無","未繪設快慢車道分隔線","無",68,"非駕駛人",120.747473,24.194803,"臺中市","北屯區"