"事故類型及型態子類別名稱","發生年度","發生月份","發生日期","發生時間","天候名稱","光線名稱","速限.第1當事者","道路型態子類別名稱","事故位置子類別名稱","路面狀況.路面鋪裝名稱","路面狀況.路面狀態名稱","道路障礙.視距品質名稱","號誌.號誌動作名稱","車道劃分設施.分向設施大類別名稱","車道劃分設施.分道設施.快慢車道間名稱","車道劃分設施.分道設施.路面邊線名稱","當事者事故發生時年齡","行動電話或電腦或其他相類功能裝置名稱","經度","緯度","縣市","鄉鎮"
"穿越道路中","2020",12,10,18,"晴","夜間(或隧道、地下道、涵洞)有照明",50,"三岔路","交叉路口內","柏油","乾燥","良好","無號誌","無","未繪設快慢車道分隔線","無",69,"未使用",120.747473,24.194803,"臺中市","北屯區"
"其他","2020",12,11,6,"雨","夜間(或隧道、地下道、涵洞)有照明",50,"三岔路","交叉口附近","柏油","濕潤","良好","無號誌","中央分向島","快慢車道分隔線","無",19,"未使用",121.530492,25.109066,"臺北市","士林區"
"其他","2020",12,11,6,"雨","夜間(或隧道、地下道、涵洞)有照明",50,"三岔路","交叉口附近","柏油","濕潤","良好","無號誌","中央分向島","快慢車道分隔線","無",80,"非駕駛人",121.530492,25.109066,"臺北市","士林區"
"穿越道路中","2020",12,11,9,"雨","日間自然光線",50,"四岔路","穿越道附近","柏油","濕潤","良好","正常","無","未繪設快慢車道分隔線","無",57,"未使用",121.078772,25.036141,"桃園市","觀音區"
"穿越道路中","2020",12,11,9,"雨","日間自然光線",50,"四岔路","穿越道附近","柏油","濕潤","良好","正常","無","未繪設快慢車道分隔線","無",86,"非駕駛人",121.078772,25.036141,"桃園市","觀音區"
"追撞","2020",12,11,11,"晴","日間自然光線",50,"三岔路","交叉路口內","柏油","乾燥","良好","正常","雙向禁止超車線","快慢車道分隔線","有",55,"未使用",120.380089,22.641444,"高雄市","鳥松區"
"追撞","2020",12,11,11,"晴","日間自然光線",50,"三岔路","交叉路口內","柏油","乾燥","良好","正常","雙向禁止超車線","快慢車道分隔線","有",62,"非駕駛人",120.380089,22.641444,"高雄市","鳥松區"
"追撞","2020",12,11,11,"晴","日間自然光線",50,"三岔路","交叉路口內","柏油","乾燥","良好","正常","雙向禁止超車線","快慢車道分隔線","有",55,"未使用",120.380089,22.641444,"高雄市","鳥松區"
"追撞","2020",12,11,11,"晴","日間自然光線",50,"三岔路","交叉路口內","柏油","乾燥","良好","正常","雙向禁止超車線","快慢車道分隔線","有",78,"未使用",120.380089,22.641444,"高雄市","鳥松區"
"追撞","2020",12,11,11,"晴","日間自然光線",50,"三岔路","交叉路口內","柏油","乾燥","良好","正常","雙向禁止超車線","快慢車道分隔線","有",68,"未使用",120.380089,22.641444,"高雄市","鳥松區"
"追撞","2020",12,11,11,"晴","日間自然光線",50,"三岔路","交叉路口內","柏油","乾燥","良好","正常","雙向禁止超車線","快慢車道分隔線","有",38,"未使用",120.380089,22.641444,"高雄市","鳥松區"
"追撞","2020",12,11,11,"晴","日間自然光線",50,"三岔路","交叉路口內","柏油","乾燥","良好","正常","雙向禁止超車線","快慢車道分隔線","有",46,"未使用",120.380089,22.641444,"高雄市","鳥松區"
"追撞","2020",12,11,11,"晴","日間自然光線",50,"三岔路","交叉路口內","柏油","乾燥","良好","正常","雙向禁止超車線","快慢車道分隔線","有",43,"未使用",120.380089,22.641444,"高雄市","鳥松區"
"其他","2020",12,11,12,"晴","日間自然光線",35,"直路","一般車道(未劃分快慢車道)","柏油","乾燥","良好","無號誌","無","未繪設快慢車道分隔線","無",29,"未使用",120.630092,24.173144,"臺中市","西屯區"
"其他","2020",12,11,12,"晴","日間自然光線",35,"直路","一般車道(未劃分快慢車道)","柏油","乾燥","良好","無號誌","無","未繪設快慢車道分隔線","無",42,"未使用",120.630092,24.173144,"臺中市","西屯區"
"路口交岔撞","2020",12,11,12,"晴","日間自然光線",60,"三岔路","交叉路口內","柏油","乾燥","良好","正常","無","未繪設快慢車道分隔線","無",31,"未使用",120.273191,23.25486,"臺南市","下營區"
"路口交岔撞","2020",12,11,12,"晴","日間自然光線",60,"三岔路","交叉路口內","柏油","乾燥","良好","正常","無","未繪設快慢車道分隔線","無",65,"未使用",120.273191,23.25486,"臺南市","下營區"
"側撞","2020",12,11,14,"晴","日間自然光線",40,"直路","快車道","柏油","乾燥","良好","無號誌","雙向禁止超車線","快慢車道分隔線","無",71,"未使用",120.289526,22.720764,"高雄市","楠梓區"
"側撞","2020",12,11,14,"晴","日間自然光線",40,"直路","快車道","柏油","乾燥","良好","無號誌","雙向禁止超車線","快慢車道分隔線","無",25,"未使用",120.289526,22.720764,"高雄市","楠梓區"
"側撞","2020",12,11,14,"晴","日間自然光線",40,"直路","快車道","柏油","乾燥","良好","無號誌","雙向禁止超車線","快慢車道分隔線","無",7,"非駕駛人",120.289526,22.720764,"高雄市","楠梓區"
"其他","2020",12,12,6,"晴","日間自然光線",40,"三岔路","交叉路口內","柏油","乾燥","良好","無號誌","無","未繪設快慢車道分隔線","無",64,"不明",120.573006,24.191698,"臺中市","龍井區"
"其他","2020",12,12,6,"晴","日間自然光線",40,"三岔路","交叉路口內","柏油","乾燥","良好","無號誌","無","未繪設快慢車道分隔線","無",21,"不明",120.573006,24.191698,"臺中市","龍井區"
"撞交通島","2020",12,13,3,"晴","夜間(或隧道、地下道、涵洞)有照明",40,"直路","快車道","柏油","乾燥","良好","無號誌","中央分向島","快慢車道分隔線","無",32,"未使用",120.657241,24.133,"臺中市","南區"
"撞交通島","2020",12,13,3,"晴","夜間(或隧道、地下道、涵洞)有照明",40,"直路","快車道","柏油","乾燥","良好","無號誌","中央分向島","快慢車道分隔線","無",31,"非駕駛人",120.657241,24.133,"臺中市","南區"
"撞護欄(樁)","2020",12,13,8,"晴","日間自然光線",30,"直路","一般車道(未劃分快慢車道)","柏油","乾燥","良好","無號誌","雙向禁止超車線","未繪設快慢車道分隔線","有",54,"不明",120.34762,23.906567,"彰化縣","竹塘鄉"
"撞護欄(樁)","2020",12,13,9,"晴","日間自然光線",80,"高架道路","快車道","柏油","乾燥","良好","無號誌","無","未繪設快慢車道分隔線","無",32,"不明",121.608019,25.059455,"臺北市","南港區"
"對向擦撞","2020",12,13,13,"陰","日間自然光線",40,"彎曲路及附近","一般車道(未劃分快慢車道)","柏油","濕潤","不良","無號誌","雙向禁止超車線","未繪設快慢車道分隔線","有",43,"未使用",121.793013,24.850744,"宜蘭縣","頭城鎮"
"對向擦撞","2020",12,13,13,"陰","日間自然光線",40,"彎曲路及附近","一般車道(未劃分快慢車道)","柏油","濕潤","不良","無號誌","雙向禁止超車線","未繪設快慢車道分隔線","有",58,"未使用",121.793013,24.850744,"宜蘭縣","頭城鎮"
"對撞","2020",12,13,14,"晴","日間自然光線",30,"彎曲路及附近","一般車道(未劃分快慢車道)","柏油","乾燥","不良","無號誌","無","未繪設快慢車道分隔線","有",68,"未使用",120.471947,22.625662,"屏東縣","萬丹鄉"
"對撞","2020",12,13,14,"晴","日間自然光線",30,"彎曲路及附近","一般車道(未劃分快慢車道)","柏油","乾燥","不良","無號誌","無","未繪設快慢車道分隔線","有",58,"未使用",120.471947,22.625662,"屏東縣","萬丹鄉"
"其他","2020",12,13,16,"陰","日間自然光線",30,"彎曲路及附近","一般車道(未劃分快慢車道)","柏油","乾燥","良好","無號誌","無","未繪設快慢車道分隔線","有",52,"未使用",121.314141,25.083576,"桃園市","蘆竹區"
"路上翻車、摔倒","2020",12,13,16,"晴","日間自然光線",50,"彎曲路及附近","一般車道(未劃分快慢車道)","柏油","乾燥","良好","無號誌","中央分向島","快慢車道分隔線","有",23,"未使用",120.421979,22.936035,"臺南市","龍崎區"
"側撞","2020",12,13,17,"晴","日間自然光線",50,"三岔路","交叉路口內","柏油","乾燥","良好","正常","無","未繪設快慢車道分隔線","無",79,"未使用",120.243531,23.293287,"臺南市","鹽水區"
"側撞","2020",12,13,17,"晴","日間自然光線",50,"三岔路","交叉路口內","柏油","乾燥","良好","正常","無","未繪設快慢車道分隔線","無",39,"未使用",120.243531,23.293287,"臺南市","鹽水區"
"路口交岔撞","2020",12,13,23,"陰","夜間(或隧道、地下道、涵洞)有照明",50,"四岔路","交叉路口內","柏油","乾燥","良好","正常","雙向禁止超車線","未繪設快慢車道分隔線","有",18,"未使用",120.469703,24.125705,"彰化縣","線西鄉"
"路口交岔撞","2020",12,13,23,"陰","夜間(或隧道、地下道、涵洞)有照明",50,"四岔路","交叉路口內","柏油","乾燥","良好","正常","雙向禁止超車線","未繪設快慢車道分隔線","有",26,"未使用",120.469703,24.125705,"彰化縣","線西鄉"
"其他","2020",12,14,3,"晴","夜間(或隧道、地下道、涵洞)有照明",70,"直路","一般車道(未劃分快慢車道)","柏油","乾燥","良好","無號誌","中央分向島","快慢車道分隔線","有",38,"不明",120.617727,24.063173,"彰化縣","彰化市"
"其他","2020",12,14,3,"晴","夜間(或隧道、地下道、涵洞)有照明",70,"直路","一般車道(未劃分快慢車道)","柏油","乾燥","良好","無號誌","中央分向島","快慢車道分隔線","有",48,"不明",120.617727,24.063173,"彰化縣","彰化市"
"其他","2020",12,14,3,"晴","夜間(或隧道、地下道、涵洞)有照明",70,"直路","一般車道(未劃分快慢車道)","柏油","乾燥","良好","無號誌","中央分向島","快慢車道分隔線","有",38,"不明",120.617727,24.063173,"彰化縣","彰化市"
"其他","2020",12,14,3,"晴","夜間(或隧道、地下道、涵洞)有照明",70,"直路","一般車道(未劃分快慢車道)","柏油","乾燥","良好","無號誌","中央分向島","快慢車道分隔線","有",84,"非駕駛人",120.617727,24.063173,"彰化縣","彰化市"
"其他","2020",12,14,3,"晴","夜間(或隧道、地下道、涵洞)有照明",70,"直路","一般車道(未劃分快慢車道)","柏油","乾燥","良好","無號誌","中央分向島","快慢車道分隔線","有",27,"未使用",120.617727,24.063173,"彰化縣","彰化市"
"側撞","2020",12,14,11,"陰","日間自然光線",50,"直路","快車道","柏油","乾燥","良好","無號誌","中央分向島","快慢車道分隔線","有",39,"不明",121.357823,25.001376,"桃園市","龜山區"
"側撞","2020",12,14,11,"陰","日間自然光線",50,"直路","快車道","柏油","乾燥","良好","無號誌","中央分向島","快慢車道分隔線","有",27,"不明",121.357823,25.001376,"桃園市","龜山區"
"其他","2020",12,14,16,"晴","晨或暮光",50,"四岔路","交叉口附近","柏油","乾燥","良好","正常","雙向禁止超車線","快慢車道分隔線","無",25,"未使用",120.66734,24.140588,"臺中市","西區"
"其他","2020",12,14,16,"晴","晨或暮光",50,"四岔路","交叉口附近","柏油","乾燥","良好","正常","雙向禁止超車線","快慢車道分隔線","無",55,"未使用",120.66734,24.140588,"臺中市","西區"
"其他","2020",12,14,16,"晴","晨或暮光",50,"四岔路","交叉口附近","柏油","乾燥","良好","正常","雙向禁止超車線","快慢車道分隔線","無",71,"未使用",120.66734,24.140588,"臺中市","西區"
"其他","2020",12,15,0,"晴","日間自然光線",40,"直路","一般車道(未劃分快慢車道)","柏油","乾燥","良好","無號誌","無","未繪設快慢車道分隔線","有",36,"不明",120.492167,24.12843,"彰化縣","和美鎮"
"其他","2020",12,15,5,"晴","夜間(或隧道、地下道、涵洞)有照明",40,"彎曲路及附近","一般車道(未劃分快慢車道)","柏油","乾燥","良好","無號誌","雙向禁止超車線","未繪設快慢車道分隔線","有",86,"未使用",120.754564,24.121036,"臺中市","太平區"
"其他","2020",12,15,5,"晴","夜間(或隧道、地下道、涵洞)有照明",40,"彎曲路及附近","一般車道(未劃分快慢車道)","柏油","乾燥","良好","無號誌","雙向禁止超車線","未繪設快慢車道分隔線","有",70,"未使用",120.754564,24.121036,"臺中市","太平區"
"對向通行中","2020",12,15,5,"晴","夜間(或隧道、地下道、涵洞)有照明",50,"四岔路","交叉路口內","柏油","乾燥","良好","正常","無","未繪設快慢車道分隔線","無",36,"未使用",120.529376,23.705522,"雲林縣","斗六市"
"對向通行中","2020",12,15,5,"晴","夜間(或隧道、地下道、涵洞)有照明",50,"四岔路","交叉路口內","柏油","乾燥","良好","正常","無","未繪設快慢車道分隔線","無",69,"非駕駛人",120.529376,23.705522,"雲林縣","斗六市"
"對撞","2020",12,15,7,"晴","日間自然光線",60,"直路","慢車道","柏油","乾燥","良好","無號誌","雙向禁止超車線","快慢車道分隔線","有",60,"未使用",120.434916,22.58275,"高雄市","大寮區"
"對撞","2020",12,15,7,"晴","日間自然光線",60,"直路","慢車道","柏油","乾燥","良好","無號誌","雙向禁止超車線","快慢車道分隔線","有",21,"未使用",120.434916,22.58275,"高雄市","大寮區"
"路口交岔撞","2020",12,15,12,"晴","日間自然光線",50,"四岔路","交叉路口內","柏油","乾燥","良好","正常","無","未繪設快慢車道分隔線","無",34,"未使用",120.143411,23.060353,"臺南市","南區"
"路口交岔撞","2020",12,15,12,"晴","日間自然光線",50,"四岔路","交叉路口內","柏油","乾燥","良好","正常","無","未繪設快慢車道分隔線","無",59,"未使用",120.143411,23.060353,"臺南市","南區"
"穿越道路中","2020",12,15,20,"晴","夜間(或隧道、地下道、涵洞)有照明",50,"四岔路","交叉口附近","柏油","乾燥","良好","正常","雙向禁止超車線","快慢車道分隔線","無",56,"未使用",120.618476,24.164232,"臺中市","西屯區"
"穿越道路中","2020",12,15,20,"晴","夜間(或隧道、地下道、涵洞)有照明",50,"四岔路","交叉口附近","柏油","乾燥","良好","正常","雙向禁止超車線","快慢車道分隔線","無",42,"非駕駛人",120.618476,24.164232,"臺中市","西屯區"
"穿越道路中","2020",12,15,20,"晴","夜間(或隧道、地下道、涵洞)有照明",50,"四岔路","交叉口附近","柏油","乾燥","良好","正常","雙向禁止超車線","快慢車道分隔線","無",43,"非駕駛人",120.618476,24.164232,"臺中市","西屯區"
"追撞","2020",12,16,6,"雨","晨或暮光",40,"直路","一般車道(未劃分快慢車道)","柏油","濕潤","不良","無號誌","行車分向線","未繪設快慢車道分隔線","無",25,"不明",121.120506,25.064408,"桃園市","觀音區"
"追撞","2020",12,16,6,"雨","晨或暮光",40,"直路","一般車道(未劃分快慢車道)","柏油","濕潤","不良","無號誌","行車分向線","未繪設快慢車道分隔線","無",23,"未使用",121.120506,25.064408,"桃園市","觀音區"
"撞護欄(樁)","2020",12,16,7,"雨","日間自然光線",15,"橋樑","機車專用道","柏油","濕潤","良好","無號誌","中央分向島","寛式快慢車道分隔島(50公分以上)","有",31,"未使用",121.498531,25.071757,"新北市","三重區"
"倒車撞","2020",12,17,7,"晴","晨或暮光",30,"三岔路","交叉路口內","柏油","乾燥","良好","無號誌","無","未繪設快慢車道分隔線","無",39,"未使用",120.297367,23.214582,"臺南市","官田區"
"倒車撞","2020",12,17,7,"晴","晨或暮光",30,"三岔路","交叉路口內","柏油","乾燥","良好","無號誌","無","未繪設快慢車道分隔線","無",30,"未使用",120.297367,23.214582,"臺南市","官田區"
"撞護欄(樁)","2020",12,17,8,"晴","日間自然光線",40,"彎曲路及附近","路肩、路緣","柏油","乾燥","良好","無號誌","雙向禁止超車線","快慢車道分隔線","有",45,"不明",120.549818,23.54185,"嘉義縣","竹崎鄉"
"同向擦撞","2020",12,17,13,"晴","日間自然光線",70,"四岔路","交叉口附近","柏油","乾燥","良好","正常","中央分向島","快慢車道分隔線","有",20,"未使用",120.181448,23.014996,"臺南市","南區"
"同向擦撞","2020",12,17,13,"晴","日間自然光線",70,"四岔路","交叉口附近","柏油","乾燥","良好","正常","中央分向島","快慢車道分隔線","有",33,"未使用",120.181448,23.014996,"臺南市","南區"
"其他","2020",12,17,14,"晴","日間自然光線",90,"直路","快車道","柏油","乾燥","良好","無號誌","中央分向島","未繪設快慢車道分隔線","有",69,"非駕駛人",120.138336,23.293153,"臺南市","北門區"
"其他","2020",12,17,14,"晴","日間自然光線",90,"直路","快車道","柏油","乾燥","良好","無號誌","中央分向島","未繪設快慢車道分隔線","有",26,"非駕駛人",120.138336,23.293153,"臺南市","北門區"
"其他","2020",12,17,14,"晴","日間自然光線",90,"直路","快車道","柏油","乾燥","良好","無號誌","中央分向島","未繪設快慢車道分隔線","有",41,"未使用",120.138336,23.293153,"臺南市","北門區"
"其他","2020",12,17,14,"晴","日間自然光線",90,"直路","快車道","柏油","乾燥","良好","無號誌","中央分向島","未繪設快慢車道分隔線","有",69,"未使用",120.138336,23.293153,"臺南市","北門區"
"側撞","2020",12,17,17,"晴","夜間(或隧道、地下道、涵洞)有照明",40,"三岔路","交叉口附近","柏油","乾燥","良好","無號誌","行車分向線","未繪設快慢車道分隔線","有",69,"未使用",120.578597,22.739057,"屏東縣","鹽埔鄉"
"側撞","2020",12,17,17,"晴","夜間(或隧道、地下道、涵洞)有照明",40,"三岔路","交叉口附近","柏油","乾燥","良好","無號誌","行車分向線","未繪設快慢車道分隔線","有",31,"未使用",120.578597,22.739057,"屏東縣","鹽埔鄉"
"同向擦撞","2020",12,18,5,"陰","夜間(或隧道、地下道、涵洞)有照明",30,"直路","一般車道(未劃分快慢車道)","柏油","乾燥","良好","無號誌","無","未繪設快慢車道分隔線","有",23,"不明",120.46397,24.122731,"彰化縣","線西鄉"
"同向擦撞","2020",12,18,5,"陰","夜間(或隧道、地下道、涵洞)有照明",30,"直路","一般車道(未劃分快慢車道)","柏油","乾燥","良好","無號誌","無","未繪設快慢車道分隔線","有",74,"未使用",120.46397,24.122731,"彰化縣","線西鄉"
"同向通行中","2020",12,18,17,"晴","夜間(或隧道、地下道、涵洞)有照明",50,"三岔路","交叉口附近","柏油","乾燥","良好","無號誌","雙向禁止超車線","未繪設快慢車道分隔線","有",31,"未使用",120.717991,24.300455,"臺中市","后里區"
"同向通行中","2020",12,18,17,"晴","夜間(或隧道、地下道、涵洞)有照明",50,"三岔路","交叉口附近","柏油","乾燥","良好","無號誌","雙向禁止超車線","未繪設快慢車道分隔線","有",71,"非駕駛人",120.717991,24.300455,"臺中市","后里區"
"側撞","2020",12,18,19,"晴","夜間(或隧道、地下道、涵洞)有照明",50,"三岔路","交叉路口內","柏油","乾燥","良好","無號誌","無","未繪設快慢車道分隔線","無",35,"未使用",120.733291,24.169388,"臺中市","北屯區"
"側撞","2020",12,18,19,"晴","夜間(或隧道、地下道、涵洞)有照明",50,"三岔路","交叉路口內","柏油","乾燥","良好","無號誌","無","未繪設快慢車道分隔線","無",19,"未使用",120.733291,24.169388,"臺中市","北屯區"
"側撞","2020",12,18,21,"晴","夜間(或隧道、地下道、涵洞)有照明",60,"四岔路","交叉路口內","柏油","乾燥","良好","正常","無","未繪設快慢車道分隔線","無",61,"未使用",120.397144,22.522358,"高雄市","林園區"
"側撞","2020",12,18,21,"晴","夜間(或隧道、地下道、涵洞)有照明",60,"四岔路","交叉路口內","柏油","乾燥","良好","正常","無","未繪設快慢車道分隔線","無",18,"未使用",120.397144,22.522358,"高雄市","林園區"
"追撞","2020",12,19,5,"陰","夜間(或隧道、地下道、涵洞)有照明",50,"直路","一般車道(未劃分快慢車道)","柏油","乾燥","良好","無號誌","雙向禁止超車線","未繪設快慢車道分隔線","有",58,"不明",121.018953,24.761171,"新竹市","東區"
"追撞","2020",12,19,5,"陰","夜間(或隧道、地下道、涵洞)有照明",50,"直路","一般車道(未劃分快慢車道)","柏油","乾燥","良好","無號誌","雙向禁止超車線","未繪設快慢車道分隔線","有",44,"不明",121.018953,24.761171,"新竹市","東區"
"路口交岔撞","2020",12,19,16,"晴","日間自然光線",30,"多岔路","交叉路口內","柏油","乾燥","良好","無號誌","無","未繪設快慢車道分隔線","無",55,"非駕駛人",120.334548,23.775032,"雲林縣","崙背鄉"
"路口交岔撞","2020",12,19,16,"晴","日間自然光線",30,"多岔路","交叉路口內","柏油","乾燥","良好","無號誌","無","未繪設快慢車道分隔線","無",61,"未使用",120.334548,23.775032,"雲林縣","崙背鄉"
"路口交岔撞","2020",12,19,16,"晴","日間自然光線",30,"多岔路","交叉路口內","柏油","乾燥","良好","無號誌","無","未繪設快慢車道分隔線","無",35,"未使用",120.334548,23.775032,"雲林縣","崙背鄉"
"衝出路外","2020",12,20,12,"晴","日間自然光線",60,"彎曲路及附近","路肩、路緣","柏油","乾燥","良好","正常","雙向禁止超車線","快慢車道分隔線","有",60,"未使用",120.945122,24.618257,"苗栗縣","三灣鄉"
"側撞","2020",12,20,18,"晴","夜間(或隧道、地下道、涵洞)有照明",40,"三岔路","交叉路口內","柏油","乾燥","良好","正常","無","未繪設快慢車道分隔線","無",23,"未使用",120.323524,22.602954,"高雄市","前鎮區"
"側撞","2020",12,20,18,"晴","夜間(或隧道、地下道、涵洞)有照明",40,"三岔路","交叉路口內","柏油","乾燥","良好","正常","無","未繪設快慢車道分隔線","無",33,"未使用",120.323524,22.602954,"高雄市","前鎮區"
"側撞","2020",12,20,18,"晴","夜間(或隧道、地下道、涵洞)有照明",40,"三岔路","交叉路口內","柏油","乾燥","良好","正常","無","未繪設快慢車道分隔線","無",21,"未使用",120.323524,22.602954,"高雄市","前鎮區"
"其他","2020",12,20,22,"雨","夜間(或隧道、地下道、涵洞)有照明",70,"四岔路","交叉路口內","柏油","濕潤","良好","正常","無","未繪設快慢車道分隔線","無",28,"不明",121.765121,24.730307,"宜蘭縣","宜蘭市"
"其他","2020",12,20,22,"雨","夜間(或隧道、地下道、涵洞)有照明",70,"四岔路","交叉路口內","柏油","濕潤","良好","正常","無","未繪設快慢車道分隔線","無",18,"未使用",121.765121,24.730307,"宜蘭縣","宜蘭市"
"撞護欄(樁)","2020",12,21,2,"雨","夜間(或隧道、地下道、涵洞)有照明",50,"直路","快車道","柏油","濕潤","良好","無號誌","雙向禁止超車線","未繪設快慢車道分隔線","無",55,"未使用",121.495846,25.035642,"臺北市","萬華區"
"同向擦撞","2020",12,21,5,"雨","夜間(或隧道、地下道、涵洞)有照明",100,"直路","快車道","柏油","濕潤","良好","無號誌","中央分向島","未繪設快慢車道分隔線","有",58,"未使用",121.266901,25.026483,"桃園市","蘆竹區"
"同向擦撞","2020",12,21,5,"雨","夜間(或隧道、地下道、涵洞)有照明",100,"直路","快車道","柏油","濕潤","良好","無號誌","中央分向島","未繪設快慢車道分隔線","有",43,"未使用",121.266901,25.026483,"桃園市","蘆竹區"
"同向擦撞","2020",12,21,5,"雨","夜間(或隧道、地下道、涵洞)有照明",100,"直路","快車道","柏油","濕潤","良好","無號誌","中央分向島","未繪設快慢車道分隔線","有",26,"未使用",121.266901,25.026483,"桃園市","蘆竹區"
"同向擦撞","2020",12,21,5,"雨","夜間(或隧道、地下道、涵洞)有照明",100,"直路","快車道","柏油","濕潤","良好","無號誌","中央分向島","未繪設快慢車道分隔線","有",43,"非駕駛人",121.266901,25.026483,"桃園市","蘆竹區"
"同向擦撞","2020",12,21,5,"雨","夜間(或隧道、地下道、涵洞)有照明",100,"直路","快車道","柏油","濕潤","良好","無號誌","中央分向島","未繪設快慢車道分隔線","有",71,"未使用",121.266901,25.026483,"桃園市","蘆竹區"
"同向擦撞","2020",12,21,5,"雨","夜間(或隧道、地下道、涵洞)有照明",100,"直路","快車道","柏油","濕潤","良好","無號誌","中央分向島","未繪設快慢車道分隔線","有",53,"未使用",121.266901,25.026483,"桃園市","蘆竹區"
"路口交岔撞","2020",12,21,10,"陰","日間自然光線",60,"多岔路","交叉路口內","柏油","乾燥","良好","正常","中央分向島","未繪設快慢車道分隔線","有",81,"未使用",121.07775,24.769757,"新竹縣","芎林鄉"
"路口交岔撞","2020",12,21,10,"陰","日間自然光線",60,"多岔路","交叉路口內","柏油","乾燥","良好","正常","中央分向島","未繪設快慢車道分隔線","有",55,"未使用",121.07775,24.769757,"新竹縣","芎林鄉"
"側撞","2020",12,21,16,"陰","日間自然光線",40,"直路","快車道","柏油","乾燥","良好","無號誌","中央分向島","快慢車道分隔線","有",41,"未使用",121.359117,25.050542,"桃園市","龜山區"
"側撞","2020",12,21,16,"陰","日間自然光線",40,"直路","快車道","柏油","乾燥","良好","無號誌","中央分向島","快慢車道分隔線","有",72,"未使用",121.359117,25.050542,"桃園市","龜山區"
"追撞","2020",12,21,17,"陰","夜間(或隧道、地下道、涵洞)有照明",60,"直路","一般車道(未劃分快慢車道)","柏油","濕潤","良好","無號誌","中央分向島","未繪設快慢車道分隔線","有",54,"不明",120.718943,24.161183,"臺中市","北屯區"
"追撞","2020",12,21,17,"陰","夜間(或隧道、地下道、涵洞)有照明",60,"直路","一般車道(未劃分快慢車道)","柏油","濕潤","良好","無號誌","中央分向島","未繪設快慢車道分隔線","有",56,"未使用",120.718943,24.161183,"臺中市","北屯區"
"其他","2020",12,21,18,"陰","夜間(或隧道、地下道、涵洞)有照明",50,"直路","一般車道(未劃分快慢車道)","柏油","乾燥","良好","正常","行車分向線","未繪設快慢車道分隔線","有",50,"不明",120.684687,24.490397,"苗栗縣","通霄鎮"
"其他","2020",12,21,18,"陰","夜間(或隧道、地下道、涵洞)有照明",50,"直路","一般車道(未劃分快慢車道)","柏油","乾燥","良好","正常","行車分向線","未繪設快慢車道分隔線","有",66,"未使用",120.684687,24.490397,"苗栗縣","通霄鎮"
"追撞","2020",12,21,18,"雨","夜間(或隧道、地下道、涵洞)有照明",60,"直路","慢車道","柏油","濕潤","良好","無號誌","中央分向島","快慢車道分隔線","無",27,"不明",120.272463,23.119819,"臺南市","善化區"
"追撞","2020",12,21,18,"雨","夜間(或隧道、地下道、涵洞)有照明",60,"直路","慢車道","柏油","濕潤","良好","無號誌","中央分向島","快慢車道分隔線","無",35,"不明",120.272463,23.119819,"臺南市","善化區"
"路口交岔撞","2020",12,22,8,"晴","日間自然光線",50,"四岔路","交叉路口內","柏油","乾燥","良好","正常","無","未繪設快慢車道分隔線","無",46,"未使用",120.276491,23.303959,"臺南市","鹽水區"
"路口交岔撞","2020",12,22,8,"晴","日間自然光線",50,"四岔路","交叉路口內","柏油","乾燥","良好","正常","無","未繪設快慢車道分隔線","無",37,"未使用",120.276491,23.303959,"臺南市","鹽水區"
"追撞","2020",12,22,8,"晴","日間自然光線",40,"直路","慢車道","柏油","乾燥","良好","無號誌","無","寛式快慢車道分隔島(50公分以上)","有",50,"未使用",120.321782,22.691648,"高雄市","仁武區"
"追撞","2020",12,22,8,"晴","日間自然光線",40,"直路","慢車道","柏油","乾燥","良好","無號誌","無","寛式快慢車道分隔島(50公分以上)","有",52,"未使用",120.321782,22.691648,"高雄市","仁武區"
"追撞","2020",12,22,8,"晴","日間自然光線",40,"直路","慢車道","柏油","乾燥","良好","無號誌","無","寛式快慢車道分隔島(50公分以上)","有",34,"未使用",120.321782,22.691648,"高雄市","仁武區"
"追撞","2020",12,22,8,"晴","日間自然光線",40,"直路","慢車道","柏油","乾燥","良好","無號誌","無","寛式快慢車道分隔島(50公分以上)","有",27,"未使用",120.321782,22.691648,"高雄市","仁武區"
"追撞","2020",12,22,8,"晴","日間自然光線",40,"直路","慢車道","柏油","乾燥","良好","無號誌","無","寛式快慢車道分隔島(50公分以上)","有",54,"未使用",120.321782,22.691648,"高雄市","仁武區"
"同向擦撞","2020",12,22,15,"晴","日間自然光線",50,"四岔路","交叉路口內","柏油","乾燥","良好","正常","無","未繪設快慢車道分隔線","有",34,"未使用",120.337759,22.608327,"高雄市","前鎮區"
"同向擦撞","2020",12,22,15,"晴","日間自然光線",50,"四岔路","交叉路口內","柏油","乾燥","良好","正常","無","未繪設快慢車道分隔線","有",68,"未使用",120.337759,22.608327,"高雄市","前鎮區"