"事故類型及型態子類別名稱","發生年度","發生月份","發生日期","發生時間","天候名稱","光線名稱","速限.第1當事者","道路型態子類別名稱","事故位置子類別名稱","路面狀況.路面鋪裝名稱","路面狀況.路面狀態名稱","道路障礙.視距品質名稱","號誌.號誌動作名稱","車道劃分設施.分向設施大類別名稱","車道劃分設施.分道設施.快慢車道間名稱","車道劃分設施.分道設施.路面邊線名稱","當事者事故發生時年齡","行動電話或電腦或其他相類功能裝置名稱","經度","緯度","縣市","鄉鎮"
"撞動物","2020",12,22,18,"晴","日間自然光線",40,"直路","路肩、路緣","柏油","乾燥","良好","無號誌","雙向禁止超車線","快慢車道分隔線","有",109,"",120.415626,22.493942,"高雄市","林園區"
"撞動物","2020",12,22,18,"晴","日間自然光線",40,"直路","路肩、路緣","柏油","乾燥","良好","無號誌","雙向禁止超車線","快慢車道分隔線","有",12,"非駕駛人",120.415626,22.493942,"高雄市","林園區"
"撞動物","2020",12,22,18,"晴","日間自然光線",40,"直路","路肩、路緣","柏油","乾燥","良好","無號誌","雙向禁止超車線","快慢車道分隔線","有",70,"未使用",120.415626,22.493942,"高雄市","林園區"
"同向擦撞","2020",12,22,19,"雨","夜間(或隧道、地下道、涵洞)有照明",50,"直路","一般車道(未劃分快慢車道)","柏油","濕潤","良好","無號誌","行車分向線","未繪設快慢車道分隔線","無",44,"非駕駛人",121.620675,25.054797,"臺北市","南港區"
"同向擦撞","2020",12,22,19,"雨","夜間(或隧道、地下道、涵洞)有照明",50,"直路","一般車道(未劃分快慢車道)","柏油","濕潤","良好","無號誌","行車分向線","未繪設快慢車道分隔線","無",45,"未使用",121.620675,25.054797,"臺北市","南港區"
"同向擦撞","2020",12,22,19,"雨","夜間(或隧道、地下道、涵洞)有照明",50,"直路","一般車道(未劃分快慢車道)","柏油","濕潤","良好","無號誌","行車分向線","未繪設快慢車道分隔線","無",52,"未使用",121.620675,25.054797,"臺北市","南港區"
"衝出路外","2020",12,23,1,"雨","夜間(或隧道、地下道、涵洞)有照明",50,"直路","路肩、路緣","柏油","濕潤","良好","無號誌","行車分向線","快慢車道分隔線","有",39,"不明",120.338078,23.767033,"雲林縣","崙背鄉"
"撞路樹、電桿","2020",12,23,3,"晴","夜間(或隧道、地下道、涵洞)有照明",50,"其他","其他","無鋪裝","乾燥","良好","無號誌","無","未繪設快慢車道分隔線","無",109,"",120.187154,22.913735,"高雄市","茄萣區"
"撞路樹、電桿","2020",12,23,3,"晴","夜間(或隧道、地下道、涵洞)有照明",50,"其他","其他","無鋪裝","乾燥","良好","無號誌","無","未繪設快慢車道分隔線","無",24,"未使用",120.187154,22.913735,"高雄市","茄萣區"
"其他","2020",12,23,14,"晴","日間自然光線",40,"直路","慢車道","柏油","乾燥","良好","無號誌","中央分向島","快慢車道分隔線","有",51,"不明",120.552959,22.625649,"屏東縣","內埔鄉"
"其他","2020",12,23,14,"晴","日間自然光線",40,"直路","慢車道","柏油","乾燥","良好","無號誌","中央分向島","快慢車道分隔線","有",47,"不明",120.552959,22.625649,"屏東縣","內埔鄉"
"其他","2020",12,23,14,"晴","日間自然光線",40,"直路","慢車道","柏油","乾燥","良好","無號誌","中央分向島","快慢車道分隔線","有",26,"不明",120.552959,22.625649,"屏東縣","內埔鄉"
"撞交通島","2020",12,23,17,"雨","夜間(或隧道、地下道、涵洞)有照明",50,"直路","一般車道(未劃分快慢車道)","柏油","濕潤","良好","正常","中央分向島","未繪設快慢車道分隔線","有",51,"未使用",121.453971,25.033547,"新北市","新莊區"
"側撞","2020",12,23,18,"雨","夜間(或隧道、地下道、涵洞)有照明",50,"四岔路","交叉路口內","柏油","濕潤","良好","正常","雙向禁止超車線","未繪設快慢車道分隔線","有",57,"未使用",120.481537,24.085894,"彰化縣","鹿港鎮"
"側撞","2020",12,23,18,"雨","夜間(或隧道、地下道、涵洞)有照明",50,"四岔路","交叉路口內","柏油","濕潤","良好","正常","雙向禁止超車線","未繪設快慢車道分隔線","有",30,"未使用",120.481537,24.085894,"彰化縣","鹿港鎮"
"路口交岔撞","2020",12,23,20,"晴","夜間(或隧道、地下道、涵洞)有照明",50,"四岔路","交叉路口內","柏油","乾燥","良好","正常","雙向禁止超車線","快慢車道分隔線","有",64,"未使用",120.509942,22.670998,"屏東縣","屏東市"
"路口交岔撞","2020",12,23,20,"晴","夜間(或隧道、地下道、涵洞)有照明",50,"四岔路","交叉路口內","柏油","乾燥","良好","正常","雙向禁止超車線","快慢車道分隔線","有",20,"未使用",120.509942,22.670998,"屏東縣","屏東市"
"衝出路外","2020",12,23,22,"雨","夜間(或隧道、地下道、涵洞)有照明",100,"直路","快車道","柏油","濕潤","不良","無號誌","中央分向島","未繪設快慢車道分隔線","有",28,"不明",121.126578,24.893827,"桃園市","楊梅區"
"衝出路外","2020",12,23,22,"雨","夜間(或隧道、地下道、涵洞)有照明",100,"直路","快車道","柏油","濕潤","不良","無號誌","中央分向島","未繪設快慢車道分隔線","有",32,"不明",121.126578,24.893827,"桃園市","楊梅區"
"撞交通島","2020",12,24,3,"雨","夜間(或隧道、地下道、涵洞)有照明",70,"高架道路","直線匝道","柏油","濕潤","良好","無號誌","行車分向線","未繪設快慢車道分隔線","無",37,"未使用",121.537112,25.061203,"臺北市","中山區"
"側撞","2020",12,24,7,"晴","日間自然光線",50,"直路","一般車道(未劃分快慢車道)","柏油","乾燥","良好","無號誌","行車分向線","未繪設快慢車道分隔線","有",31,"未使用",120.540761,22.768506,"屏東縣","鹽埔鄉"
"側撞","2020",12,24,7,"晴","日間自然光線",50,"直路","一般車道(未劃分快慢車道)","柏油","乾燥","良好","無號誌","行車分向線","未繪設快慢車道分隔線","有",71,"未使用",120.540761,22.768506,"屏東縣","鹽埔鄉"
"側撞","2020",12,24,8,"陰","日間自然光線",30,"四岔路","交叉路口內","柏油","乾燥","良好","無號誌","無","未繪設快慢車道分隔線","無",77,"非駕駛人",120.108201,23.218183,"臺南市","將軍區"
"側撞","2020",12,24,8,"陰","日間自然光線",30,"四岔路","交叉路口內","柏油","乾燥","良好","無號誌","無","未繪設快慢車道分隔線","無",64,"未使用",120.108201,23.218183,"臺南市","將軍區"
"側撞","2020",12,24,9,"晴","日間自然光線",70,"四岔路","交叉路口內","柏油","乾燥","良好","正常","中央分向島","快慢車道分隔線","有",44,"不明",120.653813,22.256963,"屏東縣","枋山鄉"
"側撞","2020",12,24,9,"晴","日間自然光線",70,"四岔路","交叉路口內","柏油","乾燥","良好","正常","中央分向島","快慢車道分隔線","有",23,"不明",120.653813,22.256963,"屏東縣","枋山鄉"
"側撞","2020",12,24,9,"晴","日間自然光線",70,"四岔路","交叉路口內","柏油","乾燥","良好","正常","中央分向島","快慢車道分隔線","有",17,"非駕駛人",120.653813,22.256963,"屏東縣","枋山鄉"
"其他","2020",12,24,13,"晴","日間自然光線",50,"彎曲路及附近","路肩、路緣","柏油","乾燥","良好","無號誌","雙向禁止超車線","未繪設快慢車道分隔線","有",25,"未使用",120.500906,22.697965,"屏東縣","屏東市"
"撞路樹、電桿","2020",12,24,18,"晴","夜間(或隧道、地下道、涵洞)有照明",50,"直路","路肩、路緣","柏油","乾燥","良好","無號誌","雙向禁止超車線","快慢車道分隔線","有",34,"不明",120.596426,23.750826,"雲林縣","林內鄉"
"穿越道路中","2020",12,25,6,"雨","晨或暮光",50,"四岔路","行人穿越道","柏油","濕潤","良好","正常","無","未繪設快慢車道分隔線","無",29,"未使用",121.206542,24.95134,"桃園市","平鎮區"
"穿越道路中","2020",12,25,6,"雨","晨或暮光",50,"四岔路","行人穿越道","柏油","濕潤","良好","正常","無","未繪設快慢車道分隔線","無",80,"非駕駛人",121.206542,24.95134,"桃園市","平鎮區"
"穿越道路中","2020",12,25,6,"陰","日間自然光線",50,"直路","一般車道(未劃分快慢車道)","柏油","濕潤","良好","無號誌","雙向禁止超車線","未繪設快慢車道分隔線","有",38,"未使用",121.253763,24.950934,"桃園市","中壢區"
"穿越道路中","2020",12,25,6,"陰","日間自然光線",50,"直路","一般車道(未劃分快慢車道)","柏油","濕潤","良好","無號誌","雙向禁止超車線","未繪設快慢車道分隔線","有",73,"非駕駛人",121.253763,24.950934,"桃園市","中壢區"
"側撞","2020",12,25,11,"晴","日間自然光線",50,"四岔路","交叉路口內","柏油","乾燥","良好","無號誌","無","未繪設快慢車道分隔線","無",82,"未使用",121.145238,22.765761,"臺東縣","臺東市"
"側撞","2020",12,25,11,"晴","日間自然光線",50,"四岔路","交叉路口內","柏油","乾燥","良好","無號誌","無","未繪設快慢車道分隔線","無",66,"未使用",121.145238,22.765761,"臺東縣","臺東市"
"側撞","2020",12,25,13,"晴","日間自然光線",50,"三岔路","交叉路口內","柏油","乾燥","良好","正常","雙向禁止超車線","快慢車道分隔線","有",49,"未使用",120.244766,22.929165,"臺南市","仁德區"
"側撞","2020",12,25,13,"晴","日間自然光線",50,"三岔路","交叉路口內","柏油","乾燥","良好","正常","雙向禁止超車線","快慢車道分隔線","有",38,"未使用",120.244766,22.929165,"臺南市","仁德區"
"追撞","2020",12,25,15,"晴","日間自然光線",50,"直路","一般車道(未劃分快慢車道)","柏油","乾燥","良好","無號誌","雙向禁止超車線","未繪設快慢車道分隔線","有",50,"不明",120.516485,23.428922,"嘉義縣","中埔鄉"
"追撞","2020",12,25,15,"晴","日間自然光線",50,"直路","一般車道(未劃分快慢車道)","柏油","乾燥","良好","無號誌","雙向禁止超車線","未繪設快慢車道分隔線","有",66,"不明",120.516485,23.428922,"嘉義縣","中埔鄉"
"側撞","2020",12,25,18,"晴","夜間(或隧道、地下道、涵洞)有照明",50,"三岔路","交叉路口內","柏油","乾燥","良好","無號誌","雙向禁止超車線","未繪設快慢車道分隔線","無",41,"未使用",120.609411,24.11248,"臺中市","烏日區"
"側撞","2020",12,25,18,"晴","夜間(或隧道、地下道、涵洞)有照明",50,"三岔路","交叉路口內","柏油","乾燥","良好","無號誌","雙向禁止超車線","未繪設快慢車道分隔線","無",26,"未使用",120.609411,24.11248,"臺中市","烏日區"
"同向通行中","2020",12,25,19,"陰","夜間(或隧道、地下道、涵洞)有照明",50,"直路","機車優先道","柏油","乾燥","良好","無號誌","雙向禁止超車線","快慢車道分隔線","有",33,"未使用",120.437059,23.467542,"嘉義市","西區"
"同向通行中","2020",12,25,19,"陰","夜間(或隧道、地下道、涵洞)有照明",50,"直路","機車優先道","柏油","乾燥","良好","無號誌","雙向禁止超車線","快慢車道分隔線","有",73,"非駕駛人",120.437059,23.467542,"嘉義市","西區"
"同向擦撞","2020",12,25,20,"晴","夜間(或隧道、地下道、涵洞)有照明",50,"直路","一般車道(未劃分快慢車道)","柏油","乾燥","良好","無號誌","中央分向島","未繪設快慢車道分隔線","無",20,"未使用",120.3256,22.60018,"高雄市","前鎮區"
"同向擦撞","2020",12,25,20,"晴","夜間(或隧道、地下道、涵洞)有照明",50,"直路","一般車道(未劃分快慢車道)","柏油","乾燥","良好","無號誌","中央分向島","未繪設快慢車道分隔線","無",63,"未使用",120.3256,22.60018,"高雄市","前鎮區"
"其他","2020",12,25,21,"晴","日間自然光線",50,"直路","快車道","柏油","乾燥","良好","無號誌","雙向禁止超車線","快慢車道分隔線","有",85,"未使用",120.456742,23.469592,"嘉義市","東區"
"其他","2020",12,25,21,"晴","日間自然光線",50,"直路","快車道","柏油","乾燥","良好","無號誌","雙向禁止超車線","快慢車道分隔線","有",38,"不明",120.456742,23.469592,"嘉義市","東區"
"其他","2020",12,25,21,"晴","日間自然光線",50,"直路","快車道","柏油","乾燥","良好","無號誌","雙向禁止超車線","快慢車道分隔線","有",28,"未使用",120.456742,23.469592,"嘉義市","東區"
"其他","2020",12,25,21,"晴","日間自然光線",50,"直路","快車道","柏油","乾燥","良好","無號誌","雙向禁止超車線","快慢車道分隔線","有",30,"非駕駛人",120.456742,23.469592,"嘉義市","東區"
"其他","2020",12,25,21,"晴","日間自然光線",50,"直路","快車道","柏油","乾燥","良好","無號誌","雙向禁止超車線","快慢車道分隔線","有",72,"非駕駛人",120.456742,23.469592,"嘉義市","東區"
"路口交岔撞","2020",12,26,1,"晴","夜間(或隧道、地下道、涵洞)有照明",50,"多岔路","交叉路口內","柏油","乾燥","良好","正常","中央分向島","快慢車道分隔線","有",38,"不明",120.535523,23.730069,"雲林縣","斗六市"
"路口交岔撞","2020",12,26,1,"晴","夜間(或隧道、地下道、涵洞)有照明",50,"多岔路","交叉路口內","柏油","乾燥","良好","正常","中央分向島","快慢車道分隔線","有",42,"未使用",120.535523,23.730069,"雲林縣","斗六市"
"撞交通島","2020",12,26,3,"晴","夜間(或隧道、地下道、涵洞)有照明",60,"其他","快車道","柏油","乾燥","良好","無號誌","中央分向島","未繪設快慢車道分隔線","有",35,"未使用",120.288778,22.967298,"臺南市","歸仁區"
"同向擦撞","2020",12,26,21,"晴","夜間(或隧道、地下道、涵洞)有照明",50,"彎曲路及附近","機車優先道","柏油","乾燥","良好","無號誌","雙向禁止超車線","快慢車道分隔線","有",55,"未使用",121.231191,24.916895,"桃園市","平鎮區"
"同向擦撞","2020",12,26,21,"晴","夜間(或隧道、地下道、涵洞)有照明",50,"彎曲路及附近","機車優先道","柏油","乾燥","良好","無號誌","雙向禁止超車線","快慢車道分隔線","有",67,"未使用",121.231191,24.916895,"桃園市","平鎮區"
"其他","2020",12,26,22,"晴","夜間(或隧道、地下道、涵洞)有照明",50,"四岔路","交叉路口內","柏油","乾燥","良好","正常","無","未繪設快慢車道分隔線","無",21,"不明",120.172657,23.000031,"臺南市","安平區"
"其他","2020",12,26,22,"晴","夜間(或隧道、地下道、涵洞)有照明",50,"四岔路","交叉路口內","柏油","乾燥","良好","正常","無","未繪設快慢車道分隔線","無",17,"不明",120.172657,23.000031,"臺南市","安平區"
"其他","2020",12,26,22,"晴","夜間(或隧道、地下道、涵洞)有照明",50,"四岔路","交叉路口內","柏油","乾燥","良好","正常","無","未繪設快慢車道分隔線","無",17,"不明",120.172657,23.000031,"臺南市","安平區"
"其他","2020",12,26,22,"晴","夜間(或隧道、地下道、涵洞)有照明",50,"四岔路","交叉路口內","柏油","乾燥","良好","正常","無","未繪設快慢車道分隔線","無",17,"不明",120.172657,23.000031,"臺南市","安平區"
"其他","2020",12,27,3,"晴","夜間(或隧道、地下道、涵洞)無照明",90,"直路","快車道","柏油","乾燥","良好","無號誌","中央分向島","未繪設快慢車道分隔線","有",49,"不明",120.593456,24.115536,"臺中市","烏日區"
"其他","2020",12,27,3,"晴","夜間(或隧道、地下道、涵洞)無照明",90,"直路","快車道","柏油","乾燥","良好","無號誌","中央分向島","未繪設快慢車道分隔線","有",45,"未使用",120.593456,24.115536,"臺中市","烏日區"
"其他","2020",12,27,3,"晴","夜間(或隧道、地下道、涵洞)無照明",90,"直路","快車道","柏油","乾燥","良好","無號誌","中央分向島","未繪設快慢車道分隔線","有",64,"未使用",120.593456,24.115536,"臺中市","烏日區"
"其他","2020",12,27,3,"晴","夜間(或隧道、地下道、涵洞)無照明",90,"直路","快車道","柏油","乾燥","良好","無號誌","中央分向島","未繪設快慢車道分隔線","有",28,"未使用",120.593456,24.115536,"臺中市","烏日區"
"其他","2020",12,27,10,"晴","日間自然光線",50,"多岔路","交叉路口內","柏油","乾燥","不良","正常","中央分向島","未繪設快慢車道分隔線","無",75,"不明",120.195003,22.981434,"臺南市","南區"
"其他","2020",12,27,10,"晴","日間自然光線",50,"多岔路","交叉路口內","柏油","乾燥","不良","正常","中央分向島","未繪設快慢車道分隔線","無",26,"不明",120.195003,22.981434,"臺南市","南區"
"側撞","2020",12,27,17,"晴","日間自然光線",50,"四岔路","交叉路口內","柏油","乾燥","良好","正常","無","未繪設快慢車道分隔線","無",56,"未使用",120.687713,24.094461,"臺中市","大里區"
"側撞","2020",12,27,17,"晴","日間自然光線",50,"四岔路","交叉路口內","柏油","乾燥","良好","正常","無","未繪設快慢車道分隔線","無",19,"未使用",120.687713,24.094461,"臺中市","大里區"
"側撞","2020",12,27,17,"晴","日間自然光線",50,"四岔路","交叉路口內","柏油","乾燥","良好","正常","無","未繪設快慢車道分隔線","無",19,"未使用",120.687713,24.094461,"臺中市","大里區"
"穿越道路中","2020",12,27,17,"晴","日間自然光線",50,"四岔路","交叉口附近","柏油","乾燥","良好","正常","中央分向島","快慢車道分隔線","無",51,"未使用",120.315087,22.685877,"高雄市","左營區"
"穿越道路中","2020",12,27,17,"晴","日間自然光線",50,"四岔路","交叉口附近","柏油","乾燥","良好","正常","中央分向島","快慢車道分隔線","無",90,"未使用",120.315087,22.685877,"高雄市","左營區"
"撞路樹、電桿","2020",12,28,1,"陰","夜間(或隧道、地下道、涵洞)有照明",50,"直路","路肩、路緣","柏油","濕潤","良好","無號誌","雙向禁止超車線","未繪設快慢車道分隔線","有",35,"未使用",120.62624,24.37379,"臺中市","大甲區"
"追撞","2020",12,28,7,"晴","晨或暮光",50,"彎曲路及附近","一般車道(未劃分快慢車道)","柏油","濕潤","良好","無號誌","雙向禁止超車線","未繪設快慢車道分隔線","有",38,"未使用",119.610698,23.549462,"澎湖縣","馬公市"
"追撞","2020",12,28,7,"晴","晨或暮光",50,"彎曲路及附近","一般車道(未劃分快慢車道)","柏油","濕潤","良好","無號誌","雙向禁止超車線","未繪設快慢車道分隔線","有",58,"未使用",119.610698,23.549462,"澎湖縣","馬公市"
"路口交岔撞","2020",12,28,12,"晴","日間自然光線",70,"四岔路","交叉路口內","無鋪裝","乾燥","良好","正常","無","未繪設快慢車道分隔線","無",66,"未使用",120.354148,23.344079,"臺南市","後壁區"
"路口交岔撞","2020",12,28,12,"晴","日間自然光線",70,"四岔路","交叉路口內","無鋪裝","乾燥","良好","正常","無","未繪設快慢車道分隔線","無",46,"未使用",120.354148,23.344079,"臺南市","後壁區"
"側撞","2020",12,28,13,"陰","日間自然光線",50,"三岔路","交叉路口內","柏油","乾燥","良好","正常","無","未繪設快慢車道分隔線","無",24,"未使用",121.597888,23.97718,"花蓮縣","花蓮市"
"側撞","2020",12,28,13,"陰","日間自然光線",50,"三岔路","交叉路口內","柏油","乾燥","良好","正常","無","未繪設快慢車道分隔線","無",65,"未使用",121.597888,23.97718,"花蓮縣","花蓮市"
"對撞","2020",12,28,18,"陰","夜間(或隧道、地下道、涵洞)有照明",50,"直路","一般車道(未劃分快慢車道)","柏油","濕潤","良好","無號誌","行車分向線","未繪設快慢車道分隔線","有",54,"未使用",120.980385,24.854584,"新竹縣","竹北市"
"對撞","2020",12,28,18,"陰","夜間(或隧道、地下道、涵洞)有照明",50,"直路","一般車道(未劃分快慢車道)","柏油","濕潤","良好","無號誌","行車分向線","未繪設快慢車道分隔線","有",47,"未使用",120.980385,24.854584,"新竹縣","竹北市"
"路口交岔撞","2020",12,29,1,"晴","夜間(或隧道、地下道、涵洞)有照明",30,"四岔路","交叉路口內","柏油","乾燥","良好","正常","無","未繪設快慢車道分隔線","無",25,"不明",120.975062,24.796379,"新竹市","東區"
"路口交岔撞","2020",12,29,1,"晴","夜間(或隧道、地下道、涵洞)有照明",30,"四岔路","交叉路口內","柏油","乾燥","良好","正常","無","未繪設快慢車道分隔線","無",44,"不明",120.975062,24.796379,"新竹市","東區"
"追撞","2020",12,29,8,"晴","日間自然光線",50,"直路","一般車道(未劃分快慢車道)","柏油","乾燥","良好","無號誌","行車分向線","未繪設快慢車道分隔線","無",56,"未使用",120.916932,24.74437,"新竹市","香山區"
"追撞","2020",12,29,8,"晴","日間自然光線",50,"直路","一般車道(未劃分快慢車道)","柏油","乾燥","良好","無號誌","行車分向線","未繪設快慢車道分隔線","無",37,"未使用",120.916932,24.74437,"新竹市","香山區"
"其他","2020",12,29,8,"晴","日間自然光線",50,"直路","一般車道(未劃分快慢車道)","柏油","乾燥","良好","無號誌","雙向禁止超車線","快慢車道分隔線","有",22,"不明",121.438374,25.015856,"新北市","新莊區"
"其他","2020",12,29,8,"晴","日間自然光線",50,"直路","一般車道(未劃分快慢車道)","柏油","乾燥","良好","無號誌","雙向禁止超車線","快慢車道分隔線","有",25,"非駕駛人",121.438374,25.015856,"新北市","新莊區"
"其他","2020",12,29,8,"晴","日間自然光線",50,"直路","一般車道(未劃分快慢車道)","柏油","乾燥","良好","無號誌","雙向禁止超車線","快慢車道分隔線","有",25,"未使用",121.438374,25.015856,"新北市","新莊區"
"其他","2020",12,29,8,"晴","日間自然光線",50,"直路","一般車道(未劃分快慢車道)","柏油","乾燥","良好","無號誌","雙向禁止超車線","快慢車道分隔線","有",30,"未使用",121.438374,25.015856,"新北市","新莊區"
"其他","2020",12,29,8,"晴","日間自然光線",50,"直路","一般車道(未劃分快慢車道)","柏油","乾燥","良好","無號誌","雙向禁止超車線","快慢車道分隔線","有",45,"未使用",121.438374,25.015856,"新北市","新莊區"
"其他","2020",12,29,8,"晴","日間自然光線",50,"直路","一般車道(未劃分快慢車道)","柏油","乾燥","良好","無號誌","雙向禁止超車線","快慢車道分隔線","有",50,"未使用",121.438374,25.015856,"新北市","新莊區"
"撞路樹、電桿","2020",12,29,11,"晴","日間自然光線",40,"直路","慢車道","柏油","乾燥","良好","無號誌","雙向禁止超車線","快慢車道分隔線","有",109,"",120.346107,22.880565,"高雄市","阿蓮區"
"撞路樹、電桿","2020",12,29,11,"晴","日間自然光線",40,"直路","慢車道","柏油","乾燥","良好","無號誌","雙向禁止超車線","快慢車道分隔線","有",64,"未使用",120.346107,22.880565,"高雄市","阿蓮區"
"側撞","2020",12,29,11,"晴","日間自然光線",50,"三岔路","交叉路口內","柏油","乾燥","良好","正常","雙向禁止超車線","快慢車道分隔線","有",80,"未使用",120.506238,22.66279,"屏東縣","屏東市"
"側撞","2020",12,29,11,"晴","日間自然光線",50,"三岔路","交叉路口內","柏油","乾燥","良好","正常","雙向禁止超車線","快慢車道分隔線","有",60,"未使用",120.506238,22.66279,"屏東縣","屏東市"
"側撞","2020",12,29,17,"晴","日間自然光線",50,"其他","一般車道(未劃分快慢車道)","柏油","乾燥","良好","正常","無","未繪設快慢車道分隔線","有",5,"非駕駛人",120.246524,22.80825,"高雄市","永安區"
"側撞","2020",12,29,17,"晴","日間自然光線",50,"其他","一般車道(未劃分快慢車道)","柏油","乾燥","良好","正常","無","未繪設快慢車道分隔線","有",19,"非駕駛人",120.246524,22.80825,"高雄市","永安區"
"側撞","2020",12,29,17,"晴","日間自然光線",50,"其他","一般車道(未劃分快慢車道)","柏油","乾燥","良好","正常","無","未繪設快慢車道分隔線","有",39,"未使用",120.246524,22.80825,"高雄市","永安區"
"側撞","2020",12,29,17,"晴","日間自然光線",50,"其他","一般車道(未劃分快慢車道)","柏油","乾燥","良好","正常","無","未繪設快慢車道分隔線","有",24,"未使用",120.246524,22.80825,"高雄市","永安區"
"側撞","2020",12,30,9,"晴","日間自然光線",40,"四岔路","交叉路口內","柏油","乾燥","良好","正常","中央分向島","快慢車道分隔線","有",72,"未使用",120.482394,22.620731,"屏東縣","屏東市"
"側撞","2020",12,30,9,"晴","日間自然光線",40,"四岔路","交叉路口內","柏油","乾燥","良好","正常","中央分向島","快慢車道分隔線","有",37,"未使用",120.482394,22.620731,"屏東縣","屏東市"
"側撞","2020",12,30,11,"晴","日間自然光線",50,"四岔路","交叉路口內","柏油","乾燥","良好","正常","雙向禁止超車線","快慢車道分隔線","有",43,"未使用",120.251435,22.950207,"臺南市","仁德區"
"側撞","2020",12,30,11,"晴","日間自然光線",50,"四岔路","交叉路口內","柏油","乾燥","良好","正常","雙向禁止超車線","快慢車道分隔線","有",80,"未使用",120.251435,22.950207,"臺南市","仁德區"
"同向擦撞","2020",12,30,15,"晴","日間自然光線",50,"直路","路肩、路緣","柏油","乾燥","良好","無號誌","雙向禁止超車線","未繪設快慢車道分隔線","有",33,"不明",121.219938,24.880615,"桃園市","龍潭區"
"同向擦撞","2020",12,30,15,"晴","日間自然光線",50,"直路","路肩、路緣","柏油","乾燥","良好","無號誌","雙向禁止超車線","未繪設快慢車道分隔線","有",66,"不明",121.219938,24.880615,"桃園市","龍潭區"
"同向擦撞","2020",12,30,15,"晴","日間自然光線",50,"直路","路肩、路緣","柏油","乾燥","良好","無號誌","雙向禁止超車線","未繪設快慢車道分隔線","有",67,"不明",121.219938,24.880615,"桃園市","龍潭區"
"路上翻車、摔倒","2020",12,30,16,"陰","日間自然光線",40,"彎曲路及附近","一般車道(未劃分快慢車道)","柏油","乾燥","良好","無號誌","雙向禁止超車線","未繪設快慢車道分隔線","有",56,"未使用",121.616821,24.157942,"花蓮縣","秀林鄉"
"側撞","2020",12,30,18,"晴","夜間(或隧道、地下道、涵洞)有照明",50,"直路","快車道","柏油","乾燥","良好","無號誌","雙向禁止超車線","快慢車道分隔線","有",63,"不明",120.31614,23.324551,"臺南市","新營區"
"側撞","2020",12,30,18,"晴","夜間(或隧道、地下道、涵洞)有照明",50,"直路","快車道","柏油","乾燥","良好","無號誌","雙向禁止超車線","快慢車道分隔線","有",43,"未使用",120.31614,23.324551,"臺南市","新營區"
"同向擦撞","2020",12,31,7,"晴","晨或暮光",50,"四岔路","交叉路口內","柏油","乾燥","良好","正常","無","未繪設快慢車道分隔線","無",37,"未使用",121.287151,25.065184,"桃園市","蘆竹區"
"同向擦撞","2020",12,31,7,"晴","晨或暮光",50,"四岔路","交叉路口內","柏油","乾燥","良好","正常","無","未繪設快慢車道分隔線","無",39,"未使用",121.287151,25.065184,"桃園市","蘆竹區"
"同向擦撞","2020",12,31,7,"晴","晨或暮光",50,"四岔路","交叉路口內","柏油","乾燥","良好","正常","無","未繪設快慢車道分隔線","無",40,"未使用",121.287151,25.065184,"桃園市","蘆竹區"
"側撞","2020",12,31,9,"晴","日間自然光線",40,"四岔路","交叉路口內","柏油","乾燥","良好","正常","雙向禁止超車線","快慢車道分隔線","有",66,"未使用",120.497178,22.677432,"屏東縣","屏東市"
"側撞","2020",12,31,9,"晴","日間自然光線",40,"四岔路","交叉路口內","柏油","乾燥","良好","正常","雙向禁止超車線","快慢車道分隔線","有",58,"未使用",120.497178,22.677432,"屏東縣","屏東市"
"路口交岔撞","2020",12,31,11,"晴","日間自然光線",50,"四岔路","交叉路口內","柏油","乾燥","良好","正常","無","未繪設快慢車道分隔線","無",82,"未使用",120.275904,23.189586,"臺南市","麻豆區"
"路口交岔撞","2020",12,31,11,"晴","日間自然光線",50,"四岔路","交叉路口內","柏油","乾燥","良好","正常","無","未繪設快慢車道分隔線","無",31,"未使用",120.275904,23.189586,"臺南市","麻豆區"
"同向通行中","2020",12,31,17,"晴","夜間(或隧道、地下道、涵洞)有照明",50,"直路","一般車道(未劃分快慢車道)","柏油","乾燥","良好","無號誌","雙向禁止超車線","未繪設快慢車道分隔線","有",23,"未使用",121.105148,24.722403,"新竹縣","竹東鎮"
"同向通行中","2020",12,31,17,"晴","夜間(或隧道、地下道、涵洞)有照明",50,"直路","一般車道(未劃分快慢車道)","柏油","乾燥","良好","無號誌","雙向禁止超車線","未繪設快慢車道分隔線","有",72,"非駕駛人",121.105148,24.722403,"新竹縣","竹東鎮"